# v3a feasibility diagnostics c103C16 run
timestamp=2026-06-04T08:45:50
returncode=0
command=C:\Program Files\Python312\python.exe -m experiments.run_solver --instance instances\c103C16.txt --max-base-path-len 18 --k-max 1 --force-exact-k --use-callback
instance=instances\c103C16.txt

Set parameter WLSAccessID
Set parameter WLSSecret
Set parameter LicenseID to value 2767833
Academic license 2767833 - for non-commercial use only - registered to s4___@student.uq.edu.au
Set parameter LazyConstraints to value 1
Set parameter Threads to value 1
[V3A-FEAS] infeasible route detected
[V3A-FEAS] route_arc_ids=[0, 3595, 3632, 3542, 2395, 1845, 1694, 3602]
[V3A-FEAS] route_len=8 skeleton_len=18 fail_i=11
[V3A-FEAS] failed_skeleton_edge=C9->C16
[V3A-FEAS] covering_arc_pos=5 covering_arc_id=1845
[V3A-FEAS] current_full_route_cut_size=8
[V3A-FEAS] prefix_through_failure_size=6 prefix_arc_ids=[0, 3595, 3632, 3542, 2395, 1845]
[V3A-FEAS] front_prune_test start_pos=0 candidate_size=6 candidate_ok=False candidate_fail_i=11 candidate_skeleton_len=13 candidate_arc_ids=[0, 3595, 3632, 3542, 2395, 1845]
[V3A-FEAS] front_prune_test start_pos=1 candidate_size=5 candidate_ok=False candidate_fail_i=10 candidate_skeleton_len=12 candidate_arc_ids=[3595, 3632, 3542, 2395, 1845]
[V3A-FEAS] front_prune_test start_pos=2 candidate_size=4 candidate_ok=False candidate_fail_i=8 candidate_skeleton_len=10 candidate_arc_ids=[3632, 3542, 2395, 1845]
[V3A-FEAS] front_prune_test start_pos=3 candidate_size=3 candidate_ok=False candidate_fail_i=6 candidate_skeleton_len=8 candidate_arc_ids=[3542, 2395, 1845]
[V3A-FEAS] front_prune_test start_pos=4 candidate_size=2 candidate_ok=False candidate_fail_i=4 candidate_skeleton_len=6 candidate_arc_ids=[2395, 1845]
[V3A-FEAS] front_prune_test start_pos=5 candidate_size=1 candidate_ok=True candidate_fail_i=None candidate_skeleton_len=4 candidate_arc_ids=[1845]
[V3A-FEAS] smallest_observed_front_pruned_bad_size=2
[V3A-FEAS] smallest_observed_front_pruned_bad_arc_ids=[2395, 1845]
[V3A-FEAS] diagnostic only: active lazy cut remains unchanged in v3a
[V3A-FEAS] front_prune_tests_run=6
[V3A-FEAS] infeasible route detected
[V3A-FEAS] route_arc_ids=[0, 3595, 3632, 3543, 2395, 1845, 1694, 3602]
[V3A-FEAS] route_len=8 skeleton_len=18 fail_i=11
[V3A-FEAS] failed_skeleton_edge=C9->C16
[V3A-FEAS] covering_arc_pos=5 covering_arc_id=1845
[V3A-FEAS] current_full_route_cut_size=8
[V3A-FEAS] prefix_through_failure_size=6 prefix_arc_ids=[0, 3595, 3632, 3543, 2395, 1845]
[V3A-FEAS] front_prune_test start_pos=0 candidate_size=6 candidate_ok=False candidate_fail_i=11 candidate_skeleton_len=13 candidate_arc_ids=[0, 3595, 3632, 3543, 2395, 1845]
[V3A-FEAS] front_prune_test start_pos=1 candidate_size=5 candidate_ok=False candidate_fail_i=10 candidate_skeleton_len=12 candidate_arc_ids=[3595, 3632, 3543, 2395, 1845]
[V3A-FEAS] front_prune_test start_pos=2 candidate_size=4 candidate_ok=False candidate_fail_i=8 candidate_skeleton_len=10 candidate_arc_ids=[3632, 3543, 2395, 1845]
[V3A-FEAS] front_prune_test start_pos=3 candidate_size=3 candidate_ok=False candidate_fail_i=6 candidate_skeleton_len=8 candidate_arc_ids=[3543, 2395, 1845]
[V3A-FEAS] front_prune_test start_pos=4 candidate_size=2 candidate_ok=False candidate_fail_i=4 candidate_skeleton_len=6 candidate_arc_ids=[2395, 1845]
[V3A-FEAS] front_prune_test start_pos=5 candidate_size=1 candidate_ok=True candidate_fail_i=None candidate_skeleton_len=4 candidate_arc_ids=[1845]
[V3A-FEAS] smallest_observed_front_pruned_bad_size=2
[V3A-FEAS] smallest_observed_front_pruned_bad_arc_ids=[2395, 1845]
[V3A-FEAS] diagnostic only: active lazy cut remains unchanged in v3a
[V3A-FEAS] front_prune_tests_run=6
[V3A-FEAS] infeasible route detected
[V3A-FEAS] route_arc_ids=[0, 3595, 3632, 3542, 2395, 1844, 1694, 3602]
[V3A-FEAS] route_len=8 skeleton_len=18 fail_i=11
[V3A-FEAS] failed_skeleton_edge=C9->C16
[V3A-FEAS] covering_arc_pos=5 covering_arc_id=1844
[V3A-FEAS] current_full_route_cut_size=8
[V3A-FEAS] prefix_through_failure_size=6 prefix_arc_ids=[0, 3595, 3632, 3542, 2395, 1844]
[V3A-FEAS] front_prune_test start_pos=0 candidate_size=6 candidate_ok=False candidate_fail_i=11 candidate_skeleton_len=13 candidate_arc_ids=[0, 3595, 3632, 3542, 2395, 1844]
[V3A-FEAS] front_prune_test start_pos=1 candidate_size=5 candidate_ok=False candidate_fail_i=10 candidate_skeleton_len=12 candidate_arc_ids=[3595, 3632, 3542, 2395, 1844]
[V3A-FEAS] front_prune_test start_pos=2 candidate_size=4 candidate_ok=False candidate_fail_i=8 candidate_skeleton_len=10 candidate_arc_ids=[3632, 3542, 2395, 1844]
[V3A-FEAS] front_prune_test start_pos=3 candidate_size=3 candidate_ok=False candidate_fail_i=6 candidate_skeleton_len=8 candidate_arc_ids=[3542, 2395, 1844]
[V3A-FEAS] front_prune_test start_pos=4 candidate_size=2 candidate_ok=False candidate_fail_i=4 candidate_skeleton_len=6 candidate_arc_ids=[2395, 1844]
[V3A-FEAS] front_prune_test start_pos=5 candidate_size=1 candidate_ok=True candidate_fail_i=None candidate_skeleton_len=4 candidate_arc_ids=[1844]
[V3A-FEAS] smallest_observed_front_pruned_bad_size=2
[V3A-FEAS] smallest_observed_front_pruned_bad_arc_ids=[2395, 1844]
[V3A-FEAS] diagnostic only: active lazy cut remains unchanged in v3a
[V3A-FEAS] front_prune_tests_run=6
[V3A-FEAS] infeasible route detected
[V3A-FEAS] route_arc_ids=[6, 3542, 2393, 3627, 3597, 3365, 1694, 3604]
[V3A-FEAS] route_len=8 skeleton_len=18 fail_i=11
[V3A-FEAS] failed_skeleton_edge=C9->C16
[V3A-FEAS] covering_arc_pos=5 covering_arc_id=3365
[V3A-FEAS] current_full_route_cut_size=8
[V3A-FEAS] prefix_through_failure_size=6 prefix_arc_ids=[6, 3542, 2393, 3627, 3597, 3365]
[V3A-FEAS] front_prune_test start_pos=0 candidate_size=6 candidate_ok=False candidate_fail_i=11 candidate_skeleton_len=13 candidate_arc_ids=[6, 3542, 2393, 3627, 3597, 3365]
[V3A-FEAS] front_prune_test start_pos=1 candidate_size=5 candidate_ok=False candidate_fail_i=10 candidate_skeleton_len=12 candidate_arc_ids=[3542, 2393, 3627, 3597, 3365]
[V3A-FEAS] front_prune_test start_pos=2 candidate_size=4 candidate_ok=False candidate_fail_i=8 candidate_skeleton_len=10 candidate_arc_ids=[2393, 3627, 3597, 3365]
[V3A-FEAS] front_prune_test start_pos=3 candidate_size=3 candidate_ok=False candidate_fail_i=6 candidate_skeleton_len=8 candidate_arc_ids=[3627, 3597, 3365]
[V3A-FEAS] front_prune_test start_pos=4 candidate_size=2 candidate_ok=False candidate_fail_i=4 candidate_skeleton_len=6 candidate_arc_ids=[3597, 3365]
[V3A-FEAS] front_prune_test start_pos=5 candidate_size=1 candidate_ok=False candidate_fail_i=2 candidate_skeleton_len=4 candidate_arc_ids=[3365]
[V3A-FEAS] smallest_observed_front_pruned_bad_size=1
[V3A-FEAS] smallest_observed_front_pruned_bad_arc_ids=[3365]
[V3A-FEAS] diagnostic only: active lazy cut remains unchanged in v3a
[V3A-FEAS] front_prune_tests_run=6
[V3A-FEAS] infeasible route detected
[V3A-FEAS] route_arc_ids=[6, 3542, 2399, 3613, 1845, 1688, 3595, 3626]
[V3A-FEAS] route_len=8 skeleton_len=18 fail_i=9
[V3A-FEAS] failed_skeleton_edge=C9->C16
[V3A-FEAS] covering_arc_pos=4 covering_arc_id=1845
[V3A-FEAS] current_full_route_cut_size=8
[V3A-FEAS] prefix_through_failure_size=5 prefix_arc_ids=[6, 3542, 2399, 3613, 1845]
[V3A-FEAS] front_prune_test start_pos=0 candidate_size=5 candidate_ok=False candidate_fail_i=9 candidate_skeleton_len=11 candidate_arc_ids=[6, 3542, 2399, 3613, 1845]
[V3A-FEAS] front_prune_test start_pos=1 candidate_size=4 candidate_ok=False candidate_fail_i=8 candidate_skeleton_len=10 candidate_arc_ids=[3542, 2399, 3613, 1845]
[V3A-FEAS] front_prune_test start_pos=2 candidate_size=3 candidate_ok=False candidate_fail_i=6 candidate_skeleton_len=8 candidate_arc_ids=[2399, 3613, 1845]
[V3A-FEAS] front_prune_test start_pos=3 candidate_size=2 candidate_ok=False candidate_fail_i=4 candidate_skeleton_len=6 candidate_arc_ids=[3613, 1845]
[V3A-FEAS] front_prune_test start_pos=4 candidate_size=1 candidate_ok=True candidate_fail_i=None candidate_skeleton_len=4 candidate_arc_ids=[1845]
[V3A-FEAS] smallest_observed_front_pruned_bad_size=2
[V3A-FEAS] smallest_observed_front_pruned_bad_arc_ids=[3613, 1845]
[V3A-FEAS] diagnostic only: active lazy cut remains unchanged in v3a
[V3A-FEAS] front_prune_tests_run=5
[V3A-FEAS] infeasible route detected
[V3A-FEAS] route_arc_ids=[4, 3612, 1845, 2594, 3062, 3297, 3342, 2896]
[V3A-FEAS] route_len=8 skeleton_len=18 fail_i=5
[V3A-FEAS] failed_skeleton_edge=C9->C16
[V3A-FEAS] covering_arc_pos=2 covering_arc_id=1845
[V3A-FEAS] current_full_route_cut_size=8
[V3A-FEAS] prefix_through_failure_size=3 prefix_arc_ids=[4, 3612, 1845]
[V3A-FEAS] front_prune_test start_pos=0 candidate_size=3 candidate_ok=False candidate_fail_i=5 candidate_skeleton_len=7 candidate_arc_ids=[4, 3612, 1845]
[V3A-FEAS] front_prune_test start_pos=1 candidate_size=2 candidate_ok=False candidate_fail_i=4 candidate_skeleton_len=6 candidate_arc_ids=[3612, 1845]
[V3A-FEAS] front_prune_test start_pos=2 candidate_size=1 candidate_ok=True candidate_fail_i=None candidate_skeleton_len=4 candidate_arc_ids=[1845]
[V3A-FEAS] smallest_observed_front_pruned_bad_size=2
[V3A-FEAS] smallest_observed_front_pruned_bad_arc_ids=[3612, 1845]
[V3A-FEAS] diagnostic only: active lazy cut remains unchanged in v3a
[V3A-FEAS] front_prune_tests_run=3
[V3A-FEAS] infeasible route detected
[V3A-FEAS] route_arc_ids=[4, 3611, 1844, 2595, 2926, 3007, 3595, 3626]
[V3A-FEAS] route_len=8 skeleton_len=18 fail_i=5
[V3A-FEAS] failed_skeleton_edge=C9->C16
[V3A-FEAS] covering_arc_pos=2 covering_arc_id=1844
[V3A-FEAS] current_full_route_cut_size=8
[V3A-FEAS] prefix_through_failure_size=3 prefix_arc_ids=[4, 3611, 1844]
[V3A-FEAS] front_prune_test start_pos=0 candidate_size=3 candidate_ok=False candidate_fail_i=5 candidate_skeleton_len=7 candidate_arc_ids=[4, 3611, 1844]
[V3A-FEAS] front_prune_test start_pos=1 candidate_size=2 candidate_ok=False candidate_fail_i=4 candidate_skeleton_len=6 candidate_arc_ids=[3611, 1844]
[V3A-FEAS] front_prune_test start_pos=2 candidate_size=1 candidate_ok=True candidate_fail_i=None candidate_skeleton_len=4 candidate_arc_ids=[1844]
[V3A-FEAS] smallest_observed_front_pruned_bad_size=2
[V3A-FEAS] smallest_observed_front_pruned_bad_arc_ids=[3611, 1844]
[V3A-FEAS] diagnostic only: active lazy cut remains unchanged in v3a
[V3A-FEAS] front_prune_tests_run=3
[V3A-FEAS] infeasible route detected
[V3A-FEAS] route_arc_ids=[4, 3611, 1844, 2595, 2926, 3060, 3337, 3272]
[V3A-FEAS] route_len=8 skeleton_len=18 fail_i=5
[V3A-FEAS] failed_skeleton_edge=C9->C16
[V3A-FEAS] covering_arc_pos=2 covering_arc_id=1844
[V3A-FEAS] current_full_route_cut_size=8
[V3A-FEAS] prefix_through_failure_size=3 prefix_arc_ids=[4, 3611, 1844]
[V3A-FEAS] front_prune_test start_pos=0 candidate_size=3 candidate_ok=False candidate_fail_i=5 candidate_skeleton_len=7 candidate_arc_ids=[4, 3611, 1844]
[V3A-FEAS] front_prune_test start_pos=1 candidate_size=2 candidate_ok=False candidate_fail_i=4 candidate_skeleton_len=6 candidate_arc_ids=[3611, 1844]
[V3A-FEAS] front_prune_test start_pos=2 candidate_size=1 candidate_ok=True candidate_fail_i=None candidate_skeleton_len=4 candidate_arc_ids=[1844]
[V3A-FEAS] smallest_observed_front_pruned_bad_size=2
[V3A-FEAS] smallest_observed_front_pruned_bad_arc_ids=[3611, 1844]
[V3A-FEAS] diagnostic only: active lazy cut remains unchanged in v3a
[V3A-FEAS] front_prune_tests_run=3
[V3A-FEAS] infeasible route detected
[V3A-FEAS] route_arc_ids=[4, 3611, 1844, 2595, 2926, 3060, 3337, 3271]
[V3A-FEAS] route_len=8 skeleton_len=18 fail_i=5
[V3A-FEAS] failed_skeleton_edge=C9->C16
[V3A-FEAS] covering_arc_pos=2 covering_arc_id=1844
[V3A-FEAS] current_full_route_cut_size=8
[V3A-FEAS] prefix_through_failure_size=3 prefix_arc_ids=[4, 3611, 1844]
[V3A-FEAS] front_prune_test start_pos=0 candidate_size=3 candidate_ok=False candidate_fail_i=5 candidate_skeleton_len=7 candidate_arc_ids=[4, 3611, 1844]
[V3A-FEAS] front_prune_test start_pos=1 candidate_size=2 candidate_ok=False candidate_fail_i=4 candidate_skeleton_len=6 candidate_arc_ids=[3611, 1844]
[V3A-FEAS] front_prune_test start_pos=2 candidate_size=1 candidate_ok=True candidate_fail_i=None candidate_skeleton_len=4 candidate_arc_ids=[1844]
[V3A-FEAS] smallest_observed_front_pruned_bad_size=2
[V3A-FEAS] smallest_observed_front_pruned_bad_arc_ids=[3611, 1844]
[V3A-FEAS] diagnostic only: active lazy cut remains unchanged in v3a
[V3A-FEAS] front_prune_tests_run=3
[V3A-FEAS] infeasible route detected
[V3A-FEAS] route_arc_ids=[0, 3598, 3613, 1844, 1083, 2926, 3003]
[V3A-FEAS] route_len=7 skeleton_len=18 fail_i=7
[V3A-FEAS] failed_skeleton_edge=C9->C16
[V3A-FEAS] covering_arc_pos=3 covering_arc_id=1844
[V3A-FEAS] current_full_route_cut_size=7
[V3A-FEAS] prefix_through_failure_size=4 prefix_arc_ids=[0, 3598, 3613, 1844]
[V3A-FEAS] front_prune_test start_pos=0 candidate_size=4 candidate_ok=False candidate_fail_i=7 candidate_skeleton_len=9 candidate_arc_ids=[0, 3598, 3613, 1844]
[V3A-FEAS] front_prune_test start_pos=1 candidate_size=3 candidate_ok=False candidate_fail_i=6 candidate_skeleton_len=8 candidate_arc_ids=[3598, 3613, 1844]
[V3A-FEAS] front_prune_test start_pos=2 candidate_size=2 candidate_ok=False candidate_fail_i=4 candidate_skeleton_len=6 candidate_arc_ids=[3613, 1844]
[V3A-FEAS] front_prune_test start_pos=3 candidate_size=1 candidate_ok=True candidate_fail_i=None candidate_skeleton_len=4 candidate_arc_ids=[1844]
[V3A-FEAS] smallest_observed_front_pruned_bad_size=2
[V3A-FEAS] smallest_observed_front_pruned_bad_arc_ids=[3613, 1844]
[V3A-FEAS] diagnostic only: active lazy cut remains unchanged in v3a
[V3A-FEAS] front_prune_tests_run=4
[V3A-FEAS] infeasible route detected
[V3A-FEAS] route_arc_ids=[0, 3598, 3613, 1844, 1085, 2926, 3003]
[V3A-FEAS] route_len=7 skeleton_len=18 fail_i=7
[V3A-FEAS] failed_skeleton_edge=C9->C16
[V3A-FEAS] covering_arc_pos=3 covering_arc_id=1844
[V3A-FEAS] current_full_route_cut_size=7
[V3A-FEAS] prefix_through_failure_size=4 prefix_arc_ids=[0, 3598, 3613, 1844]
[V3A-FEAS] front_prune_test start_pos=0 candidate_size=4 candidate_ok=False candidate_fail_i=7 candidate_skeleton_len=9 candidate_arc_ids=[0, 3598, 3613, 1844]
[V3A-FEAS] front_prune_test start_pos=1 candidate_size=3 candidate_ok=False candidate_fail_i=6 candidate_skeleton_len=8 candidate_arc_ids=[3598, 3613, 1844]
[V3A-FEAS] front_prune_test start_pos=2 candidate_size=2 candidate_ok=False candidate_fail_i=4 candidate_skeleton_len=6 candidate_arc_ids=[3613, 1844]
[V3A-FEAS] front_prune_test start_pos=3 candidate_size=1 candidate_ok=True candidate_fail_i=None candidate_skeleton_len=4 candidate_arc_ids=[1844]
[V3A-FEAS] smallest_observed_front_pruned_bad_size=2
[V3A-FEAS] smallest_observed_front_pruned_bad_arc_ids=[3613, 1844]
[V3A-FEAS] diagnostic only: active lazy cut remains unchanged in v3a
[V3A-FEAS] front_prune_tests_run=4
[V3A-FEAS] infeasible route detected
[V3A-FEAS] route_arc_ids=[0, 3598, 3613, 1844, 1086, 2926, 3003]
[V3A-FEAS] route_len=7 skeleton_len=18 fail_i=7
[V3A-FEAS] failed_skeleton_edge=C9->C16
[V3A-FEAS] covering_arc_pos=3 covering_arc_id=1844
[V3A-FEAS] current_full_route_cut_size=7
[V3A-FEAS] prefix_through_failure_size=4 prefix_arc_ids=[0, 3598, 3613, 1844]
[V3A-FEAS] front_prune_test start_pos=0 candidate_size=4 candidate_ok=False candidate_fail_i=7 candidate_skeleton_len=9 candidate_arc_ids=[0, 3598, 3613, 1844]
[V3A-FEAS] front_prune_test start_pos=1 candidate_size=3 candidate_ok=False candidate_fail_i=6 candidate_skeleton_len=8 candidate_arc_ids=[3598, 3613, 1844]
[V3A-FEAS] front_prune_test start_pos=2 candidate_size=2 candidate_ok=False candidate_fail_i=4 candidate_skeleton_len=6 candidate_arc_ids=[3613, 1844]
[V3A-FEAS] front_prune_test start_pos=3 candidate_size=1 candidate_ok=True candidate_fail_i=None candidate_skeleton_len=4 candidate_arc_ids=[1844]
[V3A-FEAS] smallest_observed_front_pruned_bad_size=2
[V3A-FEAS] smallest_observed_front_pruned_bad_arc_ids=[3613, 1844]
[V3A-FEAS] diagnostic only: active lazy cut remains unchanged in v3a
[V3A-FEAS] front_prune_tests_run=4
[V3A-FEAS] infeasible route detected
[V3A-FEAS] route_arc_ids=[3, 3084, 3611, 3428, 3062, 3297, 3342, 2896]
[V3A-FEAS] route_len=8 skeleton_len=18 fail_i=5
[V3A-FEAS] failed_skeleton_edge=C7->C16
[V3A-FEAS] covering_arc_pos=3 covering_arc_id=3428
[V3A-FEAS] current_full_route_cut_size=8
[V3A-FEAS] prefix_through_failure_size=4 prefix_arc_ids=[3, 3084, 3611, 3428]
[V3A-FEAS] front_prune_test start_pos=0 candidate_size=4 candidate_ok=False candidate_fail_i=5 candidate_skeleton_len=9 candidate_arc_ids=[3, 3084, 3611, 3428]
[V3A-FEAS] front_prune_test start_pos=1 candidate_size=3 candidate_ok=False candidate_fail_i=4 candidate_skeleton_len=8 candidate_arc_ids=[3084, 3611, 3428]
[V3A-FEAS] front_prune_test start_pos=2 candidate_size=2 candidate_ok=False candidate_fail_i=2 candidate_skeleton_len=6 candidate_arc_ids=[3611, 3428]
[V3A-FEAS] front_prune_test start_pos=3 candidate_size=1 candidate_ok=True candidate_fail_i=None candidate_skeleton_len=4 candidate_arc_ids=[3428]
[V3A-FEAS] smallest_observed_front_pruned_bad_size=2
[V3A-FEAS] smallest_observed_front_pruned_bad_arc_ids=[3611, 3428]
[V3A-FEAS] diagnostic only: active lazy cut remains unchanged in v3a
[V3A-FEAS] front_prune_tests_run=4
[V3A-FEAS] infeasible route detected
[V3A-FEAS] route_arc_ids=[3, 3084, 3611, 3425, 3297, 3342, 2926, 3003]
[V3A-FEAS] route_len=8 skeleton_len=18 fail_i=5
[V3A-FEAS] failed_skeleton_edge=C7->C16
[V3A-FEAS] covering_arc_pos=3 covering_arc_id=3425
[V3A-FEAS] current_full_route_cut_size=8
[V3A-FEAS] prefix_through_failure_size=4 prefix_arc_ids=[3, 3084, 3611, 3425]
[V3A-FEAS] front_prune_test start_pos=0 candidate_size=4 candidate_ok=False candidate_fail_i=5 candidate_skeleton_len=9 candidate_arc_ids=[3, 3084, 3611, 3425]
[V3A-FEAS] front_prune_test start_pos=1 candidate_size=3 candidate_ok=False candidate_fail_i=4 candidate_skeleton_len=8 candidate_arc_ids=[3084, 3611, 3425]
[V3A-FEAS] front_prune_test start_pos=2 candidate_size=2 candidate_ok=False candidate_fail_i=2 candidate_skeleton_len=6 candidate_arc_ids=[3611, 3425]
[V3A-FEAS] front_prune_test start_pos=3 candidate_size=1 candidate_ok=True candidate_fail_i=None candidate_skeleton_len=4 candidate_arc_ids=[3425]
[V3A-FEAS] smallest_observed_front_pruned_bad_size=2
[V3A-FEAS] smallest_observed_front_pruned_bad_arc_ids=[3611, 3425]
[V3A-FEAS] diagnostic only: active lazy cut remains unchanged in v3a
[V3A-FEAS] front_prune_tests_run=4
[V3A-FEAS] infeasible route detected
[V3A-FEAS] route_arc_ids=[3, 3084, 3611, 3428, 3063, 3297, 3342, 2896]
[V3A-FEAS] route_len=8 skeleton_len=18 fail_i=5
[V3A-FEAS] failed_skeleton_edge=C7->C16
[V3A-FEAS] covering_arc_pos=3 covering_arc_id=3428
[V3A-FEAS] current_full_route_cut_size=8
[V3A-FEAS] prefix_through_failure_size=4 prefix_arc_ids=[3, 3084, 3611, 3428]
[V3A-FEAS] front_prune_test start_pos=0 candidate_size=4 candidate_ok=False candidate_fail_i=5 candidate_skeleton_len=9 candidate_arc_ids=[3, 3084, 3611, 3428]
[V3A-FEAS] front_prune_test start_pos=1 candidate_size=3 candidate_ok=False candidate_fail_i=4 candidate_skeleton_len=8 candidate_arc_ids=[3084, 3611, 3428]
[V3A-FEAS] front_prune_test start_pos=2 candidate_size=2 candidate_ok=False candidate_fail_i=2 candidate_skeleton_len=6 candidate_arc_ids=[3611, 3428]
[V3A-FEAS] front_prune_test start_pos=3 candidate_size=1 candidate_ok=True candidate_fail_i=None candidate_skeleton_len=4 candidate_arc_ids=[3428]
[V3A-FEAS] smallest_observed_front_pruned_bad_size=2
[V3A-FEAS] smallest_observed_front_pruned_bad_arc_ids=[3611, 3428]
[V3A-FEAS] diagnostic only: active lazy cut remains unchanged in v3a
[V3A-FEAS] front_prune_tests_run=4
[V3A-FEAS] infeasible route detected
[V3A-FEAS] route_arc_ids=[3, 3084, 3611, 3585, 2892, 3062, 3297, 2125]
[V3A-FEAS] route_len=8 skeleton_len=18 fail_i=6
[V3A-FEAS] failed_skeleton_edge=C9->C16
[V3A-FEAS] covering_arc_pos=3 covering_arc_id=3585
[V3A-FEAS] current_full_route_cut_size=8
[V3A-FEAS] prefix_through_failure_size=4 prefix_arc_ids=[3, 3084, 3611, 3585]
[V3A-FEAS] front_prune_test start_pos=0 candidate_size=4 candidate_ok=False candidate_fail_i=6 candidate_skeleton_len=8 candidate_arc_ids=[3, 3084, 3611, 3585]
[V3A-FEAS] front_prune_test start_pos=1 candidate_size=3 candidate_ok=False candidate_fail_i=5 candidate_skeleton_len=7 candidate_arc_ids=[3084, 3611, 3585]
[V3A-FEAS] front_prune_test start_pos=2 candidate_size=2 candidate_ok=False candidate_fail_i=3 candidate_skeleton_len=5 candidate_arc_ids=[3611, 3585]
[V3A-FEAS] front_prune_test start_pos=3 candidate_size=1 candidate_ok=True candidate_fail_i=None candidate_skeleton_len=3 candidate_arc_ids=[3585]
[V3A-FEAS] smallest_observed_front_pruned_bad_size=2
[V3A-FEAS] smallest_observed_front_pruned_bad_arc_ids=[3611, 3585]
[V3A-FEAS] diagnostic only: active lazy cut remains unchanged in v3a
[V3A-FEAS] front_prune_tests_run=4
[V3A-FEAS] infeasible route detected
[V3A-FEAS] route_arc_ids=[3, 3084, 3611, 3425, 3297, 3341, 3070, 2896]
[V3A-FEAS] route_len=8 skeleton_len=18 fail_i=5
[V3A-FEAS] failed_skeleton_edge=C7->C16
[V3A-FEAS] covering_arc_pos=3 covering_arc_id=3425
[V3A-FEAS] current_full_route_cut_size=8
[V3A-FEAS] prefix_through_failure_size=4 prefix_arc_ids=[3, 3084, 3611, 3425]
[V3A-FEAS] front_prune_test start_pos=0 candidate_size=4 candidate_ok=False candidate_fail_i=5 candidate_skeleton_len=9 candidate_arc_ids=[3, 3084, 3611, 3425]
[V3A-FEAS] front_prune_test start_pos=1 candidate_size=3 candidate_ok=False candidate_fail_i=4 candidate_skeleton_len=8 candidate_arc_ids=[3084, 3611, 3425]
[V3A-FEAS] front_prune_test start_pos=2 candidate_size=2 candidate_ok=False candidate_fail_i=2 candidate_skeleton_len=6 candidate_arc_ids=[3611, 3425]
[V3A-FEAS] front_prune_test start_pos=3 candidate_size=1 candidate_ok=True candidate_fail_i=None candidate_skeleton_len=4 candidate_arc_ids=[3425]
[V3A-FEAS] smallest_observed_front_pruned_bad_size=2
[V3A-FEAS] smallest_observed_front_pruned_bad_arc_ids=[3611, 3425]
[V3A-FEAS] diagnostic only: active lazy cut remains unchanged in v3a
[V3A-FEAS] front_prune_tests_run=4
[V3A-FEAS] infeasible route detected
[V3A-FEAS] route_arc_ids=[6, 3532, 3595, 3471, 3611, 3421, 2389]
[V3A-FEAS] route_len=7 skeleton_len=18 fail_i=11
[V3A-FEAS] failed_skeleton_edge=C7->C16
[V3A-FEAS] covering_arc_pos=5 covering_arc_id=3421
[V3A-FEAS] current_full_route_cut_size=7
[V3A-FEAS] prefix_through_failure_size=6 prefix_arc_ids=[6, 3532, 3595, 3471, 3611, 3421]
[V3A-FEAS] front_prune_test start_pos=0 candidate_size=6 candidate_ok=False candidate_fail_i=11 candidate_skeleton_len=16 candidate_arc_ids=[6, 3532, 3595, 3471, 3611, 3421]
[V3A-FEAS] front_prune_test start_pos=1 candidate_size=5 candidate_ok=False candidate_fail_i=10 candidate_skeleton_len=15 candidate_arc_ids=[3532, 3595, 3471, 3611, 3421]
[V3A-FEAS] front_prune_test start_pos=2 candidate_size=4 candidate_ok=False candidate_fail_i=8 candidate_skeleton_len=13 candidate_arc_ids=[3595, 3471, 3611, 3421]
[V3A-FEAS] front_prune_test start_pos=3 candidate_size=3 candidate_ok=False candidate_fail_i=6 candidate_skeleton_len=11 candidate_arc_ids=[3471, 3611, 3421]
[V3A-FEAS] front_prune_test start_pos=4 candidate_size=2 candidate_ok=False candidate_fail_i=2 candidate_skeleton_len=7 candidate_arc_ids=[3611, 3421]
[V3A-FEAS] front_prune_test start_pos=5 candidate_size=1 candidate_ok=True candidate_fail_i=None candidate_skeleton_len=5 candidate_arc_ids=[3421]
[V3A-FEAS] smallest_observed_front_pruned_bad_size=2
[V3A-FEAS] smallest_observed_front_pruned_bad_arc_ids=[3611, 3421]
[V3A-FEAS] diagnostic only: active lazy cut remains unchanged in v3a
[V3A-FEAS] front_prune_tests_run=6
[V3A-FEAS] infeasible route detected
[V3A-FEAS] route_arc_ids=[4, 3611, 1845, 2596, 2917, 3297, 2141, 2389]
[V3A-FEAS] route_len=8 skeleton_len=18 fail_i=5
[V3A-FEAS] failed_skeleton_edge=C9->C16
[V3A-FEAS] covering_arc_pos=2 covering_arc_id=1845
[V3A-FEAS] current_full_route_cut_size=8
[V3A-FEAS] prefix_through_failure_size=3 prefix_arc_ids=[4, 3611, 1845]
[V3A-FEAS] front_prune_test start_pos=0 candidate_size=3 candidate_ok=False candidate_fail_i=5 candidate_skeleton_len=7 candidate_arc_ids=[4, 3611, 1845]
[V3A-FEAS] front_prune_test start_pos=1 candidate_size=2 candidate_ok=False candidate_fail_i=4 candidate_skeleton_len=6 candidate_arc_ids=[3611, 1845]
[V3A-FEAS] front_prune_test start_pos=2 candidate_size=1 candidate_ok=True candidate_fail_i=None candidate_skeleton_len=4 candidate_arc_ids=[1845]
[V3A-FEAS] smallest_observed_front_pruned_bad_size=2
[V3A-FEAS] smallest_observed_front_pruned_bad_arc_ids=[3611, 1845]
[V3A-FEAS] diagnostic only: active lazy cut remains unchanged in v3a
[V3A-FEAS] front_prune_tests_run=3
[V3A-FEAS] infeasible route detected
[V3A-FEAS] route_arc_ids=[4, 3611, 1845, 2596, 2918, 3297, 2141, 2389]
[V3A-FEAS] route_len=8 skeleton_len=18 fail_i=5
[V3A-FEAS] failed_skeleton_edge=C9->C16
[V3A-FEAS] covering_arc_pos=2 covering_arc_id=1845
[V3A-FEAS] current_full_route_cut_size=8
[V3A-FEAS] prefix_through_failure_size=3 prefix_arc_ids=[4, 3611, 1845]
[V3A-FEAS] front_prune_test start_pos=0 candidate_size=3 candidate_ok=False candidate_fail_i=5 candidate_skeleton_len=7 candidate_arc_ids=[4, 3611, 1845]
[V3A-FEAS] front_prune_test start_pos=1 candidate_size=2 candidate_ok=False candidate_fail_i=4 candidate_skeleton_len=6 candidate_arc_ids=[3611, 1845]
[V3A-FEAS] front_prune_test start_pos=2 candidate_size=1 candidate_ok=True candidate_fail_i=None candidate_skeleton_len=4 candidate_arc_ids=[1845]
[V3A-FEAS] smallest_observed_front_pruned_bad_size=2
[V3A-FEAS] smallest_observed_front_pruned_bad_arc_ids=[3611, 1845]
[V3A-FEAS] diagnostic only: active lazy cut remains unchanged in v3a
[V3A-FEAS] front_prune_tests_run=3
[V3A-FEAS] infeasible route detected
[V3A-FEAS] route_arc_ids=[0, 3595, 3630, 3611, 1837, 1722, 3542, 2389]
[V3A-FEAS] route_len=8 skeleton_len=18 fail_i=10
[V3A-FEAS] failed_skeleton_edge=C12->C16
[V3A-FEAS] covering_arc_pos=4 covering_arc_id=1837
[V3A-FEAS] current_full_route_cut_size=8
[V3A-FEAS] prefix_through_failure_size=5 prefix_arc_ids=[0, 3595, 3630, 3611, 1837]
[V3A-FEAS] front_prune_test start_pos=0 candidate_size=5 candidate_ok=False candidate_fail_i=10 candidate_skeleton_len=12 candidate_arc_ids=[0, 3595, 3630, 3611, 1837]
[V3A-FEAS] front_prune_test start_pos=1 candidate_size=4 candidate_ok=False candidate_fail_i=9 candidate_skeleton_len=11 candidate_arc_ids=[3595, 3630, 3611, 1837]
[V3A-FEAS] front_prune_test start_pos=2 candidate_size=3 candidate_ok=False candidate_fail_i=7 candidate_skeleton_len=9 candidate_arc_ids=[3630, 3611, 1837]
[V3A-FEAS] front_prune_test start_pos=3 candidate_size=2 candidate_ok=False candidate_fail_i=5 candidate_skeleton_len=7 candidate_arc_ids=[3611, 1837]
[V3A-FEAS] front_prune_test start_pos=4 candidate_size=1 candidate_ok=True candidate_fail_i=None candidate_skeleton_len=5 candidate_arc_ids=[1837]
[V3A-FEAS] smallest_observed_front_pruned_bad_size=2
[V3A-FEAS] smallest_observed_front_pruned_bad_arc_ids=[3611, 1837]
[V3A-FEAS] diagnostic only: active lazy cut remains unchanged in v3a
[V3A-FEAS] front_prune_tests_run=5
[V3A-FEAS] infeasible route detected
[V3A-FEAS] route_arc_ids=[0, 3595, 3632, 3542, 3561, 1694, 3611, 3571]
[V3A-FEAS] route_len=8 skeleton_len=18 fail_i=9
[V3A-FEAS] failed_skeleton_edge=C5->C16
[V3A-FEAS] covering_arc_pos=4 covering_arc_id=3561
[V3A-FEAS] current_full_route_cut_size=8
[V3A-FEAS] prefix_through_failure_size=5 prefix_arc_ids=[0, 3595, 3632, 3542, 3561]
[V3A-FEAS] front_prune_test start_pos=0 candidate_size=5 candidate_ok=False candidate_fail_i=9 candidate_skeleton_len=11 candidate_arc_ids=[0, 3595, 3632, 3542, 3561]
[V3A-FEAS] front_prune_test start_pos=1 candidate_size=4 candidate_ok=False candidate_fail_i=8 candidate_skeleton_len=10 candidate_arc_ids=[3595, 3632, 3542, 3561]
[V3A-FEAS] front_prune_test start_pos=2 candidate_size=3 candidate_ok=True candidate_fail_i=None candidate_skeleton_len=8 candidate_arc_ids=[3632, 3542, 3561]
[V3A-FEAS] front_prune_test start_pos=3 candidate_size=2 candidate_ok=True candidate_fail_i=None candidate_skeleton_len=6 candidate_arc_ids=[3542, 3561]
[V3A-FEAS] front_prune_test start_pos=4 candidate_size=1 candidate_ok=True candidate_fail_i=None candidate_skeleton_len=4 candidate_arc_ids=[3561]
[V3A-FEAS] smallest_observed_front_pruned_bad_size=4
[V3A-FEAS] smallest_observed_front_pruned_bad_arc_ids=[3595, 3632, 3542, 3561]
[V3A-FEAS] diagnostic only: active lazy cut remains unchanged in v3a
[V3A-FEAS] front_prune_tests_run=5
[V3A-FEAS] infeasible route detected
[V3A-FEAS] route_arc_ids=[0, 3595, 3632, 3542, 2395, 1844, 2592, 1995]
[V3A-FEAS] route_len=8 skeleton_len=18 fail_i=11
[V3A-FEAS] failed_skeleton_edge=C9->C16
[V3A-FEAS] covering_arc_pos=5 covering_arc_id=1844
[V3A-FEAS] current_full_route_cut_size=8
[V3A-FEAS] prefix_through_failure_size=6 prefix_arc_ids=[0, 3595, 3632, 3542, 2395, 1844]
[V3A-FEAS] front_prune_test start_pos=0 candidate_size=6 candidate_ok=False candidate_fail_i=11 candidate_skeleton_len=13 candidate_arc_ids=[0, 3595, 3632, 3542, 2395, 1844]
[V3A-FEAS] front_prune_test start_pos=1 candidate_size=5 candidate_ok=False candidate_fail_i=10 candidate_skeleton_len=12 candidate_arc_ids=[3595, 3632, 3542, 2395, 1844]
[V3A-FEAS] front_prune_test start_pos=2 candidate_size=4 candidate_ok=False candidate_fail_i=8 candidate_skeleton_len=10 candidate_arc_ids=[3632, 3542, 2395, 1844]
[V3A-FEAS] front_prune_test start_pos=3 candidate_size=3 candidate_ok=False candidate_fail_i=6 candidate_skeleton_len=8 candidate_arc_ids=[3542, 2395, 1844]
[V3A-FEAS] front_prune_test start_pos=4 candidate_size=2 candidate_ok=False candidate_fail_i=4 candidate_skeleton_len=6 candidate_arc_ids=[2395, 1844]
[V3A-FEAS] front_prune_test start_pos=5 candidate_size=1 candidate_ok=True candidate_fail_i=None candidate_skeleton_len=4 candidate_arc_ids=[1844]
[V3A-FEAS] smallest_observed_front_pruned_bad_size=2
[V3A-FEAS] smallest_observed_front_pruned_bad_arc_ids=[2395, 1844]
[V3A-FEAS] diagnostic only: active lazy cut remains unchanged in v3a
[V3A-FEAS] front_prune_tests_run=6
[V3A-FEAS] infeasible route detected
[V3A-FEAS] route_arc_ids=[4, 3613, 1844, 2594, 3062, 3297, 3342, 2896]
[V3A-FEAS] route_len=8 skeleton_len=18 fail_i=5
[V3A-FEAS] failed_skeleton_edge=C9->C16
[V3A-FEAS] covering_arc_pos=2 covering_arc_id=1844
[V3A-FEAS] current_full_route_cut_size=8
[V3A-FEAS] prefix_through_failure_size=3 prefix_arc_ids=[4, 3613, 1844]
[V3A-FEAS] front_prune_test start_pos=0 candidate_size=3 candidate_ok=False candidate_fail_i=5 candidate_skeleton_len=7 candidate_arc_ids=[4, 3613, 1844]
[V3A-FEAS] front_prune_test start_pos=1 candidate_size=2 candidate_ok=False candidate_fail_i=4 candidate_skeleton_len=6 candidate_arc_ids=[3613, 1844]
[V3A-FEAS] front_prune_test start_pos=2 candidate_size=1 candidate_ok=True candidate_fail_i=None candidate_skeleton_len=4 candidate_arc_ids=[1844]
[V3A-FEAS] smallest_observed_front_pruned_bad_size=2
[V3A-FEAS] smallest_observed_front_pruned_bad_arc_ids=[3613, 1844]
[V3A-FEAS] diagnostic only: active lazy cut remains unchanged in v3a
[V3A-FEAS] front_prune_tests_run=3
[V3A-FEAS] infeasible route detected
[V3A-FEAS] route_arc_ids=[6, 3536, 1844, 2594, 3063, 3297, 2137, 3603]
[V3A-FEAS] route_len=8 skeleton_len=18 fail_i=5
[V3A-FEAS] failed_skeleton_edge=C9->C16
[V3A-FEAS] covering_arc_pos=2 covering_arc_id=1844
[V3A-FEAS] current_full_route_cut_size=8
[V3A-FEAS] prefix_through_failure_size=3 prefix_arc_ids=[6, 3536, 1844]
[V3A-FEAS] front_prune_test start_pos=0 candidate_size=3 candidate_ok=False candidate_fail_i=5 candidate_skeleton_len=7 candidate_arc_ids=[6, 3536, 1844]
[V3A-FEAS] front_prune_test start_pos=1 candidate_size=2 candidate_ok=False candidate_fail_i=4 candidate_skeleton_len=6 candidate_arc_ids=[3536, 1844]
[V3A-FEAS] front_prune_test start_pos=2 candidate_size=1 candidate_ok=True candidate_fail_i=None candidate_skeleton_len=4 candidate_arc_ids=[1844]
[V3A-FEAS] smallest_observed_front_pruned_bad_size=2
[V3A-FEAS] smallest_observed_front_pruned_bad_arc_ids=[3536, 1844]
[V3A-FEAS] diagnostic only: active lazy cut remains unchanged in v3a
[V3A-FEAS] front_prune_tests_run=3
[V3A-FEAS] infeasible route detected
[V3A-FEAS] route_arc_ids=[0, 3595, 3632, 3542, 2395, 1845, 2591, 1995]
[V3A-FEAS] route_len=8 skeleton_len=18 fail_i=11
[V3A-FEAS] failed_skeleton_edge=C9->C16
[V3A-FEAS] covering_arc_pos=5 covering_arc_id=1845
[V3A-FEAS] current_full_route_cut_size=8
[V3A-FEAS] prefix_through_failure_size=6 prefix_arc_ids=[0, 3595, 3632, 3542, 2395, 1845]
[V3A-FEAS] front_prune_test start_pos=0 candidate_size=6 candidate_ok=False candidate_fail_i=11 candidate_skeleton_len=13 candidate_arc_ids=[0, 3595, 3632, 3542, 2395, 1845]
[V3A-FEAS] front_prune_test start_pos=1 candidate_size=5 candidate_ok=False candidate_fail_i=10 candidate_skeleton_len=12 candidate_arc_ids=[3595, 3632, 3542, 2395, 1845]
[V3A-FEAS] front_prune_test start_pos=2 candidate_size=4 candidate_ok=False candidate_fail_i=8 candidate_skeleton_len=10 candidate_arc_ids=[3632, 3542, 2395, 1845]
[V3A-FEAS] front_prune_test start_pos=3 candidate_size=3 candidate_ok=False candidate_fail_i=6 candidate_skeleton_len=8 candidate_arc_ids=[3542, 2395, 1845]
[V3A-FEAS] front_prune_test start_pos=4 candidate_size=2 candidate_ok=False candidate_fail_i=4 candidate_skeleton_len=6 candidate_arc_ids=[2395, 1845]
[V3A-FEAS] front_prune_test start_pos=5 candidate_size=1 candidate_ok=True candidate_fail_i=None candidate_skeleton_len=4 candidate_arc_ids=[1845]
[V3A-FEAS] smallest_observed_front_pruned_bad_size=2
[V3A-FEAS] smallest_observed_front_pruned_bad_arc_ids=[2395, 1845]
[V3A-FEAS] diagnostic only: active lazy cut remains unchanged in v3a
[V3A-FEAS] front_prune_tests_run=6
[V3A-FEAS] infeasible route detected
[V3A-FEAS] route_arc_ids=[6, 3542, 2391, 3595, 3630, 3612, 1845, 1686]
[V3A-FEAS] route_len=8 skeleton_len=18 fail_i=13
[V3A-FEAS] failed_skeleton_edge=C9->C16
[V3A-FEAS] covering_arc_pos=6 covering_arc_id=1845
[V3A-FEAS] current_full_route_cut_size=8
[V3A-FEAS] prefix_through_failure_size=7 prefix_arc_ids=[6, 3542, 2391, 3595, 3630, 3612, 1845]
[V3A-FEAS] front_prune_test start_pos=0 candidate_size=7 candidate_ok=False candidate_fail_i=13 candidate_skeleton_len=15 candidate_arc_ids=[6, 3542, 2391, 3595, 3630, 3612, 1845]
[V3A-FEAS] front_prune_test start_pos=1 candidate_size=6 candidate_ok=False candidate_fail_i=12 candidate_skeleton_len=14 candidate_arc_ids=[3542, 2391, 3595, 3630, 3612, 1845]
[V3A-FEAS] front_prune_test start_pos=2 candidate_size=5 candidate_ok=False candidate_fail_i=10 candidate_skeleton_len=12 candidate_arc_ids=[2391, 3595, 3630, 3612, 1845]
[V3A-FEAS] front_prune_test start_pos=3 candidate_size=4 candidate_ok=False candidate_fail_i=8 candidate_skeleton_len=10 candidate_arc_ids=[3595, 3630, 3612, 1845]
[V3A-FEAS] front_prune_test start_pos=4 candidate_size=3 candidate_ok=False candidate_fail_i=6 candidate_skeleton_len=8 candidate_arc_ids=[3630, 3612, 1845]
[V3A-FEAS] front_prune_test start_pos=5 candidate_size=2 candidate_ok=False candidate_fail_i=4 candidate_skeleton_len=6 candidate_arc_ids=[3612, 1845]
[V3A-FEAS] front_prune_test start_pos=6 candidate_size=1 candidate_ok=True candidate_fail_i=None candidate_skeleton_len=4 candidate_arc_ids=[1845]
[V3A-FEAS] smallest_observed_front_pruned_bad_size=2
[V3A-FEAS] smallest_observed_front_pruned_bad_arc_ids=[3612, 1845]
[V3A-FEAS] diagnostic only: active lazy cut remains unchanged in v3a
[V3A-FEAS] front_prune_tests_run=7
[V3A-FEAS] infeasible route detected
[V3A-FEAS] route_arc_ids=[4, 3611, 1845, 1698, 3542, 2391, 3595, 3626]
[V3A-FEAS] route_len=8 skeleton_len=18 fail_i=5
[V3A-FEAS] failed_skeleton_edge=C9->C16
[V3A-FEAS] covering_arc_pos=2 covering_arc_id=1845
[V3A-FEAS] current_full_route_cut_size=8
[V3A-FEAS] prefix_through_failure_size=3 prefix_arc_ids=[4, 3611, 1845]
[V3A-FEAS] front_prune_test start_pos=0 candidate_size=3 candidate_ok=False candidate_fail_i=5 candidate_skeleton_len=7 candidate_arc_ids=[4, 3611, 1845]
[V3A-FEAS] front_prune_test start_pos=1 candidate_size=2 candidate_ok=False candidate_fail_i=4 candidate_skeleton_len=6 candidate_arc_ids=[3611, 1845]
[V3A-FEAS] front_prune_test start_pos=2 candidate_size=1 candidate_ok=True candidate_fail_i=None candidate_skeleton_len=4 candidate_arc_ids=[1845]
[V3A-FEAS] smallest_observed_front_pruned_bad_size=2
[V3A-FEAS] smallest_observed_front_pruned_bad_arc_ids=[3611, 1845]
[V3A-FEAS] diagnostic only: active lazy cut remains unchanged in v3a
[V3A-FEAS] front_prune_tests_run=3
[V3A-FEAS] infeasible route detected
[V3A-FEAS] route_arc_ids=[4, 3612, 1845, 1696, 2391, 3595, 3632, 3530]
[V3A-FEAS] route_len=8 skeleton_len=18 fail_i=5
[V3A-FEAS] failed_skeleton_edge=C9->C16
[V3A-FEAS] covering_arc_pos=2 covering_arc_id=1845
[V3A-FEAS] current_full_route_cut_size=8
[V3A-FEAS] prefix_through_failure_size=3 prefix_arc_ids=[4, 3612, 1845]
[V3A-FEAS] front_prune_test start_pos=0 candidate_size=3 candidate_ok=False candidate_fail_i=5 candidate_skeleton_len=7 candidate_arc_ids=[4, 3612, 1845]
[V3A-FEAS] front_prune_test start_pos=1 candidate_size=2 candidate_ok=False candidate_fail_i=4 candidate_skeleton_len=6 candidate_arc_ids=[3612, 1845]
[V3A-FEAS] front_prune_test start_pos=2 candidate_size=1 candidate_ok=True candidate_fail_i=None candidate_skeleton_len=4 candidate_arc_ids=[1845]
[V3A-FEAS] smallest_observed_front_pruned_bad_size=2
[V3A-FEAS] smallest_observed_front_pruned_bad_arc_ids=[3612, 1845]
[V3A-FEAS] diagnostic only: active lazy cut remains unchanged in v3a
[V3A-FEAS] front_prune_tests_run=3
[V3A-FEAS] infeasible route detected
[V3A-FEAS] route_arc_ids=[4, 3612, 1845, 1697, 3543, 2391, 3595, 3626]
[V3A-FEAS] route_len=8 skeleton_len=18 fail_i=5
[V3A-FEAS] failed_skeleton_edge=C9->C16
[V3A-FEAS] covering_arc_pos=2 covering_arc_id=1845
[V3A-FEAS] current_full_route_cut_size=8
[V3A-FEAS] prefix_through_failure_size=3 prefix_arc_ids=[4, 3612, 1845]
[V3A-FEAS] front_prune_test start_pos=0 candidate_size=3 candidate_ok=False candidate_fail_i=5 candidate_skeleton_len=7 candidate_arc_ids=[4, 3612, 1845]
[V3A-FEAS] front_prune_test start_pos=1 candidate_size=2 candidate_ok=False candidate_fail_i=4 candidate_skeleton_len=6 candidate_arc_ids=[3612, 1845]
[V3A-FEAS] front_prune_test start_pos=2 candidate_size=1 candidate_ok=True candidate_fail_i=None candidate_skeleton_len=4 candidate_arc_ids=[1845]
[V3A-FEAS] smallest_observed_front_pruned_bad_size=2
[V3A-FEAS] smallest_observed_front_pruned_bad_arc_ids=[3612, 1845]
[V3A-FEAS] diagnostic only: active lazy cut remains unchanged in v3a
[V3A-FEAS] front_prune_tests_run=3
[V3A-FEAS] infeasible route detected
[V3A-FEAS] route_arc_ids=[4, 3612, 1845, 1696, 2402, 3532, 3595, 3626]
[V3A-FEAS] route_len=8 skeleton_len=18 fail_i=5
[V3A-FEAS] failed_skeleton_edge=C9->C16
[V3A-FEAS] covering_arc_pos=2 covering_arc_id=1845
[V3A-FEAS] current_full_route_cut_size=8
[V3A-FEAS] prefix_through_failure_size=3 prefix_arc_ids=[4, 3612, 1845]
[V3A-FEAS] front_prune_test start_pos=0 candidate_size=3 candidate_ok=False candidate_fail_i=5 candidate_skeleton_len=7 candidate_arc_ids=[4, 3612, 1845]
[V3A-FEAS] front_prune_test start_pos=1 candidate_size=2 candidate_ok=False candidate_fail_i=4 candidate_skeleton_len=6 candidate_arc_ids=[3612, 1845]
[V3A-FEAS] front_prune_test start_pos=2 candidate_size=1 candidate_ok=True candidate_fail_i=None candidate_skeleton_len=4 candidate_arc_ids=[1845]
[V3A-FEAS] smallest_observed_front_pruned_bad_size=2
[V3A-FEAS] smallest_observed_front_pruned_bad_arc_ids=[3612, 1845]
[V3A-FEAS] diagnostic only: active lazy cut remains unchanged in v3a
[V3A-FEAS] front_prune_tests_run=3
[V3A-FEAS] infeasible route detected
[V3A-FEAS] route_arc_ids=[6, 3542, 2395, 1845, 1694, 3606, 3595, 3626]
[V3A-FEAS] route_len=8 skeleton_len=18 fail_i=7
[V3A-FEAS] failed_skeleton_edge=C9->C16
[V3A-FEAS] covering_arc_pos=3 covering_arc_id=1845
[V3A-FEAS] current_full_route_cut_size=8
[V3A-FEAS] prefix_through_failure_size=4 prefix_arc_ids=[6, 3542, 2395, 1845]
[V3A-FEAS] front_prune_test start_pos=0 candidate_size=4 candidate_ok=False candidate_fail_i=7 candidate_skeleton_len=9 candidate_arc_ids=[6, 3542, 2395, 1845]
[V3A-FEAS] front_prune_test start_pos=1 candidate_size=3 candidate_ok=False candidate_fail_i=6 candidate_skeleton_len=8 candidate_arc_ids=[3542, 2395, 1845]
[V3A-FEAS] front_prune_test start_pos=2 candidate_size=2 candidate_ok=False candidate_fail_i=4 candidate_skeleton_len=6 candidate_arc_ids=[2395, 1845]
[V3A-FEAS] front_prune_test start_pos=3 candidate_size=1 candidate_ok=True candidate_fail_i=None candidate_skeleton_len=4 candidate_arc_ids=[1845]
[V3A-FEAS] smallest_observed_front_pruned_bad_size=2
[V3A-FEAS] smallest_observed_front_pruned_bad_arc_ids=[2395, 1845]
[V3A-FEAS] diagnostic only: active lazy cut remains unchanged in v3a
[V3A-FEAS] front_prune_tests_run=4
[V3A-FEAS] infeasible route detected
[V3A-FEAS] route_arc_ids=[6, 3542, 2395, 1845, 1694, 3605, 3595, 3626]
[V3A-FEAS] route_len=8 skeleton_len=18 fail_i=7
[V3A-FEAS] failed_skeleton_edge=C9->C16
[V3A-FEAS] covering_arc_pos=3 covering_arc_id=1845
[V3A-FEAS] current_full_route_cut_size=8
[V3A-FEAS] prefix_through_failure_size=4 prefix_arc_ids=[6, 3542, 2395, 1845]
[V3A-FEAS] front_prune_test start_pos=0 candidate_size=4 candidate_ok=False candidate_fail_i=7 candidate_skeleton_len=9 candidate_arc_ids=[6, 3542, 2395, 1845]
[V3A-FEAS] front_prune_test start_pos=1 candidate_size=3 candidate_ok=False candidate_fail_i=6 candidate_skeleton_len=8 candidate_arc_ids=[3542, 2395, 1845]
[V3A-FEAS] front_prune_test start_pos=2 candidate_size=2 candidate_ok=False candidate_fail_i=4 candidate_skeleton_len=6 candidate_arc_ids=[2395, 1845]
[V3A-FEAS] front_prune_test start_pos=3 candidate_size=1 candidate_ok=True candidate_fail_i=None candidate_skeleton_len=4 candidate_arc_ids=[1845]
[V3A-FEAS] smallest_observed_front_pruned_bad_size=2
[V3A-FEAS] smallest_observed_front_pruned_bad_arc_ids=[2395, 1845]
[V3A-FEAS] diagnostic only: active lazy cut remains unchanged in v3a
[V3A-FEAS] front_prune_tests_run=4
[V3A-FEAS] infeasible route detected
[V3A-FEAS] route_arc_ids=[0, 3595, 3632, 3542, 2395, 1845, 1694, 3604]
[V3A-FEAS] route_len=8 skeleton_len=18 fail_i=11
[V3A-FEAS] failed_skeleton_edge=C9->C16
[V3A-FEAS] covering_arc_pos=5 covering_arc_id=1845
[V3A-FEAS] current_full_route_cut_size=8
[V3A-FEAS] prefix_through_failure_size=6 prefix_arc_ids=[0, 3595, 3632, 3542, 2395, 1845]
[V3A-FEAS] front_prune_test start_pos=0 candidate_size=6 candidate_ok=False candidate_fail_i=11 candidate_skeleton_len=13 candidate_arc_ids=[0, 3595, 3632, 3542, 2395, 1845]
[V3A-FEAS] front_prune_test start_pos=1 candidate_size=5 candidate_ok=False candidate_fail_i=10 candidate_skeleton_len=12 candidate_arc_ids=[3595, 3632, 3542, 2395, 1845]
[V3A-FEAS] front_prune_test start_pos=2 candidate_size=4 candidate_ok=False candidate_fail_i=8 candidate_skeleton_len=10 candidate_arc_ids=[3632, 3542, 2395, 1845]
[V3A-FEAS] front_prune_test start_pos=3 candidate_size=3 candidate_ok=False candidate_fail_i=6 candidate_skeleton_len=8 candidate_arc_ids=[3542, 2395, 1845]
[V3A-FEAS] front_prune_test start_pos=4 candidate_size=2 candidate_ok=False candidate_fail_i=4 candidate_skeleton_len=6 candidate_arc_ids=[2395, 1845]
[V3A-FEAS] front_prune_test start_pos=5 candidate_size=1 candidate_ok=True candidate_fail_i=None candidate_skeleton_len=4 candidate_arc_ids=[1845]
[V3A-FEAS] smallest_observed_front_pruned_bad_size=2
[V3A-FEAS] smallest_observed_front_pruned_bad_arc_ids=[2395, 1845]
[V3A-FEAS] diagnostic only: active lazy cut remains unchanged in v3a
[V3A-FEAS] front_prune_tests_run=6
[V3A-FEAS] infeasible route detected
[V3A-FEAS] route_arc_ids=[4, 3612, 1844, 1698, 3542, 2391, 3595, 3626]
[V3A-FEAS] route_len=8 skeleton_len=18 fail_i=5
[V3A-FEAS] failed_skeleton_edge=C9->C16
[V3A-FEAS] covering_arc_pos=2 covering_arc_id=1844
[V3A-FEAS] current_full_route_cut_size=8
[V3A-FEAS] prefix_through_failure_size=3 prefix_arc_ids=[4, 3612, 1844]
[V3A-FEAS] front_prune_test start_pos=0 candidate_size=3 candidate_ok=False candidate_fail_i=5 candidate_skeleton_len=7 candidate_arc_ids=[4, 3612, 1844]
[V3A-FEAS] front_prune_test start_pos=1 candidate_size=2 candidate_ok=False candidate_fail_i=4 candidate_skeleton_len=6 candidate_arc_ids=[3612, 1844]
[V3A-FEAS] front_prune_test start_pos=2 candidate_size=1 candidate_ok=True candidate_fail_i=None candidate_skeleton_len=4 candidate_arc_ids=[1844]
[V3A-FEAS] smallest_observed_front_pruned_bad_size=2
[V3A-FEAS] smallest_observed_front_pruned_bad_arc_ids=[3612, 1844]
[V3A-FEAS] diagnostic only: active lazy cut remains unchanged in v3a
[V3A-FEAS] front_prune_tests_run=3
[V3A-FEAS] infeasible route detected
[V3A-FEAS] route_arc_ids=[4, 3612, 1844, 1688, 3595, 3632, 3542, 2389]
[V3A-FEAS] route_len=8 skeleton_len=18 fail_i=5
[V3A-FEAS] failed_skeleton_edge=C9->C16
[V3A-FEAS] covering_arc_pos=2 covering_arc_id=1844
[V3A-FEAS] current_full_route_cut_size=8
[V3A-FEAS] prefix_through_failure_size=3 prefix_arc_ids=[4, 3612, 1844]
[V3A-FEAS] front_prune_test start_pos=0 candidate_size=3 candidate_ok=False candidate_fail_i=5 candidate_skeleton_len=7 candidate_arc_ids=[4, 3612, 1844]
[V3A-FEAS] front_prune_test start_pos=1 candidate_size=2 candidate_ok=False candidate_fail_i=4 candidate_skeleton_len=6 candidate_arc_ids=[3612, 1844]
[V3A-FEAS] front_prune_test start_pos=2 candidate_size=1 candidate_ok=True candidate_fail_i=None candidate_skeleton_len=4 candidate_arc_ids=[1844]
[V3A-FEAS] smallest_observed_front_pruned_bad_size=2
[V3A-FEAS] smallest_observed_front_pruned_bad_arc_ids=[3612, 1844]
[V3A-FEAS] diagnostic only: active lazy cut remains unchanged in v3a
[V3A-FEAS] front_prune_tests_run=3
[V3A-FEAS] infeasible route detected
[V3A-FEAS] route_arc_ids=[4, 3612, 1844, 2588, 3276, 3600, 3542, 2390]
[V3A-FEAS] route_len=8 skeleton_len=18 fail_i=5
[V3A-FEAS] failed_skeleton_edge=C9->C16
[V3A-FEAS] covering_arc_pos=2 covering_arc_id=1844
[V3A-FEAS] current_full_route_cut_size=8
[V3A-FEAS] prefix_through_failure_size=3 prefix_arc_ids=[4, 3612, 1844]
[V3A-FEAS] front_prune_test start_pos=0 candidate_size=3 candidate_ok=False candidate_fail_i=5 candidate_skeleton_len=7 candidate_arc_ids=[4, 3612, 1844]
[V3A-FEAS] front_prune_test start_pos=1 candidate_size=2 candidate_ok=False candidate_fail_i=4 candidate_skeleton_len=6 candidate_arc_ids=[3612, 1844]
[V3A-FEAS] front_prune_test start_pos=2 candidate_size=1 candidate_ok=True candidate_fail_i=None candidate_skeleton_len=4 candidate_arc_ids=[1844]
[V3A-FEAS] smallest_observed_front_pruned_bad_size=2
[V3A-FEAS] smallest_observed_front_pruned_bad_arc_ids=[3612, 1844]
[V3A-FEAS] diagnostic only: active lazy cut remains unchanged in v3a
[V3A-FEAS] front_prune_tests_run=3
[V3A-FEAS] infeasible route detected
[V3A-FEAS] route_arc_ids=[0, 3595, 3632, 3542, 2395, 1844, 2591, 1995]
[V3A-FEAS] route_len=8 skeleton_len=18 fail_i=11
[V3A-FEAS] failed_skeleton_edge=C9->C16
[V3A-FEAS] covering_arc_pos=5 covering_arc_id=1844
[V3A-FEAS] current_full_route_cut_size=8
[V3A-FEAS] prefix_through_failure_size=6 prefix_arc_ids=[0, 3595, 3632, 3542, 2395, 1844]
[V3A-FEAS] front_prune_test start_pos=0 candidate_size=6 candidate_ok=False candidate_fail_i=11 candidate_skeleton_len=13 candidate_arc_ids=[0, 3595, 3632, 3542, 2395, 1844]
[V3A-FEAS] front_prune_test start_pos=1 candidate_size=5 candidate_ok=False candidate_fail_i=10 candidate_skeleton_len=12 candidate_arc_ids=[3595, 3632, 3542, 2395, 1844]
[V3A-FEAS] front_prune_test start_pos=2 candidate_size=4 candidate_ok=False candidate_fail_i=8 candidate_skeleton_len=10 candidate_arc_ids=[3632, 3542, 2395, 1844]
[V3A-FEAS] front_prune_test start_pos=3 candidate_size=3 candidate_ok=False candidate_fail_i=6 candidate_skeleton_len=8 candidate_arc_ids=[3542, 2395, 1844]
[V3A-FEAS] front_prune_test start_pos=4 candidate_size=2 candidate_ok=False candidate_fail_i=4 candidate_skeleton_len=6 candidate_arc_ids=[2395, 1844]
[V3A-FEAS] front_prune_test start_pos=5 candidate_size=1 candidate_ok=True candidate_fail_i=None candidate_skeleton_len=4 candidate_arc_ids=[1844]
[V3A-FEAS] smallest_observed_front_pruned_bad_size=2
[V3A-FEAS] smallest_observed_front_pruned_bad_arc_ids=[2395, 1844]
[V3A-FEAS] diagnostic only: active lazy cut remains unchanged in v3a
[V3A-FEAS] front_prune_tests_run=6
[V3A-FEAS] infeasible route detected
[V3A-FEAS] route_arc_ids=[4, 3611, 3306, 3445, 3297, 3342, 2926, 3003]
[V3A-FEAS] route_len=8 skeleton_len=18 fail_i=5
[V3A-FEAS] failed_skeleton_edge=C12->C16
[V3A-FEAS] covering_arc_pos=2 covering_arc_id=3306
[V3A-FEAS] current_full_route_cut_size=8
[V3A-FEAS] prefix_through_failure_size=3 prefix_arc_ids=[4, 3611, 3306]
[V3A-FEAS] front_prune_test start_pos=0 candidate_size=3 candidate_ok=False candidate_fail_i=5 candidate_skeleton_len=7 candidate_arc_ids=[4, 3611, 3306]
[V3A-FEAS] front_prune_test start_pos=1 candidate_size=2 candidate_ok=False candidate_fail_i=4 candidate_skeleton_len=6 candidate_arc_ids=[3611, 3306]
[V3A-FEAS] front_prune_test start_pos=2 candidate_size=1 candidate_ok=True candidate_fail_i=None candidate_skeleton_len=4 candidate_arc_ids=[3306]
[V3A-FEAS] smallest_observed_front_pruned_bad_size=2
[V3A-FEAS] smallest_observed_front_pruned_bad_arc_ids=[3611, 3306]
[V3A-FEAS] diagnostic only: active lazy cut remains unchanged in v3a
[V3A-FEAS] front_prune_tests_run=3
[V3A-FEAS] infeasible route detected
[V3A-FEAS] route_arc_ids=[4, 3611, 3306, 3449, 2918, 3297, 3341, 3003]
[V3A-FEAS] route_len=8 skeleton_len=18 fail_i=5
[V3A-FEAS] failed_skeleton_edge=C12->C16
[V3A-FEAS] covering_arc_pos=2 covering_arc_id=3306
[V3A-FEAS] current_full_route_cut_size=8
[V3A-FEAS] prefix_through_failure_size=3 prefix_arc_ids=[4, 3611, 3306]
[V3A-FEAS] front_prune_test start_pos=0 candidate_size=3 candidate_ok=False candidate_fail_i=5 candidate_skeleton_len=7 candidate_arc_ids=[4, 3611, 3306]
[V3A-FEAS] front_prune_test start_pos=1 candidate_size=2 candidate_ok=False candidate_fail_i=4 candidate_skeleton_len=6 candidate_arc_ids=[3611, 3306]
[V3A-FEAS] front_prune_test start_pos=2 candidate_size=1 candidate_ok=True candidate_fail_i=None candidate_skeleton_len=4 candidate_arc_ids=[3306]
[V3A-FEAS] smallest_observed_front_pruned_bad_size=2
[V3A-FEAS] smallest_observed_front_pruned_bad_arc_ids=[3611, 3306]
[V3A-FEAS] diagnostic only: active lazy cut remains unchanged in v3a
[V3A-FEAS] front_prune_tests_run=3
[V3A-FEAS] infeasible route detected
[V3A-FEAS] route_arc_ids=[0, 3595, 3632, 3542, 2399, 3611, 1844, 1686]
[V3A-FEAS] route_len=8 skeleton_len=18 fail_i=13
[V3A-FEAS] failed_skeleton_edge=C9->C16
[V3A-FEAS] covering_arc_pos=6 covering_arc_id=1844
[V3A-FEAS] current_full_route_cut_size=8
[V3A-FEAS] prefix_through_failure_size=7 prefix_arc_ids=[0, 3595, 3632, 3542, 2399, 3611, 1844]
[V3A-FEAS] front_prune_test start_pos=0 candidate_size=7 candidate_ok=False candidate_fail_i=13 candidate_skeleton_len=15 candidate_arc_ids=[0, 3595, 3632, 3542, 2399, 3611, 1844]
[V3A-FEAS] front_prune_test start_pos=1 candidate_size=6 candidate_ok=False candidate_fail_i=12 candidate_skeleton_len=14 candidate_arc_ids=[3595, 3632, 3542, 2399, 3611, 1844]
[V3A-FEAS] front_prune_test start_pos=2 candidate_size=5 candidate_ok=False candidate_fail_i=10 candidate_skeleton_len=12 candidate_arc_ids=[3632, 3542, 2399, 3611, 1844]
[V3A-FEAS] front_prune_test start_pos=3 candidate_size=4 candidate_ok=False candidate_fail_i=8 candidate_skeleton_len=10 candidate_arc_ids=[3542, 2399, 3611, 1844]
[V3A-FEAS] front_prune_test start_pos=4 candidate_size=3 candidate_ok=False candidate_fail_i=6 candidate_skeleton_len=8 candidate_arc_ids=[2399, 3611, 1844]
[V3A-FEAS] front_prune_test start_pos=5 candidate_size=2 candidate_ok=False candidate_fail_i=4 candidate_skeleton_len=6 candidate_arc_ids=[3611, 1844]
[V3A-FEAS] front_prune_test start_pos=6 candidate_size=1 candidate_ok=True candidate_fail_i=None candidate_skeleton_len=4 candidate_arc_ids=[1844]
[V3A-FEAS] smallest_observed_front_pruned_bad_size=2
[V3A-FEAS] smallest_observed_front_pruned_bad_arc_ids=[3611, 1844]
[V3A-FEAS] diagnostic only: active lazy cut remains unchanged in v3a
[V3A-FEAS] front_prune_tests_run=7
[V3A-FEAS] infeasible route detected
[V3A-FEAS] route_arc_ids=[0, 3595, 3632, 3542, 2399, 3611, 1845, 1686]
[V3A-FEAS] route_len=8 skeleton_len=18 fail_i=13
[V3A-FEAS] failed_skeleton_edge=C9->C16
[V3A-FEAS] covering_arc_pos=6 covering_arc_id=1845
[V3A-FEAS] current_full_route_cut_size=8
[V3A-FEAS] prefix_through_failure_size=7 prefix_arc_ids=[0, 3595, 3632, 3542, 2399, 3611, 1845]
[V3A-FEAS] front_prune_test start_pos=0 candidate_size=7 candidate_ok=False candidate_fail_i=13 candidate_skeleton_len=15 candidate_arc_ids=[0, 3595, 3632, 3542, 2399, 3611, 1845]
[V3A-FEAS] front_prune_test start_pos=1 candidate_size=6 candidate_ok=False candidate_fail_i=12 candidate_skeleton_len=14 candidate_arc_ids=[3595, 3632, 3542, 2399, 3611, 1845]
[V3A-FEAS] front_prune_test start_pos=2 candidate_size=5 candidate_ok=False candidate_fail_i=10 candidate_skeleton_len=12 candidate_arc_ids=[3632, 3542, 2399, 3611, 1845]
[V3A-FEAS] front_prune_test start_pos=3 candidate_size=4 candidate_ok=False candidate_fail_i=8 candidate_skeleton_len=10 candidate_arc_ids=[3542, 2399, 3611, 1845]
[V3A-FEAS] front_prune_test start_pos=4 candidate_size=3 candidate_ok=False candidate_fail_i=6 candidate_skeleton_len=8 candidate_arc_ids=[2399, 3611, 1845]
[V3A-FEAS] front_prune_test start_pos=5 candidate_size=2 candidate_ok=False candidate_fail_i=4 candidate_skeleton_len=6 candidate_arc_ids=[3611, 1845]
[V3A-FEAS] front_prune_test start_pos=6 candidate_size=1 candidate_ok=True candidate_fail_i=None candidate_skeleton_len=4 candidate_arc_ids=[1845]
[V3A-FEAS] smallest_observed_front_pruned_bad_size=2
[V3A-FEAS] smallest_observed_front_pruned_bad_arc_ids=[3611, 1845]
[V3A-FEAS] diagnostic only: active lazy cut remains unchanged in v3a
[V3A-FEAS] front_prune_tests_run=7
[V3A-FEAS] infeasible route detected
[V3A-FEAS] route_arc_ids=[0, 3595, 3632, 3542, 2403, 1720, 3611, 1828]
[V3A-FEAS] route_len=8 skeleton_len=18 fail_i=8
[V3A-FEAS] failed_skeleton_edge=C5->C16
[V3A-FEAS] covering_arc_pos=4 covering_arc_id=2403
[V3A-FEAS] current_full_route_cut_size=8
[V3A-FEAS] prefix_through_failure_size=5 prefix_arc_ids=[0, 3595, 3632, 3542, 2403]
[V3A-FEAS] front_prune_test start_pos=0 candidate_size=5 candidate_ok=False candidate_fail_i=8 candidate_skeleton_len=10 candidate_arc_ids=[0, 3595, 3632, 3542, 2403]
[V3A-FEAS] front_prune_test start_pos=1 candidate_size=4 candidate_ok=False candidate_fail_i=7 candidate_skeleton_len=9 candidate_arc_ids=[3595, 3632, 3542, 2403]
[V3A-FEAS] front_prune_test start_pos=2 candidate_size=3 candidate_ok=True candidate_fail_i=None candidate_skeleton_len=7 candidate_arc_ids=[3632, 3542, 2403]
[V3A-FEAS] front_prune_test start_pos=3 candidate_size=2 candidate_ok=True candidate_fail_i=None candidate_skeleton_len=5 candidate_arc_ids=[3542, 2403]
[V3A-FEAS] front_prune_test start_pos=4 candidate_size=1 candidate_ok=True candidate_fail_i=None candidate_skeleton_len=3 candidate_arc_ids=[2403]
[V3A-FEAS] smallest_observed_front_pruned_bad_size=4
[V3A-FEAS] smallest_observed_front_pruned_bad_arc_ids=[3595, 3632, 3542, 2403]
[V3A-FEAS] diagnostic only: active lazy cut remains unchanged in v3a
[V3A-FEAS] front_prune_tests_run=5
[V3A-FEAS] infeasible route detected
[V3A-FEAS] route_arc_ids=[2, 1845, 2591, 2456, 3297, 3342, 2926, 3003]
[V3A-FEAS] route_len=8 skeleton_len=18 fail_i=3
[V3A-FEAS] failed_skeleton_edge=C9->C16
[V3A-FEAS] covering_arc_pos=1 covering_arc_id=1845
[V3A-FEAS] current_full_route_cut_size=8
[V3A-FEAS] prefix_through_failure_size=2 prefix_arc_ids=[2, 1845]
[V3A-FEAS] front_prune_test start_pos=0 candidate_size=2 candidate_ok=False candidate_fail_i=3 candidate_skeleton_len=5 candidate_arc_ids=[2, 1845]
[V3A-FEAS] front_prune_test start_pos=1 candidate_size=1 candidate_ok=True candidate_fail_i=None candidate_skeleton_len=4 candidate_arc_ids=[1845]
[V3A-FEAS] smallest_observed_front_pruned_bad_size=2
[V3A-FEAS] smallest_observed_front_pruned_bad_arc_ids=[2, 1845]
[V3A-FEAS] diagnostic only: active lazy cut remains unchanged in v3a
[V3A-FEAS] front_prune_tests_run=2
[V3A-FEAS] infeasible route detected
[V3A-FEAS] route_arc_ids=[2, 1845, 2591, 2465, 3062, 3297, 3342, 2896]
[V3A-FEAS] route_len=8 skeleton_len=18 fail_i=3
[V3A-FEAS] failed_skeleton_edge=C9->C16
[V3A-FEAS] covering_arc_pos=1 covering_arc_id=1845
[V3A-FEAS] current_full_route_cut_size=8
[V3A-FEAS] prefix_through_failure_size=2 prefix_arc_ids=[2, 1845]
[V3A-FEAS] front_prune_test start_pos=0 candidate_size=2 candidate_ok=False candidate_fail_i=3 candidate_skeleton_len=5 candidate_arc_ids=[2, 1845]
[V3A-FEAS] front_prune_test start_pos=1 candidate_size=1 candidate_ok=True candidate_fail_i=None candidate_skeleton_len=4 candidate_arc_ids=[1845]
[V3A-FEAS] smallest_observed_front_pruned_bad_size=2
[V3A-FEAS] smallest_observed_front_pruned_bad_arc_ids=[2, 1845]
[V3A-FEAS] diagnostic only: active lazy cut remains unchanged in v3a
[V3A-FEAS] front_prune_tests_run=2
[V3A-FEAS] infeasible route detected
[V3A-FEAS] route_arc_ids=[6, 3542, 2395, 1845, 2591, 2456, 3297, 2125]
[V3A-FEAS] route_len=8 skeleton_len=18 fail_i=7
[V3A-FEAS] failed_skeleton_edge=C9->C16
[V3A-FEAS] covering_arc_pos=3 covering_arc_id=1845
[V3A-FEAS] current_full_route_cut_size=8
[V3A-FEAS] prefix_through_failure_size=4 prefix_arc_ids=[6, 3542, 2395, 1845]
[V3A-FEAS] front_prune_test start_pos=0 candidate_size=4 candidate_ok=False candidate_fail_i=7 candidate_skeleton_len=9 candidate_arc_ids=[6, 3542, 2395, 1845]
[V3A-FEAS] front_prune_test start_pos=1 candidate_size=3 candidate_ok=False candidate_fail_i=6 candidate_skeleton_len=8 candidate_arc_ids=[3542, 2395, 1845]
[V3A-FEAS] front_prune_test start_pos=2 candidate_size=2 candidate_ok=False candidate_fail_i=4 candidate_skeleton_len=6 candidate_arc_ids=[2395, 1845]
[V3A-FEAS] front_prune_test start_pos=3 candidate_size=1 candidate_ok=True candidate_fail_i=None candidate_skeleton_len=4 candidate_arc_ids=[1845]
[V3A-FEAS] smallest_observed_front_pruned_bad_size=2
[V3A-FEAS] smallest_observed_front_pruned_bad_arc_ids=[2395, 1845]
[V3A-FEAS] diagnostic only: active lazy cut remains unchanged in v3a
[V3A-FEAS] front_prune_tests_run=4
[V3A-FEAS] infeasible route detected
[V3A-FEAS] route_arc_ids=[2, 1845, 2591, 2465, 3063, 3297, 3342, 2896]
[V3A-FEAS] route_len=8 skeleton_len=18 fail_i=3
[V3A-FEAS] failed_skeleton_edge=C9->C16
[V3A-FEAS] covering_arc_pos=1 covering_arc_id=1845
[V3A-FEAS] current_full_route_cut_size=8
[V3A-FEAS] prefix_through_failure_size=2 prefix_arc_ids=[2, 1845]
[V3A-FEAS] front_prune_test start_pos=0 candidate_size=2 candidate_ok=False candidate_fail_i=3 candidate_skeleton_len=5 candidate_arc_ids=[2, 1845]
[V3A-FEAS] front_prune_test start_pos=1 candidate_size=1 candidate_ok=True candidate_fail_i=None candidate_skeleton_len=4 candidate_arc_ids=[1845]
[V3A-FEAS] smallest_observed_front_pruned_bad_size=2
[V3A-FEAS] smallest_observed_front_pruned_bad_arc_ids=[2, 1845]
[V3A-FEAS] diagnostic only: active lazy cut remains unchanged in v3a
[V3A-FEAS] front_prune_tests_run=2
[V3A-FEAS] infeasible route detected
[V3A-FEAS] route_arc_ids=[2, 1845, 2591, 2468, 2926, 3062, 3297, 2125]
[V3A-FEAS] route_len=8 skeleton_len=18 fail_i=3
[V3A-FEAS] failed_skeleton_edge=C9->C16
[V3A-FEAS] covering_arc_pos=1 covering_arc_id=1845
[V3A-FEAS] current_full_route_cut_size=8
[V3A-FEAS] prefix_through_failure_size=2 prefix_arc_ids=[2, 1845]
[V3A-FEAS] front_prune_test start_pos=0 candidate_size=2 candidate_ok=False candidate_fail_i=3 candidate_skeleton_len=5 candidate_arc_ids=[2, 1845]
[V3A-FEAS] front_prune_test start_pos=1 candidate_size=1 candidate_ok=True candidate_fail_i=None candidate_skeleton_len=4 candidate_arc_ids=[1845]
[V3A-FEAS] smallest_observed_front_pruned_bad_size=2
[V3A-FEAS] smallest_observed_front_pruned_bad_arc_ids=[2, 1845]
[V3A-FEAS] diagnostic only: active lazy cut remains unchanged in v3a
[V3A-FEAS] front_prune_tests_run=2
[V3A-FEAS] infeasible route detected
[V3A-FEAS] route_arc_ids=[4, 3613, 3584, 1717, 3627, 3597, 3090, 3542, 2389]
[V3A-FEAS] route_len=9 skeleton_len=18 fail_i=4
[V3A-FEAS] failed_skeleton_edge=C9->C16
[V3A-FEAS] covering_arc_pos=2 covering_arc_id=3584
[V3A-FEAS] current_full_route_cut_size=9
[V3A-FEAS] prefix_through_failure_size=3 prefix_arc_ids=[4, 3613, 3584]
[V3A-FEAS] front_prune_test start_pos=0 candidate_size=3 candidate_ok=False candidate_fail_i=4 candidate_skeleton_len=6 candidate_arc_ids=[4, 3613, 3584]
[V3A-FEAS] front_prune_test start_pos=1 candidate_size=2 candidate_ok=False candidate_fail_i=3 candidate_skeleton_len=5 candidate_arc_ids=[3613, 3584]
[V3A-FEAS] front_prune_test start_pos=2 candidate_size=1 candidate_ok=True candidate_fail_i=None candidate_skeleton_len=3 candidate_arc_ids=[3584]
[V3A-FEAS] smallest_observed_front_pruned_bad_size=2
[V3A-FEAS] smallest_observed_front_pruned_bad_arc_ids=[3613, 3584]
[V3A-FEAS] diagnostic only: active lazy cut remains unchanged in v3a
[V3A-FEAS] front_prune_tests_run=3
[V3A-FEAS] infeasible route detected
[V3A-FEAS] route_arc_ids=[0, 3595, 3630, 3611, 1845, 1698, 3542, 2389]
[V3A-FEAS] route_len=8 skeleton_len=18 fail_i=9
[V3A-FEAS] failed_skeleton_edge=C9->C16
[V3A-FEAS] covering_arc_pos=4 covering_arc_id=1845
[V3A-FEAS] current_full_route_cut_size=8
[V3A-FEAS] prefix_through_failure_size=5 prefix_arc_ids=[0, 3595, 3630, 3611, 1845]
[V3A-FEAS] front_prune_test start_pos=0 candidate_size=5 candidate_ok=False candidate_fail_i=9 candidate_skeleton_len=11 candidate_arc_ids=[0, 3595, 3630, 3611, 1845]
[V3A-FEAS] front_prune_test start_pos=1 candidate_size=4 candidate_ok=False candidate_fail_i=8 candidate_skeleton_len=10 candidate_arc_ids=[3595, 3630, 3611, 1845]
[V3A-FEAS] front_prune_test start_pos=2 candidate_size=3 candidate_ok=False candidate_fail_i=6 candidate_skeleton_len=8 candidate_arc_ids=[3630, 3611, 1845]
[V3A-FEAS] front_prune_test start_pos=3 candidate_size=2 candidate_ok=False candidate_fail_i=4 candidate_skeleton_len=6 candidate_arc_ids=[3611, 1845]
[V3A-FEAS] front_prune_test start_pos=4 candidate_size=1 candidate_ok=True candidate_fail_i=None candidate_skeleton_len=4 candidate_arc_ids=[1845]
[V3A-FEAS] smallest_observed_front_pruned_bad_size=2
[V3A-FEAS] smallest_observed_front_pruned_bad_arc_ids=[3611, 1845]
[V3A-FEAS] diagnostic only: active lazy cut remains unchanged in v3a
[V3A-FEAS] front_prune_tests_run=5
[V3A-FEAS] infeasible route detected
[V3A-FEAS] route_arc_ids=[6, 3542, 2391, 3595, 3629, 1669, 3611, 3571]
[V3A-FEAS] route_len=8 skeleton_len=18 fail_i=9
[V3A-FEAS] failed_skeleton_edge=C10->C16
[V3A-FEAS] covering_arc_pos=5 covering_arc_id=1669
[V3A-FEAS] current_full_route_cut_size=8
[V3A-FEAS] prefix_through_failure_size=6 prefix_arc_ids=[6, 3542, 2391, 3595, 3629, 1669]
[V3A-FEAS] front_prune_test start_pos=0 candidate_size=6 candidate_ok=False candidate_fail_i=9 candidate_skeleton_len=14 candidate_arc_ids=[6, 3542, 2391, 3595, 3629, 1669]
[V3A-FEAS] front_prune_test start_pos=1 candidate_size=5 candidate_ok=False candidate_fail_i=8 candidate_skeleton_len=13 candidate_arc_ids=[3542, 2391, 3595, 3629, 1669]
[V3A-FEAS] front_prune_test start_pos=2 candidate_size=4 candidate_ok=False candidate_fail_i=6 candidate_skeleton_len=11 candidate_arc_ids=[2391, 3595, 3629, 1669]
[V3A-FEAS] front_prune_test start_pos=3 candidate_size=3 candidate_ok=False candidate_fail_i=4 candidate_skeleton_len=9 candidate_arc_ids=[3595, 3629, 1669]
[V3A-FEAS] front_prune_test start_pos=4 candidate_size=2 candidate_ok=True candidate_fail_i=None candidate_skeleton_len=7 candidate_arc_ids=[3629, 1669]
[V3A-FEAS] front_prune_test start_pos=5 candidate_size=1 candidate_ok=True candidate_fail_i=None candidate_skeleton_len=5 candidate_arc_ids=[1669]
[V3A-FEAS] smallest_observed_front_pruned_bad_size=3
[V3A-FEAS] smallest_observed_front_pruned_bad_arc_ids=[3595, 3629, 1669]
[V3A-FEAS] diagnostic only: active lazy cut remains unchanged in v3a
[V3A-FEAS] front_prune_tests_run=6
[V3A-FEAS] infeasible route detected
[V3A-FEAS] route_arc_ids=[5, 2401, 3532, 3595, 3629, 1669, 3611, 3571]
[V3A-FEAS] route_len=8 skeleton_len=18 fail_i=9
[V3A-FEAS] failed_skeleton_edge=C10->C16
[V3A-FEAS] covering_arc_pos=5 covering_arc_id=1669
[V3A-FEAS] current_full_route_cut_size=8
[V3A-FEAS] prefix_through_failure_size=6 prefix_arc_ids=[5, 2401, 3532, 3595, 3629, 1669]
[V3A-FEAS] front_prune_test start_pos=0 candidate_size=6 candidate_ok=False candidate_fail_i=9 candidate_skeleton_len=14 candidate_arc_ids=[5, 2401, 3532, 3595, 3629, 1669]
[V3A-FEAS] front_prune_test start_pos=1 candidate_size=5 candidate_ok=False candidate_fail_i=8 candidate_skeleton_len=13 candidate_arc_ids=[2401, 3532, 3595, 3629, 1669]
[V3A-FEAS] front_prune_test start_pos=2 candidate_size=4 candidate_ok=False candidate_fail_i=6 candidate_skeleton_len=11 candidate_arc_ids=[3532, 3595, 3629, 1669]
[V3A-FEAS] front_prune_test start_pos=3 candidate_size=3 candidate_ok=False candidate_fail_i=4 candidate_skeleton_len=9 candidate_arc_ids=[3595, 3629, 1669]
[V3A-FEAS] front_prune_test start_pos=4 candidate_size=2 candidate_ok=True candidate_fail_i=None candidate_skeleton_len=7 candidate_arc_ids=[3629, 1669]
[V3A-FEAS] front_prune_test start_pos=5 candidate_size=1 candidate_ok=True candidate_fail_i=None candidate_skeleton_len=5 candidate_arc_ids=[1669]
[V3A-FEAS] smallest_observed_front_pruned_bad_size=3
[V3A-FEAS] smallest_observed_front_pruned_bad_arc_ids=[3595, 3629, 1669]
[V3A-FEAS] diagnostic only: active lazy cut remains unchanged in v3a
[V3A-FEAS] front_prune_tests_run=6
[V3A-FEAS] infeasible route detected
[V3A-FEAS] route_arc_ids=[5, 2391, 3595, 3632, 3538, 1669, 3611, 3571]
[V3A-FEAS] route_len=8 skeleton_len=18 fail_i=9
[V3A-FEAS] failed_skeleton_edge=C10->C16
[V3A-FEAS] covering_arc_pos=5 covering_arc_id=1669
[V3A-FEAS] current_full_route_cut_size=8
[V3A-FEAS] prefix_through_failure_size=6 prefix_arc_ids=[5, 2391, 3595, 3632, 3538, 1669]
[V3A-FEAS] front_prune_test start_pos=0 candidate_size=6 candidate_ok=False candidate_fail_i=9 candidate_skeleton_len=14 candidate_arc_ids=[5, 2391, 3595, 3632, 3538, 1669]
[V3A-FEAS] front_prune_test start_pos=1 candidate_size=5 candidate_ok=False candidate_fail_i=8 candidate_skeleton_len=13 candidate_arc_ids=[2391, 3595, 3632, 3538, 1669]
[V3A-FEAS] front_prune_test start_pos=2 candidate_size=4 candidate_ok=False candidate_fail_i=6 candidate_skeleton_len=11 candidate_arc_ids=[3595, 3632, 3538, 1669]
[V3A-FEAS] front_prune_test start_pos=3 candidate_size=3 candidate_ok=True candidate_fail_i=None candidate_skeleton_len=9 candidate_arc_ids=[3632, 3538, 1669]
[V3A-FEAS] front_prune_test start_pos=4 candidate_size=2 candidate_ok=True candidate_fail_i=None candidate_skeleton_len=7 candidate_arc_ids=[3538, 1669]
[V3A-FEAS] front_prune_test start_pos=5 candidate_size=1 candidate_ok=True candidate_fail_i=None candidate_skeleton_len=5 candidate_arc_ids=[1669]
[V3A-FEAS] smallest_observed_front_pruned_bad_size=4
[V3A-FEAS] smallest_observed_front_pruned_bad_arc_ids=[3595, 3632, 3538, 1669]
[V3A-FEAS] diagnostic only: active lazy cut remains unchanged in v3a
[V3A-FEAS] front_prune_tests_run=6
[V3A-FEAS] infeasible route detected
[V3A-FEAS] route_arc_ids=[0, 3595, 3632, 3542, 2395, 3577, 1669, 3602]
[V3A-FEAS] route_len=8 skeleton_len=18 fail_i=11
[V3A-FEAS] failed_skeleton_edge=C10->C16
[V3A-FEAS] covering_arc_pos=6 covering_arc_id=1669
[V3A-FEAS] current_full_route_cut_size=8
[V3A-FEAS] prefix_through_failure_size=7 prefix_arc_ids=[0, 3595, 3632, 3542, 2395, 3577, 1669]
[V3A-FEAS] front_prune_test start_pos=0 candidate_size=7 candidate_ok=False candidate_fail_i=11 candidate_skeleton_len=16 candidate_arc_ids=[0, 3595, 3632, 3542, 2395, 3577, 1669]
[V3A-FEAS] front_prune_test start_pos=1 candidate_size=6 candidate_ok=False candidate_fail_i=10 candidate_skeleton_len=15 candidate_arc_ids=[3595, 3632, 3542, 2395, 3577, 1669]
[V3A-FEAS] front_prune_test start_pos=2 candidate_size=5 candidate_ok=False candidate_fail_i=8 candidate_skeleton_len=13 candidate_arc_ids=[3632, 3542, 2395, 3577, 1669]
[V3A-FEAS] front_prune_test start_pos=3 candidate_size=4 candidate_ok=False candidate_fail_i=6 candidate_skeleton_len=11 candidate_arc_ids=[3542, 2395, 3577, 1669]
[V3A-FEAS] front_prune_test start_pos=4 candidate_size=3 candidate_ok=False candidate_fail_i=4 candidate_skeleton_len=9 candidate_arc_ids=[2395, 3577, 1669]
[V3A-FEAS] front_prune_test start_pos=5 candidate_size=2 candidate_ok=True candidate_fail_i=None candidate_skeleton_len=7 candidate_arc_ids=[3577, 1669]
[V3A-FEAS] front_prune_test start_pos=6 candidate_size=1 candidate_ok=True candidate_fail_i=None candidate_skeleton_len=5 candidate_arc_ids=[1669]
[V3A-FEAS] smallest_observed_front_pruned_bad_size=3
[V3A-FEAS] smallest_observed_front_pruned_bad_arc_ids=[2395, 3577, 1669]
[V3A-FEAS] diagnostic only: active lazy cut remains unchanged in v3a
[V3A-FEAS] front_prune_tests_run=7
[V3A-FEAS] infeasible route detected
[V3A-FEAS] route_arc_ids=[0, 3595, 3632, 3542, 2397, 1669, 3613, 3571]
[V3A-FEAS] route_len=8 skeleton_len=18 fail_i=9
[V3A-FEAS] failed_skeleton_edge=C10->C16
[V3A-FEAS] covering_arc_pos=5 covering_arc_id=1669
[V3A-FEAS] current_full_route_cut_size=8
[V3A-FEAS] prefix_through_failure_size=6 prefix_arc_ids=[0, 3595, 3632, 3542, 2397, 1669]
[V3A-FEAS] front_prune_test start_pos=0 candidate_size=6 candidate_ok=False candidate_fail_i=9 candidate_skeleton_len=14 candidate_arc_ids=[0, 3595, 3632, 3542, 2397, 1669]
[V3A-FEAS] front_prune_test start_pos=1 candidate_size=5 candidate_ok=False candidate_fail_i=8 candidate_skeleton_len=13 candidate_arc_ids=[3595, 3632, 3542, 2397, 1669]
[V3A-FEAS] front_prune_test start_pos=2 candidate_size=4 candidate_ok=True candidate_fail_i=None candidate_skeleton_len=11 candidate_arc_ids=[3632, 3542, 2397, 1669]
[V3A-FEAS] front_prune_test start_pos=3 candidate_size=3 candidate_ok=True candidate_fail_i=None candidate_skeleton_len=9 candidate_arc_ids=[3542, 2397, 1669]
[V3A-FEAS] front_prune_test start_pos=4 candidate_size=2 candidate_ok=True candidate_fail_i=None candidate_skeleton_len=7 candidate_arc_ids=[2397, 1669]
[V3A-FEAS] front_prune_test start_pos=5 candidate_size=1 candidate_ok=True candidate_fail_i=None candidate_skeleton_len=5 candidate_arc_ids=[1669]
[V3A-FEAS] smallest_observed_front_pruned_bad_size=5
[V3A-FEAS] smallest_observed_front_pruned_bad_arc_ids=[3595, 3632, 3542, 2397, 1669]
[V3A-FEAS] diagnostic only: active lazy cut remains unchanged in v3a
[V3A-FEAS] front_prune_tests_run=6
[V3A-FEAS] infeasible route detected
[V3A-FEAS] route_arc_ids=[0, 3595, 3632, 3542, 2397, 1669, 3611, 3571]
[V3A-FEAS] route_len=8 skeleton_len=18 fail_i=9
[V3A-FEAS] failed_skeleton_edge=C10->C16
[V3A-FEAS] covering_arc_pos=5 covering_arc_id=1669
[V3A-FEAS] current_full_route_cut_size=8
[V3A-FEAS] prefix_through_failure_size=6 prefix_arc_ids=[0, 3595, 3632, 3542, 2397, 1669]
[V3A-FEAS] front_prune_test start_pos=0 candidate_size=6 candidate_ok=False candidate_fail_i=9 candidate_skeleton_len=14 candidate_arc_ids=[0, 3595, 3632, 3542, 2397, 1669]
[V3A-FEAS] front_prune_test start_pos=1 candidate_size=5 candidate_ok=False candidate_fail_i=8 candidate_skeleton_len=13 candidate_arc_ids=[3595, 3632, 3542, 2397, 1669]
[V3A-FEAS] front_prune_test start_pos=2 candidate_size=4 candidate_ok=True candidate_fail_i=None candidate_skeleton_len=11 candidate_arc_ids=[3632, 3542, 2397, 1669]
[V3A-FEAS] front_prune_test start_pos=3 candidate_size=3 candidate_ok=True candidate_fail_i=None candidate_skeleton_len=9 candidate_arc_ids=[3542, 2397, 1669]
[V3A-FEAS] front_prune_test start_pos=4 candidate_size=2 candidate_ok=True candidate_fail_i=None candidate_skeleton_len=7 candidate_arc_ids=[2397, 1669]
[V3A-FEAS] front_prune_test start_pos=5 candidate_size=1 candidate_ok=True candidate_fail_i=None candidate_skeleton_len=5 candidate_arc_ids=[1669]
[V3A-FEAS] smallest_observed_front_pruned_bad_size=5
[V3A-FEAS] smallest_observed_front_pruned_bad_arc_ids=[3595, 3632, 3542, 2397, 1669]
[V3A-FEAS] diagnostic only: active lazy cut remains unchanged in v3a
[V3A-FEAS] front_prune_tests_run=6
[V3A-FEAS] infeasible route detected
[V3A-FEAS] route_arc_ids=[0, 3595, 3632, 3542, 2397, 1669, 3613, 3570]
[V3A-FEAS] route_len=8 skeleton_len=18 fail_i=9
[V3A-FEAS] failed_skeleton_edge=C10->C16
[V3A-FEAS] covering_arc_pos=5 covering_arc_id=1669
[V3A-FEAS] current_full_route_cut_size=8
[V3A-FEAS] prefix_through_failure_size=6 prefix_arc_ids=[0, 3595, 3632, 3542, 2397, 1669]
[V3A-FEAS] front_prune_test start_pos=0 candidate_size=6 candidate_ok=False candidate_fail_i=9 candidate_skeleton_len=14 candidate_arc_ids=[0, 3595, 3632, 3542, 2397, 1669]
[V3A-FEAS] front_prune_test start_pos=1 candidate_size=5 candidate_ok=False candidate_fail_i=8 candidate_skeleton_len=13 candidate_arc_ids=[3595, 3632, 3542, 2397, 1669]
[V3A-FEAS] front_prune_test start_pos=2 candidate_size=4 candidate_ok=True candidate_fail_i=None candidate_skeleton_len=11 candidate_arc_ids=[3632, 3542, 2397, 1669]
[V3A-FEAS] front_prune_test start_pos=3 candidate_size=3 candidate_ok=True candidate_fail_i=None candidate_skeleton_len=9 candidate_arc_ids=[3542, 2397, 1669]
[V3A-FEAS] front_prune_test start_pos=4 candidate_size=2 candidate_ok=True candidate_fail_i=None candidate_skeleton_len=7 candidate_arc_ids=[2397, 1669]
[V3A-FEAS] front_prune_test start_pos=5 candidate_size=1 candidate_ok=True candidate_fail_i=None candidate_skeleton_len=5 candidate_arc_ids=[1669]
[V3A-FEAS] smallest_observed_front_pruned_bad_size=5
[V3A-FEAS] smallest_observed_front_pruned_bad_arc_ids=[3595, 3632, 3542, 2397, 1669]
[V3A-FEAS] diagnostic only: active lazy cut remains unchanged in v3a
[V3A-FEAS] front_prune_tests_run=6
[V3A-FEAS] infeasible route detected
[V3A-FEAS] route_arc_ids=[2, 3577, 1669, 3607, 3595, 3632, 3542, 2389]
[V3A-FEAS] route_len=8 skeleton_len=18 fail_i=3
[V3A-FEAS] failed_skeleton_edge=C10->C16
[V3A-FEAS] covering_arc_pos=2 covering_arc_id=1669
[V3A-FEAS] current_full_route_cut_size=8
[V3A-FEAS] prefix_through_failure_size=3 prefix_arc_ids=[2, 3577, 1669]
[V3A-FEAS] front_prune_test start_pos=0 candidate_size=3 candidate_ok=False candidate_fail_i=3 candidate_skeleton_len=8 candidate_arc_ids=[2, 3577, 1669]
[V3A-FEAS] front_prune_test start_pos=1 candidate_size=2 candidate_ok=True candidate_fail_i=None candidate_skeleton_len=7 candidate_arc_ids=[3577, 1669]
[V3A-FEAS] front_prune_test start_pos=2 candidate_size=1 candidate_ok=True candidate_fail_i=None candidate_skeleton_len=5 candidate_arc_ids=[1669]
[V3A-FEAS] smallest_observed_front_pruned_bad_size=3
[V3A-FEAS] smallest_observed_front_pruned_bad_arc_ids=[2, 3577, 1669]
[V3A-FEAS] diagnostic only: active lazy cut remains unchanged in v3a
[V3A-FEAS] front_prune_tests_run=3
[V3A-FEAS] infeasible route detected
[V3A-FEAS] route_arc_ids=[0, 3595, 3628, 3577, 1669, 3620, 3542, 2389]
[V3A-FEAS] route_len=8 skeleton_len=18 fail_i=7
[V3A-FEAS] failed_skeleton_edge=C10->C16
[V3A-FEAS] covering_arc_pos=4 covering_arc_id=1669
[V3A-FEAS] current_full_route_cut_size=8
[V3A-FEAS] prefix_through_failure_size=5 prefix_arc_ids=[0, 3595, 3628, 3577, 1669]
[V3A-FEAS] front_prune_test start_pos=0 candidate_size=5 candidate_ok=False candidate_fail_i=7 candidate_skeleton_len=12 candidate_arc_ids=[0, 3595, 3628, 3577, 1669]
[V3A-FEAS] front_prune_test start_pos=1 candidate_size=4 candidate_ok=False candidate_fail_i=6 candidate_skeleton_len=11 candidate_arc_ids=[3595, 3628, 3577, 1669]
[V3A-FEAS] front_prune_test start_pos=2 candidate_size=3 candidate_ok=False candidate_fail_i=4 candidate_skeleton_len=9 candidate_arc_ids=[3628, 3577, 1669]
[V3A-FEAS] front_prune_test start_pos=3 candidate_size=2 candidate_ok=True candidate_fail_i=None candidate_skeleton_len=7 candidate_arc_ids=[3577, 1669]
[V3A-FEAS] front_prune_test start_pos=4 candidate_size=1 candidate_ok=True candidate_fail_i=None candidate_skeleton_len=5 candidate_arc_ids=[1669]
[V3A-FEAS] smallest_observed_front_pruned_bad_size=3
[V3A-FEAS] smallest_observed_front_pruned_bad_arc_ids=[3628, 3577, 1669]
[V3A-FEAS] diagnostic only: active lazy cut remains unchanged in v3a
[V3A-FEAS] front_prune_tests_run=5
[V3A-FEAS] infeasible route detected
[V3A-FEAS] route_arc_ids=[0, 3595, 3632, 3542, 2397, 1668, 3611, 3571]
[V3A-FEAS] route_len=8 skeleton_len=18 fail_i=9
[V3A-FEAS] failed_skeleton_edge=C10->C16
[V3A-FEAS] covering_arc_pos=5 covering_arc_id=1668
[V3A-FEAS] current_full_route_cut_size=8
[V3A-FEAS] prefix_through_failure_size=6 prefix_arc_ids=[0, 3595, 3632, 3542, 2397, 1668]
[V3A-FEAS] front_prune_test start_pos=0 candidate_size=6 candidate_ok=False candidate_fail_i=9 candidate_skeleton_len=14 candidate_arc_ids=[0, 3595, 3632, 3542, 2397, 1668]
[V3A-FEAS] front_prune_test start_pos=1 candidate_size=5 candidate_ok=False candidate_fail_i=8 candidate_skeleton_len=13 candidate_arc_ids=[3595, 3632, 3542, 2397, 1668]
[V3A-FEAS] front_prune_test start_pos=2 candidate_size=4 candidate_ok=True candidate_fail_i=None candidate_skeleton_len=11 candidate_arc_ids=[3632, 3542, 2397, 1668]
[V3A-FEAS] front_prune_test start_pos=3 candidate_size=3 candidate_ok=True candidate_fail_i=None candidate_skeleton_len=9 candidate_arc_ids=[3542, 2397, 1668]
[V3A-FEAS] front_prune_test start_pos=4 candidate_size=2 candidate_ok=True candidate_fail_i=None candidate_skeleton_len=7 candidate_arc_ids=[2397, 1668]
[V3A-FEAS] front_prune_test start_pos=5 candidate_size=1 candidate_ok=True candidate_fail_i=None candidate_skeleton_len=5 candidate_arc_ids=[1668]
[V3A-FEAS] smallest_observed_front_pruned_bad_size=5
[V3A-FEAS] smallest_observed_front_pruned_bad_arc_ids=[3595, 3632, 3542, 2397, 1668]
[V3A-FEAS] diagnostic only: active lazy cut remains unchanged in v3a
[V3A-FEAS] front_prune_tests_run=6
[V3A-FEAS] infeasible route detected
[V3A-FEAS] route_arc_ids=[4, 3613, 1845, 2594, 3062, 3297, 3342, 2896]
[V3A-FEAS] route_len=8 skeleton_len=18 fail_i=5
[V3A-FEAS] failed_skeleton_edge=C9->C16
[V3A-FEAS] covering_arc_pos=2 covering_arc_id=1845
[V3A-FEAS] current_full_route_cut_size=8
[V3A-FEAS] prefix_through_failure_size=3 prefix_arc_ids=[4, 3613, 1845]
[V3A-FEAS] front_prune_test start_pos=0 candidate_size=3 candidate_ok=False candidate_fail_i=5 candidate_skeleton_len=7 candidate_arc_ids=[4, 3613, 1845]
[V3A-FEAS] front_prune_test start_pos=1 candidate_size=2 candidate_ok=False candidate_fail_i=4 candidate_skeleton_len=6 candidate_arc_ids=[3613, 1845]
[V3A-FEAS] front_prune_test start_pos=2 candidate_size=1 candidate_ok=True candidate_fail_i=None candidate_skeleton_len=4 candidate_arc_ids=[1845]
[V3A-FEAS] smallest_observed_front_pruned_bad_size=2
[V3A-FEAS] smallest_observed_front_pruned_bad_arc_ids=[3613, 1845]
[V3A-FEAS] diagnostic only: active lazy cut remains unchanged in v3a
[V3A-FEAS] front_prune_tests_run=3
[V3A-FEAS] infeasible route detected
[V3A-FEAS] route_arc_ids=[2, 3577, 1668, 3607, 3595, 3632, 3542, 2389]
[V3A-FEAS] route_len=8 skeleton_len=18 fail_i=3
[V3A-FEAS] failed_skeleton_edge=C10->C16
[V3A-FEAS] covering_arc_pos=2 covering_arc_id=1668
[V3A-FEAS] current_full_route_cut_size=8
[V3A-FEAS] prefix_through_failure_size=3 prefix_arc_ids=[2, 3577, 1668]
[V3A-FEAS] front_prune_test start_pos=0 candidate_size=3 candidate_ok=False candidate_fail_i=3 candidate_skeleton_len=8 candidate_arc_ids=[2, 3577, 1668]
[V3A-FEAS] front_prune_test start_pos=1 candidate_size=2 candidate_ok=True candidate_fail_i=None candidate_skeleton_len=7 candidate_arc_ids=[3577, 1668]
[V3A-FEAS] front_prune_test start_pos=2 candidate_size=1 candidate_ok=True candidate_fail_i=None candidate_skeleton_len=5 candidate_arc_ids=[1668]
[V3A-FEAS] smallest_observed_front_pruned_bad_size=3
[V3A-FEAS] smallest_observed_front_pruned_bad_arc_ids=[2, 3577, 1668]
[V3A-FEAS] diagnostic only: active lazy cut remains unchanged in v3a
[V3A-FEAS] front_prune_tests_run=3
[V3A-FEAS] infeasible route detected
[V3A-FEAS] route_arc_ids=[0, 3595, 3632, 3542, 2395, 1837, 1720, 3602]
[V3A-FEAS] route_len=8 skeleton_len=18 fail_i=12
[V3A-FEAS] failed_skeleton_edge=C12->C16
[V3A-FEAS] covering_arc_pos=5 covering_arc_id=1837
[V3A-FEAS] current_full_route_cut_size=8
[V3A-FEAS] prefix_through_failure_size=6 prefix_arc_ids=[0, 3595, 3632, 3542, 2395, 1837]
[V3A-FEAS] front_prune_test start_pos=0 candidate_size=6 candidate_ok=False candidate_fail_i=12 candidate_skeleton_len=14 candidate_arc_ids=[0, 3595, 3632, 3542, 2395, 1837]
[V3A-FEAS] front_prune_test start_pos=1 candidate_size=5 candidate_ok=False candidate_fail_i=11 candidate_skeleton_len=13 candidate_arc_ids=[3595, 3632, 3542, 2395, 1837]
[V3A-FEAS] front_prune_test start_pos=2 candidate_size=4 candidate_ok=False candidate_fail_i=9 candidate_skeleton_len=11 candidate_arc_ids=[3632, 3542, 2395, 1837]
[V3A-FEAS] front_prune_test start_pos=3 candidate_size=3 candidate_ok=False candidate_fail_i=7 candidate_skeleton_len=9 candidate_arc_ids=[3542, 2395, 1837]
[V3A-FEAS] front_prune_test start_pos=4 candidate_size=2 candidate_ok=False candidate_fail_i=5 candidate_skeleton_len=7 candidate_arc_ids=[2395, 1837]
[V3A-FEAS] front_prune_test start_pos=5 candidate_size=1 candidate_ok=True candidate_fail_i=None candidate_skeleton_len=5 candidate_arc_ids=[1837]
[V3A-FEAS] smallest_observed_front_pruned_bad_size=2
[V3A-FEAS] smallest_observed_front_pruned_bad_arc_ids=[2395, 1837]
[V3A-FEAS] diagnostic only: active lazy cut remains unchanged in v3a
[V3A-FEAS] front_prune_tests_run=6
[V3A-FEAS] infeasible route detected
[V3A-FEAS] route_arc_ids=[6, 3542, 2391, 3595, 3628, 1837, 1720, 3602]
[V3A-FEAS] route_len=8 skeleton_len=18 fail_i=12
[V3A-FEAS] failed_skeleton_edge=C12->C16
[V3A-FEAS] covering_arc_pos=5 covering_arc_id=1837
[V3A-FEAS] current_full_route_cut_size=8
[V3A-FEAS] prefix_through_failure_size=6 prefix_arc_ids=[6, 3542, 2391, 3595, 3628, 1837]
[V3A-FEAS] front_prune_test start_pos=0 candidate_size=6 candidate_ok=False candidate_fail_i=12 candidate_skeleton_len=14 candidate_arc_ids=[6, 3542, 2391, 3595, 3628, 1837]
[V3A-FEAS] front_prune_test start_pos=1 candidate_size=5 candidate_ok=False candidate_fail_i=11 candidate_skeleton_len=13 candidate_arc_ids=[3542, 2391, 3595, 3628, 1837]
[V3A-FEAS] front_prune_test start_pos=2 candidate_size=4 candidate_ok=False candidate_fail_i=9 candidate_skeleton_len=11 candidate_arc_ids=[2391, 3595, 3628, 1837]
[V3A-FEAS] front_prune_test start_pos=3 candidate_size=3 candidate_ok=False candidate_fail_i=7 candidate_skeleton_len=9 candidate_arc_ids=[3595, 3628, 1837]
[V3A-FEAS] front_prune_test start_pos=4 candidate_size=2 candidate_ok=False candidate_fail_i=5 candidate_skeleton_len=7 candidate_arc_ids=[3628, 1837]
[V3A-FEAS] front_prune_test start_pos=5 candidate_size=1 candidate_ok=True candidate_fail_i=None candidate_skeleton_len=5 candidate_arc_ids=[1837]
[V3A-FEAS] smallest_observed_front_pruned_bad_size=2
[V3A-FEAS] smallest_observed_front_pruned_bad_arc_ids=[3628, 1837]
[V3A-FEAS] diagnostic only: active lazy cut remains unchanged in v3a
[V3A-FEAS] front_prune_tests_run=6
[V3A-FEAS] infeasible route detected
[V3A-FEAS] route_arc_ids=[4, 3611, 1844, 1687, 3595, 3632, 3542, 2389]
[V3A-FEAS] route_len=8 skeleton_len=18 fail_i=5
[V3A-FEAS] failed_skeleton_edge=C9->C16
[V3A-FEAS] covering_arc_pos=2 covering_arc_id=1844
[V3A-FEAS] current_full_route_cut_size=8
[V3A-FEAS] prefix_through_failure_size=3 prefix_arc_ids=[4, 3611, 1844]
[V3A-FEAS] front_prune_test start_pos=0 candidate_size=3 candidate_ok=False candidate_fail_i=5 candidate_skeleton_len=7 candidate_arc_ids=[4, 3611, 1844]
[V3A-FEAS] front_prune_test start_pos=1 candidate_size=2 candidate_ok=False candidate_fail_i=4 candidate_skeleton_len=6 candidate_arc_ids=[3611, 1844]
[V3A-FEAS] front_prune_test start_pos=2 candidate_size=1 candidate_ok=True candidate_fail_i=None candidate_skeleton_len=4 candidate_arc_ids=[1844]
[V3A-FEAS] smallest_observed_front_pruned_bad_size=2
[V3A-FEAS] smallest_observed_front_pruned_bad_arc_ids=[3611, 1844]
[V3A-FEAS] diagnostic only: active lazy cut remains unchanged in v3a
[V3A-FEAS] front_prune_tests_run=3
[V3A-FEAS] infeasible route detected
[V3A-FEAS] route_arc_ids=[4, 3611, 1844, 1695, 2393, 3632, 3532, 3594]
[V3A-FEAS] route_len=8 skeleton_len=18 fail_i=5
[V3A-FEAS] failed_skeleton_edge=C9->C16
[V3A-FEAS] covering_arc_pos=2 covering_arc_id=1844
[V3A-FEAS] current_full_route_cut_size=8
[V3A-FEAS] prefix_through_failure_size=3 prefix_arc_ids=[4, 3611, 1844]
[V3A-FEAS] front_prune_test start_pos=0 candidate_size=3 candidate_ok=False candidate_fail_i=5 candidate_skeleton_len=7 candidate_arc_ids=[4, 3611, 1844]
[V3A-FEAS] front_prune_test start_pos=1 candidate_size=2 candidate_ok=False candidate_fail_i=4 candidate_skeleton_len=6 candidate_arc_ids=[3611, 1844]
[V3A-FEAS] front_prune_test start_pos=2 candidate_size=1 candidate_ok=True candidate_fail_i=None candidate_skeleton_len=4 candidate_arc_ids=[1844]
[V3A-FEAS] smallest_observed_front_pruned_bad_size=2
[V3A-FEAS] smallest_observed_front_pruned_bad_arc_ids=[3611, 1844]
[V3A-FEAS] diagnostic only: active lazy cut remains unchanged in v3a
[V3A-FEAS] front_prune_tests_run=3
[V3A-FEAS] infeasible route detected
[V3A-FEAS] route_arc_ids=[4, 3611, 1844, 1688, 3595, 3632, 3542, 2390]
[V3A-FEAS] route_len=8 skeleton_len=18 fail_i=5
[V3A-FEAS] failed_skeleton_edge=C9->C16
[V3A-FEAS] covering_arc_pos=2 covering_arc_id=1844
[V3A-FEAS] current_full_route_cut_size=8
[V3A-FEAS] prefix_through_failure_size=3 prefix_arc_ids=[4, 3611, 1844]
[V3A-FEAS] front_prune_test start_pos=0 candidate_size=3 candidate_ok=False candidate_fail_i=5 candidate_skeleton_len=7 candidate_arc_ids=[4, 3611, 1844]
[V3A-FEAS] front_prune_test start_pos=1 candidate_size=2 candidate_ok=False candidate_fail_i=4 candidate_skeleton_len=6 candidate_arc_ids=[3611, 1844]
[V3A-FEAS] front_prune_test start_pos=2 candidate_size=1 candidate_ok=True candidate_fail_i=None candidate_skeleton_len=4 candidate_arc_ids=[1844]
[V3A-FEAS] smallest_observed_front_pruned_bad_size=2
[V3A-FEAS] smallest_observed_front_pruned_bad_arc_ids=[3611, 1844]
[V3A-FEAS] diagnostic only: active lazy cut remains unchanged in v3a
[V3A-FEAS] front_prune_tests_run=3
[V3A-FEAS] infeasible route detected
[V3A-FEAS] route_arc_ids=[4, 3611, 1844, 1688, 3595, 3632, 3542, 2389]
[V3A-FEAS] route_len=8 skeleton_len=18 fail_i=5
[V3A-FEAS] failed_skeleton_edge=C9->C16
[V3A-FEAS] covering_arc_pos=2 covering_arc_id=1844
[V3A-FEAS] current_full_route_cut_size=8
[V3A-FEAS] prefix_through_failure_size=3 prefix_arc_ids=[4, 3611, 1844]
[V3A-FEAS] front_prune_test start_pos=0 candidate_size=3 candidate_ok=False candidate_fail_i=5 candidate_skeleton_len=7 candidate_arc_ids=[4, 3611, 1844]
[V3A-FEAS] front_prune_test start_pos=1 candidate_size=2 candidate_ok=False candidate_fail_i=4 candidate_skeleton_len=6 candidate_arc_ids=[3611, 1844]
[V3A-FEAS] front_prune_test start_pos=2 candidate_size=1 candidate_ok=True candidate_fail_i=None candidate_skeleton_len=4 candidate_arc_ids=[1844]
[V3A-FEAS] smallest_observed_front_pruned_bad_size=2
[V3A-FEAS] smallest_observed_front_pruned_bad_arc_ids=[3611, 1844]
[V3A-FEAS] diagnostic only: active lazy cut remains unchanged in v3a
[V3A-FEAS] front_prune_tests_run=3
[V3A-FEAS] infeasible route detected
[V3A-FEAS] route_arc_ids=[4, 3611, 1844, 1698, 3542, 2391, 3595, 3626]
[V3A-FEAS] route_len=8 skeleton_len=18 fail_i=5
[V3A-FEAS] failed_skeleton_edge=C9->C16
[V3A-FEAS] covering_arc_pos=2 covering_arc_id=1844
[V3A-FEAS] current_full_route_cut_size=8
[V3A-FEAS] prefix_through_failure_size=3 prefix_arc_ids=[4, 3611, 1844]
[V3A-FEAS] front_prune_test start_pos=0 candidate_size=3 candidate_ok=False candidate_fail_i=5 candidate_skeleton_len=7 candidate_arc_ids=[4, 3611, 1844]
[V3A-FEAS] front_prune_test start_pos=1 candidate_size=2 candidate_ok=False candidate_fail_i=4 candidate_skeleton_len=6 candidate_arc_ids=[3611, 1844]
[V3A-FEAS] front_prune_test start_pos=2 candidate_size=1 candidate_ok=True candidate_fail_i=None candidate_skeleton_len=4 candidate_arc_ids=[1844]
[V3A-FEAS] smallest_observed_front_pruned_bad_size=2
[V3A-FEAS] smallest_observed_front_pruned_bad_arc_ids=[3611, 1844]
[V3A-FEAS] diagnostic only: active lazy cut remains unchanged in v3a
[V3A-FEAS] front_prune_tests_run=3
[V3A-FEAS] infeasible route detected
[V3A-FEAS] route_arc_ids=[0, 3595, 3632, 3542, 2399, 3611, 1844, 1685]
[V3A-FEAS] route_len=8 skeleton_len=18 fail_i=13
[V3A-FEAS] failed_skeleton_edge=C9->C16
[V3A-FEAS] covering_arc_pos=6 covering_arc_id=1844
[V3A-FEAS] current_full_route_cut_size=8
[V3A-FEAS] prefix_through_failure_size=7 prefix_arc_ids=[0, 3595, 3632, 3542, 2399, 3611, 1844]
[V3A-FEAS] front_prune_test start_pos=0 candidate_size=7 candidate_ok=False candidate_fail_i=13 candidate_skeleton_len=15 candidate_arc_ids=[0, 3595, 3632, 3542, 2399, 3611, 1844]
[V3A-FEAS] front_prune_test start_pos=1 candidate_size=6 candidate_ok=False candidate_fail_i=12 candidate_skeleton_len=14 candidate_arc_ids=[3595, 3632, 3542, 2399, 3611, 1844]
[V3A-FEAS] front_prune_test start_pos=2 candidate_size=5 candidate_ok=False candidate_fail_i=10 candidate_skeleton_len=12 candidate_arc_ids=[3632, 3542, 2399, 3611, 1844]
[V3A-FEAS] front_prune_test start_pos=3 candidate_size=4 candidate_ok=False candidate_fail_i=8 candidate_skeleton_len=10 candidate_arc_ids=[3542, 2399, 3611, 1844]
[V3A-FEAS] front_prune_test start_pos=4 candidate_size=3 candidate_ok=False candidate_fail_i=6 candidate_skeleton_len=8 candidate_arc_ids=[2399, 3611, 1844]
[V3A-FEAS] front_prune_test start_pos=5 candidate_size=2 candidate_ok=False candidate_fail_i=4 candidate_skeleton_len=6 candidate_arc_ids=[3611, 1844]
[V3A-FEAS] front_prune_test start_pos=6 candidate_size=1 candidate_ok=True candidate_fail_i=None candidate_skeleton_len=4 candidate_arc_ids=[1844]
[V3A-FEAS] smallest_observed_front_pruned_bad_size=2
[V3A-FEAS] smallest_observed_front_pruned_bad_arc_ids=[3611, 1844]
[V3A-FEAS] diagnostic only: active lazy cut remains unchanged in v3a
[V3A-FEAS] front_prune_tests_run=7
[V3A-FEAS] infeasible route detected
[V3A-FEAS] route_arc_ids=[6, 3542, 2392, 3595, 3630, 3611, 1844, 1685]
[V3A-FEAS] route_len=8 skeleton_len=18 fail_i=13
[V3A-FEAS] failed_skeleton_edge=C9->C16
[V3A-FEAS] covering_arc_pos=6 covering_arc_id=1844
[V3A-FEAS] current_full_route_cut_size=8
[V3A-FEAS] prefix_through_failure_size=7 prefix_arc_ids=[6, 3542, 2392, 3595, 3630, 3611, 1844]
[V3A-FEAS] front_prune_test start_pos=0 candidate_size=7 candidate_ok=False candidate_fail_i=13 candidate_skeleton_len=15 candidate_arc_ids=[6, 3542, 2392, 3595, 3630, 3611, 1844]
[V3A-FEAS] front_prune_test start_pos=1 candidate_size=6 candidate_ok=False candidate_fail_i=12 candidate_skeleton_len=14 candidate_arc_ids=[3542, 2392, 3595, 3630, 3611, 1844]
[V3A-FEAS] front_prune_test start_pos=2 candidate_size=5 candidate_ok=False candidate_fail_i=10 candidate_skeleton_len=12 candidate_arc_ids=[2392, 3595, 3630, 3611, 1844]
[V3A-FEAS] front_prune_test start_pos=3 candidate_size=4 candidate_ok=False candidate_fail_i=8 candidate_skeleton_len=10 candidate_arc_ids=[3595, 3630, 3611, 1844]
[V3A-FEAS] front_prune_test start_pos=4 candidate_size=3 candidate_ok=False candidate_fail_i=6 candidate_skeleton_len=8 candidate_arc_ids=[3630, 3611, 1844]
[V3A-FEAS] front_prune_test start_pos=5 candidate_size=2 candidate_ok=False candidate_fail_i=4 candidate_skeleton_len=6 candidate_arc_ids=[3611, 1844]
[V3A-FEAS] front_prune_test start_pos=6 candidate_size=1 candidate_ok=True candidate_fail_i=None candidate_skeleton_len=4 candidate_arc_ids=[1844]
[V3A-FEAS] smallest_observed_front_pruned_bad_size=2
[V3A-FEAS] smallest_observed_front_pruned_bad_arc_ids=[3611, 1844]
[V3A-FEAS] diagnostic only: active lazy cut remains unchanged in v3a
[V3A-FEAS] front_prune_tests_run=7
[V3A-FEAS] infeasible route detected
[V3A-FEAS] route_arc_ids=[4, 3611, 1844, 1697, 3542, 2391, 3595, 3626]
[V3A-FEAS] route_len=8 skeleton_len=18 fail_i=5
[V3A-FEAS] failed_skeleton_edge=C9->C16
[V3A-FEAS] covering_arc_pos=2 covering_arc_id=1844
[V3A-FEAS] current_full_route_cut_size=8
[V3A-FEAS] prefix_through_failure_size=3 prefix_arc_ids=[4, 3611, 1844]
[V3A-FEAS] front_prune_test start_pos=0 candidate_size=3 candidate_ok=False candidate_fail_i=5 candidate_skeleton_len=7 candidate_arc_ids=[4, 3611, 1844]
[V3A-FEAS] front_prune_test start_pos=1 candidate_size=2 candidate_ok=False candidate_fail_i=4 candidate_skeleton_len=6 candidate_arc_ids=[3611, 1844]
[V3A-FEAS] front_prune_test start_pos=2 candidate_size=1 candidate_ok=True candidate_fail_i=None candidate_skeleton_len=4 candidate_arc_ids=[1844]
[V3A-FEAS] smallest_observed_front_pruned_bad_size=2
[V3A-FEAS] smallest_observed_front_pruned_bad_arc_ids=[3611, 1844]
[V3A-FEAS] diagnostic only: active lazy cut remains unchanged in v3a
[V3A-FEAS] front_prune_tests_run=3
[V3A-FEAS] infeasible route detected
[V3A-FEAS] route_arc_ids=[0, 3595, 3632, 3543, 2399, 3611, 1844, 1686]
[V3A-FEAS] route_len=8 skeleton_len=18 fail_i=13
[V3A-FEAS] failed_skeleton_edge=C9->C16
[V3A-FEAS] covering_arc_pos=6 covering_arc_id=1844
[V3A-FEAS] current_full_route_cut_size=8
[V3A-FEAS] prefix_through_failure_size=7 prefix_arc_ids=[0, 3595, 3632, 3543, 2399, 3611, 1844]
[V3A-FEAS] front_prune_test start_pos=0 candidate_size=7 candidate_ok=False candidate_fail_i=13 candidate_skeleton_len=15 candidate_arc_ids=[0, 3595, 3632, 3543, 2399, 3611, 1844]
[V3A-FEAS] front_prune_test start_pos=1 candidate_size=6 candidate_ok=False candidate_fail_i=12 candidate_skeleton_len=14 candidate_arc_ids=[3595, 3632, 3543, 2399, 3611, 1844]
[V3A-FEAS] front_prune_test start_pos=2 candidate_size=5 candidate_ok=False candidate_fail_i=10 candidate_skeleton_len=12 candidate_arc_ids=[3632, 3543, 2399, 3611, 1844]
[V3A-FEAS] front_prune_test start_pos=3 candidate_size=4 candidate_ok=False candidate_fail_i=8 candidate_skeleton_len=10 candidate_arc_ids=[3543, 2399, 3611, 1844]
[V3A-FEAS] front_prune_test start_pos=4 candidate_size=3 candidate_ok=False candidate_fail_i=6 candidate_skeleton_len=8 candidate_arc_ids=[2399, 3611, 1844]
[V3A-FEAS] front_prune_test start_pos=5 candidate_size=2 candidate_ok=False candidate_fail_i=4 candidate_skeleton_len=6 candidate_arc_ids=[3611, 1844]
[V3A-FEAS] front_prune_test start_pos=6 candidate_size=1 candidate_ok=True candidate_fail_i=None candidate_skeleton_len=4 candidate_arc_ids=[1844]
[V3A-FEAS] smallest_observed_front_pruned_bad_size=2
[V3A-FEAS] smallest_observed_front_pruned_bad_arc_ids=[3611, 1844]
[V3A-FEAS] diagnostic only: active lazy cut remains unchanged in v3a
[V3A-FEAS] front_prune_tests_run=7
[V3A-FEAS] infeasible route detected
[V3A-FEAS] route_arc_ids=[4, 3611, 1844, 2586, 3337, 3302, 2926, 3003]
[V3A-FEAS] route_len=8 skeleton_len=18 fail_i=5
[V3A-FEAS] failed_skeleton_edge=C9->C16
[V3A-FEAS] covering_arc_pos=2 covering_arc_id=1844
[V3A-FEAS] current_full_route_cut_size=8
[V3A-FEAS] prefix_through_failure_size=3 prefix_arc_ids=[4, 3611, 1844]
[V3A-FEAS] front_prune_test start_pos=0 candidate_size=3 candidate_ok=False candidate_fail_i=5 candidate_skeleton_len=7 candidate_arc_ids=[4, 3611, 1844]
[V3A-FEAS] front_prune_test start_pos=1 candidate_size=2 candidate_ok=False candidate_fail_i=4 candidate_skeleton_len=6 candidate_arc_ids=[3611, 1844]
[V3A-FEAS] front_prune_test start_pos=2 candidate_size=1 candidate_ok=True candidate_fail_i=None candidate_skeleton_len=4 candidate_arc_ids=[1844]
[V3A-FEAS] smallest_observed_front_pruned_bad_size=2
[V3A-FEAS] smallest_observed_front_pruned_bad_arc_ids=[3611, 1844]
[V3A-FEAS] diagnostic only: active lazy cut remains unchanged in v3a
[V3A-FEAS] front_prune_tests_run=3
[V3A-FEAS] infeasible route detected
[V3A-FEAS] route_arc_ids=[4, 3611, 1844, 1687, 3595, 3632, 3543, 2389]
[V3A-FEAS] route_len=8 skeleton_len=18 fail_i=5
[V3A-FEAS] failed_skeleton_edge=C9->C16
[V3A-FEAS] covering_arc_pos=2 covering_arc_id=1844
[V3A-FEAS] current_full_route_cut_size=8
[V3A-FEAS] prefix_through_failure_size=3 prefix_arc_ids=[4, 3611, 1844]
[V3A-FEAS] front_prune_test start_pos=0 candidate_size=3 candidate_ok=False candidate_fail_i=5 candidate_skeleton_len=7 candidate_arc_ids=[4, 3611, 1844]
[V3A-FEAS] front_prune_test start_pos=1 candidate_size=2 candidate_ok=False candidate_fail_i=4 candidate_skeleton_len=6 candidate_arc_ids=[3611, 1844]
[V3A-FEAS] front_prune_test start_pos=2 candidate_size=1 candidate_ok=True candidate_fail_i=None candidate_skeleton_len=4 candidate_arc_ids=[1844]
[V3A-FEAS] smallest_observed_front_pruned_bad_size=2
[V3A-FEAS] smallest_observed_front_pruned_bad_arc_ids=[3611, 1844]
[V3A-FEAS] diagnostic only: active lazy cut remains unchanged in v3a
[V3A-FEAS] front_prune_tests_run=3
[V3A-FEAS] infeasible route detected
[V3A-FEAS] route_arc_ids=[4, 3611, 1844, 1698, 3543, 2391, 3595, 3626]
[V3A-FEAS] route_len=8 skeleton_len=18 fail_i=5
[V3A-FEAS] failed_skeleton_edge=C9->C16
[V3A-FEAS] covering_arc_pos=2 covering_arc_id=1844
[V3A-FEAS] current_full_route_cut_size=8
[V3A-FEAS] prefix_through_failure_size=3 prefix_arc_ids=[4, 3611, 1844]
[V3A-FEAS] front_prune_test start_pos=0 candidate_size=3 candidate_ok=False candidate_fail_i=5 candidate_skeleton_len=7 candidate_arc_ids=[4, 3611, 1844]
[V3A-FEAS] front_prune_test start_pos=1 candidate_size=2 candidate_ok=False candidate_fail_i=4 candidate_skeleton_len=6 candidate_arc_ids=[3611, 1844]
[V3A-FEAS] front_prune_test start_pos=2 candidate_size=1 candidate_ok=True candidate_fail_i=None candidate_skeleton_len=4 candidate_arc_ids=[1844]
[V3A-FEAS] smallest_observed_front_pruned_bad_size=2
[V3A-FEAS] smallest_observed_front_pruned_bad_arc_ids=[3611, 1844]
[V3A-FEAS] diagnostic only: active lazy cut remains unchanged in v3a
[V3A-FEAS] front_prune_tests_run=3
[V3A-FEAS] infeasible route detected
[V3A-FEAS] route_arc_ids=[4, 3611, 1844, 2585, 3337, 3302, 2926, 3003]
[V3A-FEAS] route_len=8 skeleton_len=18 fail_i=5
[V3A-FEAS] failed_skeleton_edge=C9->C16
[V3A-FEAS] covering_arc_pos=2 covering_arc_id=1844
[V3A-FEAS] current_full_route_cut_size=8
[V3A-FEAS] prefix_through_failure_size=3 prefix_arc_ids=[4, 3611, 1844]
[V3A-FEAS] front_prune_test start_pos=0 candidate_size=3 candidate_ok=False candidate_fail_i=5 candidate_skeleton_len=7 candidate_arc_ids=[4, 3611, 1844]
[V3A-FEAS] front_prune_test start_pos=1 candidate_size=2 candidate_ok=False candidate_fail_i=4 candidate_skeleton_len=6 candidate_arc_ids=[3611, 1844]
[V3A-FEAS] front_prune_test start_pos=2 candidate_size=1 candidate_ok=True candidate_fail_i=None candidate_skeleton_len=4 candidate_arc_ids=[1844]
[V3A-FEAS] smallest_observed_front_pruned_bad_size=2
[V3A-FEAS] smallest_observed_front_pruned_bad_arc_ids=[3611, 1844]
[V3A-FEAS] diagnostic only: active lazy cut remains unchanged in v3a
[V3A-FEAS] front_prune_tests_run=3
[V3A-FEAS] infeasible route detected
[V3A-FEAS] route_arc_ids=[4, 3611, 1844, 2586, 3337, 3302, 2926, 3004]
[V3A-FEAS] route_len=8 skeleton_len=18 fail_i=5
[V3A-FEAS] failed_skeleton_edge=C9->C16
[V3A-FEAS] covering_arc_pos=2 covering_arc_id=1844
[V3A-FEAS] current_full_route_cut_size=8
[V3A-FEAS] prefix_through_failure_size=3 prefix_arc_ids=[4, 3611, 1844]
[V3A-FEAS] front_prune_test start_pos=0 candidate_size=3 candidate_ok=False candidate_fail_i=5 candidate_skeleton_len=7 candidate_arc_ids=[4, 3611, 1844]
[V3A-FEAS] front_prune_test start_pos=1 candidate_size=2 candidate_ok=False candidate_fail_i=4 candidate_skeleton_len=6 candidate_arc_ids=[3611, 1844]
[V3A-FEAS] front_prune_test start_pos=2 candidate_size=1 candidate_ok=True candidate_fail_i=None candidate_skeleton_len=4 candidate_arc_ids=[1844]
[V3A-FEAS] smallest_observed_front_pruned_bad_size=2
[V3A-FEAS] smallest_observed_front_pruned_bad_arc_ids=[3611, 1844]
[V3A-FEAS] diagnostic only: active lazy cut remains unchanged in v3a
[V3A-FEAS] front_prune_tests_run=3
[V3A-FEAS] infeasible route detected
[V3A-FEAS] route_arc_ids=[6, 3532, 3595, 3631, 2399, 3611, 1844, 1686]
[V3A-FEAS] route_len=8 skeleton_len=18 fail_i=13
[V3A-FEAS] failed_skeleton_edge=C9->C16
[V3A-FEAS] covering_arc_pos=6 covering_arc_id=1844
[V3A-FEAS] current_full_route_cut_size=8
[V3A-FEAS] prefix_through_failure_size=7 prefix_arc_ids=[6, 3532, 3595, 3631, 2399, 3611, 1844]
[V3A-FEAS] front_prune_test start_pos=0 candidate_size=7 candidate_ok=False candidate_fail_i=13 candidate_skeleton_len=15 candidate_arc_ids=[6, 3532, 3595, 3631, 2399, 3611, 1844]
[V3A-FEAS] front_prune_test start_pos=1 candidate_size=6 candidate_ok=False candidate_fail_i=12 candidate_skeleton_len=14 candidate_arc_ids=[3532, 3595, 3631, 2399, 3611, 1844]
[V3A-FEAS] front_prune_test start_pos=2 candidate_size=5 candidate_ok=False candidate_fail_i=10 candidate_skeleton_len=12 candidate_arc_ids=[3595, 3631, 2399, 3611, 1844]
[V3A-FEAS] front_prune_test start_pos=3 candidate_size=4 candidate_ok=False candidate_fail_i=8 candidate_skeleton_len=10 candidate_arc_ids=[3631, 2399, 3611, 1844]
[V3A-FEAS] front_prune_test start_pos=4 candidate_size=3 candidate_ok=False candidate_fail_i=6 candidate_skeleton_len=8 candidate_arc_ids=[2399, 3611, 1844]
[V3A-FEAS] front_prune_test start_pos=5 candidate_size=2 candidate_ok=False candidate_fail_i=4 candidate_skeleton_len=6 candidate_arc_ids=[3611, 1844]
[V3A-FEAS] front_prune_test start_pos=6 candidate_size=1 candidate_ok=True candidate_fail_i=None candidate_skeleton_len=4 candidate_arc_ids=[1844]
[V3A-FEAS] smallest_observed_front_pruned_bad_size=2
[V3A-FEAS] smallest_observed_front_pruned_bad_arc_ids=[3611, 1844]
[V3A-FEAS] diagnostic only: active lazy cut remains unchanged in v3a
[V3A-FEAS] front_prune_tests_run=7
[V3A-FEAS] infeasible route detected
[V3A-FEAS] route_arc_ids=[4, 3611, 1844, 1696, 2391, 3595, 3632, 3530]
[V3A-FEAS] route_len=8 skeleton_len=18 fail_i=5
[V3A-FEAS] failed_skeleton_edge=C9->C16
[V3A-FEAS] covering_arc_pos=2 covering_arc_id=1844
[V3A-FEAS] current_full_route_cut_size=8
[V3A-FEAS] prefix_through_failure_size=3 prefix_arc_ids=[4, 3611, 1844]
[V3A-FEAS] front_prune_test start_pos=0 candidate_size=3 candidate_ok=False candidate_fail_i=5 candidate_skeleton_len=7 candidate_arc_ids=[4, 3611, 1844]
[V3A-FEAS] front_prune_test start_pos=1 candidate_size=2 candidate_ok=False candidate_fail_i=4 candidate_skeleton_len=6 candidate_arc_ids=[3611, 1844]
[V3A-FEAS] front_prune_test start_pos=2 candidate_size=1 candidate_ok=True candidate_fail_i=None candidate_skeleton_len=4 candidate_arc_ids=[1844]
[V3A-FEAS] smallest_observed_front_pruned_bad_size=2
[V3A-FEAS] smallest_observed_front_pruned_bad_arc_ids=[3611, 1844]
[V3A-FEAS] diagnostic only: active lazy cut remains unchanged in v3a
[V3A-FEAS] front_prune_tests_run=3
[V3A-FEAS] infeasible route detected
[V3A-FEAS] route_arc_ids=[0, 3595, 3632, 3543, 2399, 3611, 1844, 1685]
[V3A-FEAS] route_len=8 skeleton_len=18 fail_i=13
[V3A-FEAS] failed_skeleton_edge=C9->C16
[V3A-FEAS] covering_arc_pos=6 covering_arc_id=1844
[V3A-FEAS] current_full_route_cut_size=8
[V3A-FEAS] prefix_through_failure_size=7 prefix_arc_ids=[0, 3595, 3632, 3543, 2399, 3611, 1844]
[V3A-FEAS] front_prune_test start_pos=0 candidate_size=7 candidate_ok=False candidate_fail_i=13 candidate_skeleton_len=15 candidate_arc_ids=[0, 3595, 3632, 3543, 2399, 3611, 1844]
[V3A-FEAS] front_prune_test start_pos=1 candidate_size=6 candidate_ok=False candidate_fail_i=12 candidate_skeleton_len=14 candidate_arc_ids=[3595, 3632, 3543, 2399, 3611, 1844]
[V3A-FEAS] front_prune_test start_pos=2 candidate_size=5 candidate_ok=False candidate_fail_i=10 candidate_skeleton_len=12 candidate_arc_ids=[3632, 3543, 2399, 3611, 1844]
[V3A-FEAS] front_prune_test start_pos=3 candidate_size=4 candidate_ok=False candidate_fail_i=8 candidate_skeleton_len=10 candidate_arc_ids=[3543, 2399, 3611, 1844]
[V3A-FEAS] front_prune_test start_pos=4 candidate_size=3 candidate_ok=False candidate_fail_i=6 candidate_skeleton_len=8 candidate_arc_ids=[2399, 3611, 1844]
[V3A-FEAS] front_prune_test start_pos=5 candidate_size=2 candidate_ok=False candidate_fail_i=4 candidate_skeleton_len=6 candidate_arc_ids=[3611, 1844]
[V3A-FEAS] front_prune_test start_pos=6 candidate_size=1 candidate_ok=True candidate_fail_i=None candidate_skeleton_len=4 candidate_arc_ids=[1844]
[V3A-FEAS] smallest_observed_front_pruned_bad_size=2
[V3A-FEAS] smallest_observed_front_pruned_bad_arc_ids=[3611, 1844]
[V3A-FEAS] diagnostic only: active lazy cut remains unchanged in v3a
[V3A-FEAS] front_prune_tests_run=7
[V3A-FEAS] infeasible route detected
[V3A-FEAS] route_arc_ids=[4, 3611, 1844, 2585, 3337, 3302, 2926, 3004]
[V3A-FEAS] route_len=8 skeleton_len=18 fail_i=5
[V3A-FEAS] failed_skeleton_edge=C9->C16
[V3A-FEAS] covering_arc_pos=2 covering_arc_id=1844
[V3A-FEAS] current_full_route_cut_size=8
[V3A-FEAS] prefix_through_failure_size=3 prefix_arc_ids=[4, 3611, 1844]
[V3A-FEAS] front_prune_test start_pos=0 candidate_size=3 candidate_ok=False candidate_fail_i=5 candidate_skeleton_len=7 candidate_arc_ids=[4, 3611, 1844]
[V3A-FEAS] front_prune_test start_pos=1 candidate_size=2 candidate_ok=False candidate_fail_i=4 candidate_skeleton_len=6 candidate_arc_ids=[3611, 1844]
[V3A-FEAS] front_prune_test start_pos=2 candidate_size=1 candidate_ok=True candidate_fail_i=None candidate_skeleton_len=4 candidate_arc_ids=[1844]
[V3A-FEAS] smallest_observed_front_pruned_bad_size=2
[V3A-FEAS] smallest_observed_front_pruned_bad_arc_ids=[3611, 1844]
[V3A-FEAS] diagnostic only: active lazy cut remains unchanged in v3a
[V3A-FEAS] front_prune_tests_run=3
[V3A-FEAS] infeasible route detected
[V3A-FEAS] route_arc_ids=[6, 3542, 2399, 3611, 1844, 1687, 3595, 3626]
[V3A-FEAS] route_len=8 skeleton_len=18 fail_i=9
[V3A-FEAS] failed_skeleton_edge=C9->C16
[V3A-FEAS] covering_arc_pos=4 covering_arc_id=1844
[V3A-FEAS] current_full_route_cut_size=8
[V3A-FEAS] prefix_through_failure_size=5 prefix_arc_ids=[6, 3542, 2399, 3611, 1844]
[V3A-FEAS] front_prune_test start_pos=0 candidate_size=5 candidate_ok=False candidate_fail_i=9 candidate_skeleton_len=11 candidate_arc_ids=[6, 3542, 2399, 3611, 1844]
[V3A-FEAS] front_prune_test start_pos=1 candidate_size=4 candidate_ok=False candidate_fail_i=8 candidate_skeleton_len=10 candidate_arc_ids=[3542, 2399, 3611, 1844]
[V3A-FEAS] front_prune_test start_pos=2 candidate_size=3 candidate_ok=False candidate_fail_i=6 candidate_skeleton_len=8 candidate_arc_ids=[2399, 3611, 1844]
[V3A-FEAS] front_prune_test start_pos=3 candidate_size=2 candidate_ok=False candidate_fail_i=4 candidate_skeleton_len=6 candidate_arc_ids=[3611, 1844]
[V3A-FEAS] front_prune_test start_pos=4 candidate_size=1 candidate_ok=True candidate_fail_i=None candidate_skeleton_len=4 candidate_arc_ids=[1844]
[V3A-FEAS] smallest_observed_front_pruned_bad_size=2
[V3A-FEAS] smallest_observed_front_pruned_bad_arc_ids=[3611, 1844]
[V3A-FEAS] diagnostic only: active lazy cut remains unchanged in v3a
[V3A-FEAS] front_prune_tests_run=5
[V3A-FEAS] infeasible route detected
[V3A-FEAS] route_arc_ids=[6, 3542, 2399, 3611, 1844, 1688, 3595, 3626]
[V3A-FEAS] route_len=8 skeleton_len=18 fail_i=9
[V3A-FEAS] failed_skeleton_edge=C9->C16
[V3A-FEAS] covering_arc_pos=4 covering_arc_id=1844
[V3A-FEAS] current_full_route_cut_size=8
[V3A-FEAS] prefix_through_failure_size=5 prefix_arc_ids=[6, 3542, 2399, 3611, 1844]
[V3A-FEAS] front_prune_test start_pos=0 candidate_size=5 candidate_ok=False candidate_fail_i=9 candidate_skeleton_len=11 candidate_arc_ids=[6, 3542, 2399, 3611, 1844]
[V3A-FEAS] front_prune_test start_pos=1 candidate_size=4 candidate_ok=False candidate_fail_i=8 candidate_skeleton_len=10 candidate_arc_ids=[3542, 2399, 3611, 1844]
[V3A-FEAS] front_prune_test start_pos=2 candidate_size=3 candidate_ok=False candidate_fail_i=6 candidate_skeleton_len=8 candidate_arc_ids=[2399, 3611, 1844]
[V3A-FEAS] front_prune_test start_pos=3 candidate_size=2 candidate_ok=False candidate_fail_i=4 candidate_skeleton_len=6 candidate_arc_ids=[3611, 1844]
[V3A-FEAS] front_prune_test start_pos=4 candidate_size=1 candidate_ok=True candidate_fail_i=None candidate_skeleton_len=4 candidate_arc_ids=[1844]
[V3A-FEAS] smallest_observed_front_pruned_bad_size=2
[V3A-FEAS] smallest_observed_front_pruned_bad_arc_ids=[3611, 1844]
[V3A-FEAS] diagnostic only: active lazy cut remains unchanged in v3a
[V3A-FEAS] front_prune_tests_run=5
[V3A-FEAS] infeasible route detected
[V3A-FEAS] route_arc_ids=[4, 3611, 1844, 1688, 3595, 3632, 3543, 2389]
[V3A-FEAS] route_len=8 skeleton_len=18 fail_i=5
[V3A-FEAS] failed_skeleton_edge=C9->C16
[V3A-FEAS] covering_arc_pos=2 covering_arc_id=1844
[V3A-FEAS] current_full_route_cut_size=8
[V3A-FEAS] prefix_through_failure_size=3 prefix_arc_ids=[4, 3611, 1844]
[V3A-FEAS] front_prune_test start_pos=0 candidate_size=3 candidate_ok=False candidate_fail_i=5 candidate_skeleton_len=7 candidate_arc_ids=[4, 3611, 1844]
[V3A-FEAS] front_prune_test start_pos=1 candidate_size=2 candidate_ok=False candidate_fail_i=4 candidate_skeleton_len=6 candidate_arc_ids=[3611, 1844]
[V3A-FEAS] front_prune_test start_pos=2 candidate_size=1 candidate_ok=True candidate_fail_i=None candidate_skeleton_len=4 candidate_arc_ids=[1844]
[V3A-FEAS] smallest_observed_front_pruned_bad_size=2
[V3A-FEAS] smallest_observed_front_pruned_bad_arc_ids=[3611, 1844]
[V3A-FEAS] diagnostic only: active lazy cut remains unchanged in v3a
[V3A-FEAS] front_prune_tests_run=3
[V3A-FEAS] infeasible route detected
[V3A-FEAS] route_arc_ids=[6, 3542, 2391, 3595, 3630, 3611, 1844, 1686]
[V3A-FEAS] route_len=8 skeleton_len=18 fail_i=13
[V3A-FEAS] failed_skeleton_edge=C9->C16
[V3A-FEAS] covering_arc_pos=6 covering_arc_id=1844
[V3A-FEAS] current_full_route_cut_size=8
[V3A-FEAS] prefix_through_failure_size=7 prefix_arc_ids=[6, 3542, 2391, 3595, 3630, 3611, 1844]
[V3A-FEAS] front_prune_test start_pos=0 candidate_size=7 candidate_ok=False candidate_fail_i=13 candidate_skeleton_len=15 candidate_arc_ids=[6, 3542, 2391, 3595, 3630, 3611, 1844]
[V3A-FEAS] front_prune_test start_pos=1 candidate_size=6 candidate_ok=False candidate_fail_i=12 candidate_skeleton_len=14 candidate_arc_ids=[3542, 2391, 3595, 3630, 3611, 1844]
[V3A-FEAS] front_prune_test start_pos=2 candidate_size=5 candidate_ok=False candidate_fail_i=10 candidate_skeleton_len=12 candidate_arc_ids=[2391, 3595, 3630, 3611, 1844]
[V3A-FEAS] front_prune_test start_pos=3 candidate_size=4 candidate_ok=False candidate_fail_i=8 candidate_skeleton_len=10 candidate_arc_ids=[3595, 3630, 3611, 1844]
[V3A-FEAS] front_prune_test start_pos=4 candidate_size=3 candidate_ok=False candidate_fail_i=6 candidate_skeleton_len=8 candidate_arc_ids=[3630, 3611, 1844]
[V3A-FEAS] front_prune_test start_pos=5 candidate_size=2 candidate_ok=False candidate_fail_i=4 candidate_skeleton_len=6 candidate_arc_ids=[3611, 1844]
[V3A-FEAS] front_prune_test start_pos=6 candidate_size=1 candidate_ok=True candidate_fail_i=None candidate_skeleton_len=4 candidate_arc_ids=[1844]
[V3A-FEAS] smallest_observed_front_pruned_bad_size=2
[V3A-FEAS] smallest_observed_front_pruned_bad_arc_ids=[3611, 1844]
[V3A-FEAS] diagnostic only: active lazy cut remains unchanged in v3a
[V3A-FEAS] front_prune_tests_run=7
[V3A-FEAS] infeasible route detected
[V3A-FEAS] route_arc_ids=[0, 3595, 3632, 3542, 2399, 3611, 1845, 1685]
[V3A-FEAS] route_len=8 skeleton_len=18 fail_i=13
[V3A-FEAS] failed_skeleton_edge=C9->C16
[V3A-FEAS] covering_arc_pos=6 covering_arc_id=1845
[V3A-FEAS] current_full_route_cut_size=8
[V3A-FEAS] prefix_through_failure_size=7 prefix_arc_ids=[0, 3595, 3632, 3542, 2399, 3611, 1845]
[V3A-FEAS] front_prune_test start_pos=0 candidate_size=7 candidate_ok=False candidate_fail_i=13 candidate_skeleton_len=15 candidate_arc_ids=[0, 3595, 3632, 3542, 2399, 3611, 1845]
[V3A-FEAS] front_prune_test start_pos=1 candidate_size=6 candidate_ok=False candidate_fail_i=12 candidate_skeleton_len=14 candidate_arc_ids=[3595, 3632, 3542, 2399, 3611, 1845]
[V3A-FEAS] front_prune_test start_pos=2 candidate_size=5 candidate_ok=False candidate_fail_i=10 candidate_skeleton_len=12 candidate_arc_ids=[3632, 3542, 2399, 3611, 1845]
[V3A-FEAS] front_prune_test start_pos=3 candidate_size=4 candidate_ok=False candidate_fail_i=8 candidate_skeleton_len=10 candidate_arc_ids=[3542, 2399, 3611, 1845]
[V3A-FEAS] front_prune_test start_pos=4 candidate_size=3 candidate_ok=False candidate_fail_i=6 candidate_skeleton_len=8 candidate_arc_ids=[2399, 3611, 1845]
[V3A-FEAS] front_prune_test start_pos=5 candidate_size=2 candidate_ok=False candidate_fail_i=4 candidate_skeleton_len=6 candidate_arc_ids=[3611, 1845]
[V3A-FEAS] front_prune_test start_pos=6 candidate_size=1 candidate_ok=True candidate_fail_i=None candidate_skeleton_len=4 candidate_arc_ids=[1845]
[V3A-FEAS] smallest_observed_front_pruned_bad_size=2
[V3A-FEAS] smallest_observed_front_pruned_bad_arc_ids=[3611, 1845]
[V3A-FEAS] diagnostic only: active lazy cut remains unchanged in v3a
[V3A-FEAS] front_prune_tests_run=7
[V3A-FEAS] infeasible route detected
[V3A-FEAS] route_arc_ids=[0, 3595, 3632, 3542, 2399, 3613, 1845, 1685]
[V3A-FEAS] route_len=8 skeleton_len=18 fail_i=13
[V3A-FEAS] failed_skeleton_edge=C9->C16
[V3A-FEAS] covering_arc_pos=6 covering_arc_id=1845
[V3A-FEAS] current_full_route_cut_size=8
[V3A-FEAS] prefix_through_failure_size=7 prefix_arc_ids=[0, 3595, 3632, 3542, 2399, 3613, 1845]
[V3A-FEAS] front_prune_test start_pos=0 candidate_size=7 candidate_ok=False candidate_fail_i=13 candidate_skeleton_len=15 candidate_arc_ids=[0, 3595, 3632, 3542, 2399, 3613, 1845]
[V3A-FEAS] front_prune_test start_pos=1 candidate_size=6 candidate_ok=False candidate_fail_i=12 candidate_skeleton_len=14 candidate_arc_ids=[3595, 3632, 3542, 2399, 3613, 1845]
[V3A-FEAS] front_prune_test start_pos=2 candidate_size=5 candidate_ok=False candidate_fail_i=10 candidate_skeleton_len=12 candidate_arc_ids=[3632, 3542, 2399, 3613, 1845]
[V3A-FEAS] front_prune_test start_pos=3 candidate_size=4 candidate_ok=False candidate_fail_i=8 candidate_skeleton_len=10 candidate_arc_ids=[3542, 2399, 3613, 1845]
[V3A-FEAS] front_prune_test start_pos=4 candidate_size=3 candidate_ok=False candidate_fail_i=6 candidate_skeleton_len=8 candidate_arc_ids=[2399, 3613, 1845]
[V3A-FEAS] front_prune_test start_pos=5 candidate_size=2 candidate_ok=False candidate_fail_i=4 candidate_skeleton_len=6 candidate_arc_ids=[3613, 1845]
[V3A-FEAS] front_prune_test start_pos=6 candidate_size=1 candidate_ok=True candidate_fail_i=None candidate_skeleton_len=4 candidate_arc_ids=[1845]
[V3A-FEAS] smallest_observed_front_pruned_bad_size=2
[V3A-FEAS] smallest_observed_front_pruned_bad_arc_ids=[3613, 1845]
[V3A-FEAS] diagnostic only: active lazy cut remains unchanged in v3a
[V3A-FEAS] front_prune_tests_run=7
[V3A-FEAS] infeasible route detected
[V3A-FEAS] route_arc_ids=[0, 3595, 3632, 3542, 2400, 3611, 1844, 1685]
[V3A-FEAS] route_len=8 skeleton_len=18 fail_i=13
[V3A-FEAS] failed_skeleton_edge=C9->C16
[V3A-FEAS] covering_arc_pos=6 covering_arc_id=1844
[V3A-FEAS] current_full_route_cut_size=8
[V3A-FEAS] prefix_through_failure_size=7 prefix_arc_ids=[0, 3595, 3632, 3542, 2400, 3611, 1844]
[V3A-FEAS] front_prune_test start_pos=0 candidate_size=7 candidate_ok=False candidate_fail_i=13 candidate_skeleton_len=15 candidate_arc_ids=[0, 3595, 3632, 3542, 2400, 3611, 1844]
[V3A-FEAS] front_prune_test start_pos=1 candidate_size=6 candidate_ok=False candidate_fail_i=12 candidate_skeleton_len=14 candidate_arc_ids=[3595, 3632, 3542, 2400, 3611, 1844]
[V3A-FEAS] front_prune_test start_pos=2 candidate_size=5 candidate_ok=False candidate_fail_i=10 candidate_skeleton_len=12 candidate_arc_ids=[3632, 3542, 2400, 3611, 1844]
[V3A-FEAS] front_prune_test start_pos=3 candidate_size=4 candidate_ok=False candidate_fail_i=8 candidate_skeleton_len=10 candidate_arc_ids=[3542, 2400, 3611, 1844]
[V3A-FEAS] front_prune_test start_pos=4 candidate_size=3 candidate_ok=False candidate_fail_i=6 candidate_skeleton_len=8 candidate_arc_ids=[2400, 3611, 1844]
[V3A-FEAS] front_prune_test start_pos=5 candidate_size=2 candidate_ok=False candidate_fail_i=4 candidate_skeleton_len=6 candidate_arc_ids=[3611, 1844]
[V3A-FEAS] front_prune_test start_pos=6 candidate_size=1 candidate_ok=True candidate_fail_i=None candidate_skeleton_len=4 candidate_arc_ids=[1844]
[V3A-FEAS] smallest_observed_front_pruned_bad_size=2
[V3A-FEAS] smallest_observed_front_pruned_bad_arc_ids=[3611, 1844]
[V3A-FEAS] diagnostic only: active lazy cut remains unchanged in v3a
[V3A-FEAS] front_prune_tests_run=7
[V3A-FEAS] infeasible route detected
[V3A-FEAS] route_arc_ids=[0, 3595, 3632, 3542, 2400, 3611, 1845, 1685]
[V3A-FEAS] route_len=8 skeleton_len=18 fail_i=13
[V3A-FEAS] failed_skeleton_edge=C9->C16
[V3A-FEAS] covering_arc_pos=6 covering_arc_id=1845
[V3A-FEAS] current_full_route_cut_size=8
[V3A-FEAS] prefix_through_failure_size=7 prefix_arc_ids=[0, 3595, 3632, 3542, 2400, 3611, 1845]
[V3A-FEAS] front_prune_test start_pos=0 candidate_size=7 candidate_ok=False candidate_fail_i=13 candidate_skeleton_len=15 candidate_arc_ids=[0, 3595, 3632, 3542, 2400, 3611, 1845]
[V3A-FEAS] front_prune_test start_pos=1 candidate_size=6 candidate_ok=False candidate_fail_i=12 candidate_skeleton_len=14 candidate_arc_ids=[3595, 3632, 3542, 2400, 3611, 1845]
[V3A-FEAS] front_prune_test start_pos=2 candidate_size=5 candidate_ok=False candidate_fail_i=10 candidate_skeleton_len=12 candidate_arc_ids=[3632, 3542, 2400, 3611, 1845]
[V3A-FEAS] front_prune_test start_pos=3 candidate_size=4 candidate_ok=False candidate_fail_i=8 candidate_skeleton_len=10 candidate_arc_ids=[3542, 2400, 3611, 1845]
[V3A-FEAS] front_prune_test start_pos=4 candidate_size=3 candidate_ok=False candidate_fail_i=6 candidate_skeleton_len=8 candidate_arc_ids=[2400, 3611, 1845]
[V3A-FEAS] front_prune_test start_pos=5 candidate_size=2 candidate_ok=False candidate_fail_i=4 candidate_skeleton_len=6 candidate_arc_ids=[3611, 1845]
[V3A-FEAS] front_prune_test start_pos=6 candidate_size=1 candidate_ok=True candidate_fail_i=None candidate_skeleton_len=4 candidate_arc_ids=[1845]
[V3A-FEAS] smallest_observed_front_pruned_bad_size=2
[V3A-FEAS] smallest_observed_front_pruned_bad_arc_ids=[3611, 1845]
[V3A-FEAS] diagnostic only: active lazy cut remains unchanged in v3a
[V3A-FEAS] front_prune_tests_run=7
[V3A-FEAS] infeasible route detected
[V3A-FEAS] route_arc_ids=[0, 3595, 3632, 3542, 2399, 3613, 1844, 1685]
[V3A-FEAS] route_len=8 skeleton_len=18 fail_i=13
[V3A-FEAS] failed_skeleton_edge=C9->C16
[V3A-FEAS] covering_arc_pos=6 covering_arc_id=1844
[V3A-FEAS] current_full_route_cut_size=8
[V3A-FEAS] prefix_through_failure_size=7 prefix_arc_ids=[0, 3595, 3632, 3542, 2399, 3613, 1844]
[V3A-FEAS] front_prune_test start_pos=0 candidate_size=7 candidate_ok=False candidate_fail_i=13 candidate_skeleton_len=15 candidate_arc_ids=[0, 3595, 3632, 3542, 2399, 3613, 1844]
[V3A-FEAS] front_prune_test start_pos=1 candidate_size=6 candidate_ok=False candidate_fail_i=12 candidate_skeleton_len=14 candidate_arc_ids=[3595, 3632, 3542, 2399, 3613, 1844]
[V3A-FEAS] front_prune_test start_pos=2 candidate_size=5 candidate_ok=False candidate_fail_i=10 candidate_skeleton_len=12 candidate_arc_ids=[3632, 3542, 2399, 3613, 1844]
[V3A-FEAS] front_prune_test start_pos=3 candidate_size=4 candidate_ok=False candidate_fail_i=8 candidate_skeleton_len=10 candidate_arc_ids=[3542, 2399, 3613, 1844]
[V3A-FEAS] front_prune_test start_pos=4 candidate_size=3 candidate_ok=False candidate_fail_i=6 candidate_skeleton_len=8 candidate_arc_ids=[2399, 3613, 1844]
[V3A-FEAS] front_prune_test start_pos=5 candidate_size=2 candidate_ok=False candidate_fail_i=4 candidate_skeleton_len=6 candidate_arc_ids=[3613, 1844]
[V3A-FEAS] front_prune_test start_pos=6 candidate_size=1 candidate_ok=True candidate_fail_i=None candidate_skeleton_len=4 candidate_arc_ids=[1844]
[V3A-FEAS] smallest_observed_front_pruned_bad_size=2
[V3A-FEAS] smallest_observed_front_pruned_bad_arc_ids=[3613, 1844]
[V3A-FEAS] diagnostic only: active lazy cut remains unchanged in v3a
[V3A-FEAS] front_prune_tests_run=7
[V3A-FEAS] infeasible route detected
[V3A-FEAS] route_arc_ids=[6, 3532, 3595, 3631, 2399, 3611, 1844, 1685]
[V3A-FEAS] route_len=8 skeleton_len=18 fail_i=13
[V3A-FEAS] failed_skeleton_edge=C9->C16
[V3A-FEAS] covering_arc_pos=6 covering_arc_id=1844
[V3A-FEAS] current_full_route_cut_size=8
[V3A-FEAS] prefix_through_failure_size=7 prefix_arc_ids=[6, 3532, 3595, 3631, 2399, 3611, 1844]
[V3A-FEAS] front_prune_test start_pos=0 candidate_size=7 candidate_ok=False candidate_fail_i=13 candidate_skeleton_len=15 candidate_arc_ids=[6, 3532, 3595, 3631, 2399, 3611, 1844]
[V3A-FEAS] front_prune_test start_pos=1 candidate_size=6 candidate_ok=False candidate_fail_i=12 candidate_skeleton_len=14 candidate_arc_ids=[3532, 3595, 3631, 2399, 3611, 1844]
[V3A-FEAS] front_prune_test start_pos=2 candidate_size=5 candidate_ok=False candidate_fail_i=10 candidate_skeleton_len=12 candidate_arc_ids=[3595, 3631, 2399, 3611, 1844]
[V3A-FEAS] front_prune_test start_pos=3 candidate_size=4 candidate_ok=False candidate_fail_i=8 candidate_skeleton_len=10 candidate_arc_ids=[3631, 2399, 3611, 1844]
[V3A-FEAS] front_prune_test start_pos=4 candidate_size=3 candidate_ok=False candidate_fail_i=6 candidate_skeleton_len=8 candidate_arc_ids=[2399, 3611, 1844]
[V3A-FEAS] front_prune_test start_pos=5 candidate_size=2 candidate_ok=False candidate_fail_i=4 candidate_skeleton_len=6 candidate_arc_ids=[3611, 1844]
[V3A-FEAS] front_prune_test start_pos=6 candidate_size=1 candidate_ok=True candidate_fail_i=None candidate_skeleton_len=4 candidate_arc_ids=[1844]
[V3A-FEAS] smallest_observed_front_pruned_bad_size=2
[V3A-FEAS] smallest_observed_front_pruned_bad_arc_ids=[3611, 1844]
[V3A-FEAS] diagnostic only: active lazy cut remains unchanged in v3a
[V3A-FEAS] front_prune_tests_run=7
[V3A-FEAS] infeasible route detected
[V3A-FEAS] route_arc_ids=[6, 3532, 3595, 3631, 2399, 3611, 1845, 1685]
[V3A-FEAS] route_len=8 skeleton_len=18 fail_i=13
[V3A-FEAS] failed_skeleton_edge=C9->C16
[V3A-FEAS] covering_arc_pos=6 covering_arc_id=1845
[V3A-FEAS] current_full_route_cut_size=8
[V3A-FEAS] prefix_through_failure_size=7 prefix_arc_ids=[6, 3532, 3595, 3631, 2399, 3611, 1845]
[V3A-FEAS] front_prune_test start_pos=0 candidate_size=7 candidate_ok=False candidate_fail_i=13 candidate_skeleton_len=15 candidate_arc_ids=[6, 3532, 3595, 3631, 2399, 3611, 1845]
[V3A-FEAS] front_prune_test start_pos=1 candidate_size=6 candidate_ok=False candidate_fail_i=12 candidate_skeleton_len=14 candidate_arc_ids=[3532, 3595, 3631, 2399, 3611, 1845]
[V3A-FEAS] front_prune_test start_pos=2 candidate_size=5 candidate_ok=False candidate_fail_i=10 candidate_skeleton_len=12 candidate_arc_ids=[3595, 3631, 2399, 3611, 1845]
[V3A-FEAS] front_prune_test start_pos=3 candidate_size=4 candidate_ok=False candidate_fail_i=8 candidate_skeleton_len=10 candidate_arc_ids=[3631, 2399, 3611, 1845]
[V3A-FEAS] front_prune_test start_pos=4 candidate_size=3 candidate_ok=False candidate_fail_i=6 candidate_skeleton_len=8 candidate_arc_ids=[2399, 3611, 1845]
[V3A-FEAS] front_prune_test start_pos=5 candidate_size=2 candidate_ok=False candidate_fail_i=4 candidate_skeleton_len=6 candidate_arc_ids=[3611, 1845]
[V3A-FEAS] front_prune_test start_pos=6 candidate_size=1 candidate_ok=True candidate_fail_i=None candidate_skeleton_len=4 candidate_arc_ids=[1845]
[V3A-FEAS] smallest_observed_front_pruned_bad_size=2
[V3A-FEAS] smallest_observed_front_pruned_bad_arc_ids=[3611, 1845]
[V3A-FEAS] diagnostic only: active lazy cut remains unchanged in v3a
[V3A-FEAS] front_prune_tests_run=7
[V3A-FEAS] infeasible route detected
[V3A-FEAS] route_arc_ids=[0, 3595, 3632, 3542, 2396, 1845, 1694, 3602]
[V3A-FEAS] route_len=8 skeleton_len=18 fail_i=11
[V3A-FEAS] failed_skeleton_edge=C9->C16
[V3A-FEAS] covering_arc_pos=5 covering_arc_id=1845
[V3A-FEAS] current_full_route_cut_size=8
[V3A-FEAS] prefix_through_failure_size=6 prefix_arc_ids=[0, 3595, 3632, 3542, 2396, 1845]
[V3A-FEAS] front_prune_test start_pos=0 candidate_size=6 candidate_ok=False candidate_fail_i=11 candidate_skeleton_len=13 candidate_arc_ids=[0, 3595, 3632, 3542, 2396, 1845]
[V3A-FEAS] front_prune_test start_pos=1 candidate_size=5 candidate_ok=False candidate_fail_i=10 candidate_skeleton_len=12 candidate_arc_ids=[3595, 3632, 3542, 2396, 1845]
[V3A-FEAS] front_prune_test start_pos=2 candidate_size=4 candidate_ok=False candidate_fail_i=8 candidate_skeleton_len=10 candidate_arc_ids=[3632, 3542, 2396, 1845]
[V3A-FEAS] front_prune_test start_pos=3 candidate_size=3 candidate_ok=False candidate_fail_i=6 candidate_skeleton_len=8 candidate_arc_ids=[3542, 2396, 1845]
[V3A-FEAS] front_prune_test start_pos=4 candidate_size=2 candidate_ok=False candidate_fail_i=4 candidate_skeleton_len=6 candidate_arc_ids=[2396, 1845]
[V3A-FEAS] front_prune_test start_pos=5 candidate_size=1 candidate_ok=True candidate_fail_i=None candidate_skeleton_len=4 candidate_arc_ids=[1845]
[V3A-FEAS] smallest_observed_front_pruned_bad_size=2
[V3A-FEAS] smallest_observed_front_pruned_bad_arc_ids=[2396, 1845]
[V3A-FEAS] diagnostic only: active lazy cut remains unchanged in v3a
[V3A-FEAS] front_prune_tests_run=6
[V3A-FEAS] infeasible route detected
[V3A-FEAS] route_arc_ids=[0, 3595, 3631, 2399, 3611, 1844, 1697, 3530]
[V3A-FEAS] route_len=8 skeleton_len=18 fail_i=11
[V3A-FEAS] failed_skeleton_edge=C9->C16
[V3A-FEAS] covering_arc_pos=5 covering_arc_id=1844
[V3A-FEAS] current_full_route_cut_size=8
[V3A-FEAS] prefix_through_failure_size=6 prefix_arc_ids=[0, 3595, 3631, 2399, 3611, 1844]
[V3A-FEAS] front_prune_test start_pos=0 candidate_size=6 candidate_ok=False candidate_fail_i=11 candidate_skeleton_len=13 candidate_arc_ids=[0, 3595, 3631, 2399, 3611, 1844]
[V3A-FEAS] front_prune_test start_pos=1 candidate_size=5 candidate_ok=False candidate_fail_i=10 candidate_skeleton_len=12 candidate_arc_ids=[3595, 3631, 2399, 3611, 1844]
[V3A-FEAS] front_prune_test start_pos=2 candidate_size=4 candidate_ok=False candidate_fail_i=8 candidate_skeleton_len=10 candidate_arc_ids=[3631, 2399, 3611, 1844]
[V3A-FEAS] front_prune_test start_pos=3 candidate_size=3 candidate_ok=False candidate_fail_i=6 candidate_skeleton_len=8 candidate_arc_ids=[2399, 3611, 1844]
[V3A-FEAS] front_prune_test start_pos=4 candidate_size=2 candidate_ok=False candidate_fail_i=4 candidate_skeleton_len=6 candidate_arc_ids=[3611, 1844]
[V3A-FEAS] front_prune_test start_pos=5 candidate_size=1 candidate_ok=True candidate_fail_i=None candidate_skeleton_len=4 candidate_arc_ids=[1844]
[V3A-FEAS] smallest_observed_front_pruned_bad_size=2
[V3A-FEAS] smallest_observed_front_pruned_bad_arc_ids=[3611, 1844]
[V3A-FEAS] diagnostic only: active lazy cut remains unchanged in v3a
[V3A-FEAS] front_prune_tests_run=6
[V3A-FEAS] infeasible route detected
[V3A-FEAS] route_arc_ids=[0, 3595, 3631, 2399, 3611, 1845, 1697, 3530]
[V3A-FEAS] route_len=8 skeleton_len=18 fail_i=11
[V3A-FEAS] failed_skeleton_edge=C9->C16
[V3A-FEAS] covering_arc_pos=5 covering_arc_id=1845
[V3A-FEAS] current_full_route_cut_size=8
[V3A-FEAS] prefix_through_failure_size=6 prefix_arc_ids=[0, 3595, 3631, 2399, 3611, 1845]
[V3A-FEAS] front_prune_test start_pos=0 candidate_size=6 candidate_ok=False candidate_fail_i=11 candidate_skeleton_len=13 candidate_arc_ids=[0, 3595, 3631, 2399, 3611, 1845]
[V3A-FEAS] front_prune_test start_pos=1 candidate_size=5 candidate_ok=False candidate_fail_i=10 candidate_skeleton_len=12 candidate_arc_ids=[3595, 3631, 2399, 3611, 1845]
[V3A-FEAS] front_prune_test start_pos=2 candidate_size=4 candidate_ok=False candidate_fail_i=8 candidate_skeleton_len=10 candidate_arc_ids=[3631, 2399, 3611, 1845]
[V3A-FEAS] front_prune_test start_pos=3 candidate_size=3 candidate_ok=False candidate_fail_i=6 candidate_skeleton_len=8 candidate_arc_ids=[2399, 3611, 1845]
[V3A-FEAS] front_prune_test start_pos=4 candidate_size=2 candidate_ok=False candidate_fail_i=4 candidate_skeleton_len=6 candidate_arc_ids=[3611, 1845]
[V3A-FEAS] front_prune_test start_pos=5 candidate_size=1 candidate_ok=True candidate_fail_i=None candidate_skeleton_len=4 candidate_arc_ids=[1845]
[V3A-FEAS] smallest_observed_front_pruned_bad_size=2
[V3A-FEAS] smallest_observed_front_pruned_bad_arc_ids=[3611, 1845]
[V3A-FEAS] diagnostic only: active lazy cut remains unchanged in v3a
[V3A-FEAS] front_prune_tests_run=6
[V3A-FEAS] infeasible route detected
[V3A-FEAS] route_arc_ids=[0, 3595, 3632, 3542, 2396, 1844, 1694, 3602]
[V3A-FEAS] route_len=8 skeleton_len=18 fail_i=11
[V3A-FEAS] failed_skeleton_edge=C9->C16
[V3A-FEAS] covering_arc_pos=5 covering_arc_id=1844
[V3A-FEAS] current_full_route_cut_size=8
[V3A-FEAS] prefix_through_failure_size=6 prefix_arc_ids=[0, 3595, 3632, 3542, 2396, 1844]
[V3A-FEAS] front_prune_test start_pos=0 candidate_size=6 candidate_ok=False candidate_fail_i=11 candidate_skeleton_len=13 candidate_arc_ids=[0, 3595, 3632, 3542, 2396, 1844]
[V3A-FEAS] front_prune_test start_pos=1 candidate_size=5 candidate_ok=False candidate_fail_i=10 candidate_skeleton_len=12 candidate_arc_ids=[3595, 3632, 3542, 2396, 1844]
[V3A-FEAS] front_prune_test start_pos=2 candidate_size=4 candidate_ok=False candidate_fail_i=8 candidate_skeleton_len=10 candidate_arc_ids=[3632, 3542, 2396, 1844]
[V3A-FEAS] front_prune_test start_pos=3 candidate_size=3 candidate_ok=False candidate_fail_i=6 candidate_skeleton_len=8 candidate_arc_ids=[3542, 2396, 1844]
[V3A-FEAS] front_prune_test start_pos=4 candidate_size=2 candidate_ok=False candidate_fail_i=4 candidate_skeleton_len=6 candidate_arc_ids=[2396, 1844]
[V3A-FEAS] front_prune_test start_pos=5 candidate_size=1 candidate_ok=True candidate_fail_i=None candidate_skeleton_len=4 candidate_arc_ids=[1844]
[V3A-FEAS] smallest_observed_front_pruned_bad_size=2
[V3A-FEAS] smallest_observed_front_pruned_bad_arc_ids=[2396, 1844]
[V3A-FEAS] diagnostic only: active lazy cut remains unchanged in v3a
[V3A-FEAS] front_prune_tests_run=6
[V3A-FEAS] infeasible route detected
[V3A-FEAS] route_arc_ids=[0, 3595, 3632, 3542, 2400, 3613, 1845, 1685]
[V3A-FEAS] route_len=8 skeleton_len=18 fail_i=13
[V3A-FEAS] failed_skeleton_edge=C9->C16
[V3A-FEAS] covering_arc_pos=6 covering_arc_id=1845
[V3A-FEAS] current_full_route_cut_size=8
[V3A-FEAS] prefix_through_failure_size=7 prefix_arc_ids=[0, 3595, 3632, 3542, 2400, 3613, 1845]
[V3A-FEAS] front_prune_test start_pos=0 candidate_size=7 candidate_ok=False candidate_fail_i=13 candidate_skeleton_len=15 candidate_arc_ids=[0, 3595, 3632, 3542, 2400, 3613, 1845]
[V3A-FEAS] front_prune_test start_pos=1 candidate_size=6 candidate_ok=False candidate_fail_i=12 candidate_skeleton_len=14 candidate_arc_ids=[3595, 3632, 3542, 2400, 3613, 1845]
[V3A-FEAS] front_prune_test start_pos=2 candidate_size=5 candidate_ok=False candidate_fail_i=10 candidate_skeleton_len=12 candidate_arc_ids=[3632, 3542, 2400, 3613, 1845]
[V3A-FEAS] front_prune_test start_pos=3 candidate_size=4 candidate_ok=False candidate_fail_i=8 candidate_skeleton_len=10 candidate_arc_ids=[3542, 2400, 3613, 1845]
[V3A-FEAS] front_prune_test start_pos=4 candidate_size=3 candidate_ok=False candidate_fail_i=6 candidate_skeleton_len=8 candidate_arc_ids=[2400, 3613, 1845]
[V3A-FEAS] front_prune_test start_pos=5 candidate_size=2 candidate_ok=False candidate_fail_i=4 candidate_skeleton_len=6 candidate_arc_ids=[3613, 1845]
[V3A-FEAS] front_prune_test start_pos=6 candidate_size=1 candidate_ok=True candidate_fail_i=None candidate_skeleton_len=4 candidate_arc_ids=[1845]
[V3A-FEAS] smallest_observed_front_pruned_bad_size=2
[V3A-FEAS] smallest_observed_front_pruned_bad_arc_ids=[3613, 1845]
[V3A-FEAS] diagnostic only: active lazy cut remains unchanged in v3a
[V3A-FEAS] front_prune_tests_run=7
[V3A-FEAS] infeasible route detected
[V3A-FEAS] route_arc_ids=[2, 1844, 1694, 3605, 3595, 3632, 3542, 2389]
[V3A-FEAS] route_len=8 skeleton_len=18 fail_i=3
[V3A-FEAS] failed_skeleton_edge=C9->C16
[V3A-FEAS] covering_arc_pos=1 covering_arc_id=1844
[V3A-FEAS] current_full_route_cut_size=8
[V3A-FEAS] prefix_through_failure_size=2 prefix_arc_ids=[2, 1844]
[V3A-FEAS] front_prune_test start_pos=0 candidate_size=2 candidate_ok=False candidate_fail_i=3 candidate_skeleton_len=5 candidate_arc_ids=[2, 1844]
[V3A-FEAS] front_prune_test start_pos=1 candidate_size=1 candidate_ok=True candidate_fail_i=None candidate_skeleton_len=4 candidate_arc_ids=[1844]
[V3A-FEAS] smallest_observed_front_pruned_bad_size=2
[V3A-FEAS] smallest_observed_front_pruned_bad_arc_ids=[2, 1844]
[V3A-FEAS] diagnostic only: active lazy cut remains unchanged in v3a
[V3A-FEAS] front_prune_tests_run=2
[V3A-FEAS] infeasible route detected
[V3A-FEAS] route_arc_ids=[2, 1844, 1694, 3607, 3595, 3632, 3542, 2389]
[V3A-FEAS] route_len=8 skeleton_len=18 fail_i=3
[V3A-FEAS] failed_skeleton_edge=C9->C16
[V3A-FEAS] covering_arc_pos=1 covering_arc_id=1844
[V3A-FEAS] current_full_route_cut_size=8
[V3A-FEAS] prefix_through_failure_size=2 prefix_arc_ids=[2, 1844]
[V3A-FEAS] front_prune_test start_pos=0 candidate_size=2 candidate_ok=False candidate_fail_i=3 candidate_skeleton_len=5 candidate_arc_ids=[2, 1844]
[V3A-FEAS] front_prune_test start_pos=1 candidate_size=1 candidate_ok=True candidate_fail_i=None candidate_skeleton_len=4 candidate_arc_ids=[1844]
[V3A-FEAS] smallest_observed_front_pruned_bad_size=2
[V3A-FEAS] smallest_observed_front_pruned_bad_arc_ids=[2, 1844]
[V3A-FEAS] diagnostic only: active lazy cut remains unchanged in v3a
[V3A-FEAS] front_prune_tests_run=2
[V3A-FEAS] infeasible route detected
[V3A-FEAS] route_arc_ids=[2, 1845, 1694, 3605, 3595, 3632, 3542, 2389]
[V3A-FEAS] route_len=8 skeleton_len=18 fail_i=3
[V3A-FEAS] failed_skeleton_edge=C9->C16
[V3A-FEAS] covering_arc_pos=1 covering_arc_id=1845
[V3A-FEAS] current_full_route_cut_size=8
[V3A-FEAS] prefix_through_failure_size=2 prefix_arc_ids=[2, 1845]
[V3A-FEAS] front_prune_test start_pos=0 candidate_size=2 candidate_ok=False candidate_fail_i=3 candidate_skeleton_len=5 candidate_arc_ids=[2, 1845]
[V3A-FEAS] front_prune_test start_pos=1 candidate_size=1 candidate_ok=True candidate_fail_i=None candidate_skeleton_len=4 candidate_arc_ids=[1845]
[V3A-FEAS] smallest_observed_front_pruned_bad_size=2
[V3A-FEAS] smallest_observed_front_pruned_bad_arc_ids=[2, 1845]
[V3A-FEAS] diagnostic only: active lazy cut remains unchanged in v3a
[V3A-FEAS] front_prune_tests_run=2
[V3A-FEAS] infeasible route detected
[V3A-FEAS] route_arc_ids=[2, 1845, 1694, 3607, 3595, 3632, 3542, 2389]
[V3A-FEAS] route_len=8 skeleton_len=18 fail_i=3
[V3A-FEAS] failed_skeleton_edge=C9->C16
[V3A-FEAS] covering_arc_pos=1 covering_arc_id=1845
[V3A-FEAS] current_full_route_cut_size=8
[V3A-FEAS] prefix_through_failure_size=2 prefix_arc_ids=[2, 1845]
[V3A-FEAS] front_prune_test start_pos=0 candidate_size=2 candidate_ok=False candidate_fail_i=3 candidate_skeleton_len=5 candidate_arc_ids=[2, 1845]
[V3A-FEAS] front_prune_test start_pos=1 candidate_size=1 candidate_ok=True candidate_fail_i=None candidate_skeleton_len=4 candidate_arc_ids=[1845]
[V3A-FEAS] smallest_observed_front_pruned_bad_size=2
[V3A-FEAS] smallest_observed_front_pruned_bad_arc_ids=[2, 1845]
[V3A-FEAS] diagnostic only: active lazy cut remains unchanged in v3a
[V3A-FEAS] front_prune_tests_run=2
[V3A-FEAS] infeasible route detected
[V3A-FEAS] route_arc_ids=[0, 3595, 3628, 1845, 1694, 3620, 3542, 2389]
[V3A-FEAS] route_len=8 skeleton_len=18 fail_i=7
[V3A-FEAS] failed_skeleton_edge=C9->C16
[V3A-FEAS] covering_arc_pos=3 covering_arc_id=1845
[V3A-FEAS] current_full_route_cut_size=8
[V3A-FEAS] prefix_through_failure_size=4 prefix_arc_ids=[0, 3595, 3628, 1845]
[V3A-FEAS] front_prune_test start_pos=0 candidate_size=4 candidate_ok=False candidate_fail_i=7 candidate_skeleton_len=9 candidate_arc_ids=[0, 3595, 3628, 1845]
[V3A-FEAS] front_prune_test start_pos=1 candidate_size=3 candidate_ok=False candidate_fail_i=6 candidate_skeleton_len=8 candidate_arc_ids=[3595, 3628, 1845]
[V3A-FEAS] front_prune_test start_pos=2 candidate_size=2 candidate_ok=False candidate_fail_i=4 candidate_skeleton_len=6 candidate_arc_ids=[3628, 1845]
[V3A-FEAS] front_prune_test start_pos=3 candidate_size=1 candidate_ok=True candidate_fail_i=None candidate_skeleton_len=4 candidate_arc_ids=[1845]
[V3A-FEAS] smallest_observed_front_pruned_bad_size=2
[V3A-FEAS] smallest_observed_front_pruned_bad_arc_ids=[3628, 1845]
[V3A-FEAS] diagnostic only: active lazy cut remains unchanged in v3a
[V3A-FEAS] front_prune_tests_run=4
[V3A-FEAS] infeasible route detected
[V3A-FEAS] route_arc_ids=[0, 3595, 3632, 3542, 2395, 1844, 1694, 3604]
[V3A-FEAS] route_len=8 skeleton_len=18 fail_i=11
[V3A-FEAS] failed_skeleton_edge=C9->C16
[V3A-FEAS] covering_arc_pos=5 covering_arc_id=1844
[V3A-FEAS] current_full_route_cut_size=8
[V3A-FEAS] prefix_through_failure_size=6 prefix_arc_ids=[0, 3595, 3632, 3542, 2395, 1844]
[V3A-FEAS] front_prune_test start_pos=0 candidate_size=6 candidate_ok=False candidate_fail_i=11 candidate_skeleton_len=13 candidate_arc_ids=[0, 3595, 3632, 3542, 2395, 1844]
[V3A-FEAS] front_prune_test start_pos=1 candidate_size=5 candidate_ok=False candidate_fail_i=10 candidate_skeleton_len=12 candidate_arc_ids=[3595, 3632, 3542, 2395, 1844]
[V3A-FEAS] front_prune_test start_pos=2 candidate_size=4 candidate_ok=False candidate_fail_i=8 candidate_skeleton_len=10 candidate_arc_ids=[3632, 3542, 2395, 1844]
[V3A-FEAS] front_prune_test start_pos=3 candidate_size=3 candidate_ok=False candidate_fail_i=6 candidate_skeleton_len=8 candidate_arc_ids=[3542, 2395, 1844]
[V3A-FEAS] front_prune_test start_pos=4 candidate_size=2 candidate_ok=False candidate_fail_i=4 candidate_skeleton_len=6 candidate_arc_ids=[2395, 1844]
[V3A-FEAS] front_prune_test start_pos=5 candidate_size=1 candidate_ok=True candidate_fail_i=None candidate_skeleton_len=4 candidate_arc_ids=[1844]
[V3A-FEAS] smallest_observed_front_pruned_bad_size=2
[V3A-FEAS] smallest_observed_front_pruned_bad_arc_ids=[2395, 1844]
[V3A-FEAS] diagnostic only: active lazy cut remains unchanged in v3a
[V3A-FEAS] front_prune_tests_run=6
[V3A-FEAS] infeasible route detected
[V3A-FEAS] route_arc_ids=[0, 3595, 3632, 3542, 2395, 1845, 1693, 3602]
[V3A-FEAS] route_len=8 skeleton_len=18 fail_i=11
[V3A-FEAS] failed_skeleton_edge=C9->C16
[V3A-FEAS] covering_arc_pos=5 covering_arc_id=1845
[V3A-FEAS] current_full_route_cut_size=8
[V3A-FEAS] prefix_through_failure_size=6 prefix_arc_ids=[0, 3595, 3632, 3542, 2395, 1845]
[V3A-FEAS] front_prune_test start_pos=0 candidate_size=6 candidate_ok=False candidate_fail_i=11 candidate_skeleton_len=13 candidate_arc_ids=[0, 3595, 3632, 3542, 2395, 1845]
[V3A-FEAS] front_prune_test start_pos=1 candidate_size=5 candidate_ok=False candidate_fail_i=10 candidate_skeleton_len=12 candidate_arc_ids=[3595, 3632, 3542, 2395, 1845]
[V3A-FEAS] front_prune_test start_pos=2 candidate_size=4 candidate_ok=False candidate_fail_i=8 candidate_skeleton_len=10 candidate_arc_ids=[3632, 3542, 2395, 1845]
[V3A-FEAS] front_prune_test start_pos=3 candidate_size=3 candidate_ok=False candidate_fail_i=6 candidate_skeleton_len=8 candidate_arc_ids=[3542, 2395, 1845]
[V3A-FEAS] front_prune_test start_pos=4 candidate_size=2 candidate_ok=False candidate_fail_i=4 candidate_skeleton_len=6 candidate_arc_ids=[2395, 1845]
[V3A-FEAS] front_prune_test start_pos=5 candidate_size=1 candidate_ok=True candidate_fail_i=None candidate_skeleton_len=4 candidate_arc_ids=[1845]
[V3A-FEAS] smallest_observed_front_pruned_bad_size=2
[V3A-FEAS] smallest_observed_front_pruned_bad_arc_ids=[2395, 1845]
[V3A-FEAS] diagnostic only: active lazy cut remains unchanged in v3a
[V3A-FEAS] front_prune_tests_run=6
[V3A-FEAS] infeasible route detected
[V3A-FEAS] route_arc_ids=[6, 3542, 2391, 3595, 3628, 1845, 2592, 1995]
[V3A-FEAS] route_len=8 skeleton_len=18 fail_i=11
[V3A-FEAS] failed_skeleton_edge=C9->C16
[V3A-FEAS] covering_arc_pos=5 covering_arc_id=1845
[V3A-FEAS] current_full_route_cut_size=8
[V3A-FEAS] prefix_through_failure_size=6 prefix_arc_ids=[6, 3542, 2391, 3595, 3628, 1845]
[V3A-FEAS] front_prune_test start_pos=0 candidate_size=6 candidate_ok=False candidate_fail_i=11 candidate_skeleton_len=13 candidate_arc_ids=[6, 3542, 2391, 3595, 3628, 1845]
[V3A-FEAS] front_prune_test start_pos=1 candidate_size=5 candidate_ok=False candidate_fail_i=10 candidate_skeleton_len=12 candidate_arc_ids=[3542, 2391, 3595, 3628, 1845]
[V3A-FEAS] front_prune_test start_pos=2 candidate_size=4 candidate_ok=False candidate_fail_i=8 candidate_skeleton_len=10 candidate_arc_ids=[2391, 3595, 3628, 1845]
[V3A-FEAS] front_prune_test start_pos=3 candidate_size=3 candidate_ok=False candidate_fail_i=6 candidate_skeleton_len=8 candidate_arc_ids=[3595, 3628, 1845]
[V3A-FEAS] front_prune_test start_pos=4 candidate_size=2 candidate_ok=False candidate_fail_i=4 candidate_skeleton_len=6 candidate_arc_ids=[3628, 1845]
[V3A-FEAS] front_prune_test start_pos=5 candidate_size=1 candidate_ok=True candidate_fail_i=None candidate_skeleton_len=4 candidate_arc_ids=[1845]
[V3A-FEAS] smallest_observed_front_pruned_bad_size=2
[V3A-FEAS] smallest_observed_front_pruned_bad_arc_ids=[3628, 1845]
[V3A-FEAS] diagnostic only: active lazy cut remains unchanged in v3a
[V3A-FEAS] front_prune_tests_run=6
[V3A-FEAS] infeasible route detected
[V3A-FEAS] route_arc_ids=[6, 3542, 2391, 3595, 3628, 1845, 2591, 1995]
[V3A-FEAS] route_len=8 skeleton_len=18 fail_i=11
[V3A-FEAS] failed_skeleton_edge=C9->C16
[V3A-FEAS] covering_arc_pos=5 covering_arc_id=1845
[V3A-FEAS] current_full_route_cut_size=8
[V3A-FEAS] prefix_through_failure_size=6 prefix_arc_ids=[6, 3542, 2391, 3595, 3628, 1845]
[V3A-FEAS] front_prune_test start_pos=0 candidate_size=6 candidate_ok=False candidate_fail_i=11 candidate_skeleton_len=13 candidate_arc_ids=[6, 3542, 2391, 3595, 3628, 1845]
[V3A-FEAS] front_prune_test start_pos=1 candidate_size=5 candidate_ok=False candidate_fail_i=10 candidate_skeleton_len=12 candidate_arc_ids=[3542, 2391, 3595, 3628, 1845]
[V3A-FEAS] front_prune_test start_pos=2 candidate_size=4 candidate_ok=False candidate_fail_i=8 candidate_skeleton_len=10 candidate_arc_ids=[2391, 3595, 3628, 1845]
[V3A-FEAS] front_prune_test start_pos=3 candidate_size=3 candidate_ok=False candidate_fail_i=6 candidate_skeleton_len=8 candidate_arc_ids=[3595, 3628, 1845]
[V3A-FEAS] front_prune_test start_pos=4 candidate_size=2 candidate_ok=False candidate_fail_i=4 candidate_skeleton_len=6 candidate_arc_ids=[3628, 1845]
[V3A-FEAS] front_prune_test start_pos=5 candidate_size=1 candidate_ok=True candidate_fail_i=None candidate_skeleton_len=4 candidate_arc_ids=[1845]
[V3A-FEAS] smallest_observed_front_pruned_bad_size=2
[V3A-FEAS] smallest_observed_front_pruned_bad_arc_ids=[3628, 1845]
[V3A-FEAS] diagnostic only: active lazy cut remains unchanged in v3a
[V3A-FEAS] front_prune_tests_run=6
[V3A-FEAS] infeasible route detected
[V3A-FEAS] route_arc_ids=[6, 3542, 2391, 3595, 3628, 1845, 1693, 3602]
[V3A-FEAS] route_len=8 skeleton_len=18 fail_i=11
[V3A-FEAS] failed_skeleton_edge=C9->C16
[V3A-FEAS] covering_arc_pos=5 covering_arc_id=1845
[V3A-FEAS] current_full_route_cut_size=8
[V3A-FEAS] prefix_through_failure_size=6 prefix_arc_ids=[6, 3542, 2391, 3595, 3628, 1845]
[V3A-FEAS] front_prune_test start_pos=0 candidate_size=6 candidate_ok=False candidate_fail_i=11 candidate_skeleton_len=13 candidate_arc_ids=[6, 3542, 2391, 3595, 3628, 1845]
[V3A-FEAS] front_prune_test start_pos=1 candidate_size=5 candidate_ok=False candidate_fail_i=10 candidate_skeleton_len=12 candidate_arc_ids=[3542, 2391, 3595, 3628, 1845]
[V3A-FEAS] front_prune_test start_pos=2 candidate_size=4 candidate_ok=False candidate_fail_i=8 candidate_skeleton_len=10 candidate_arc_ids=[2391, 3595, 3628, 1845]
[V3A-FEAS] front_prune_test start_pos=3 candidate_size=3 candidate_ok=False candidate_fail_i=6 candidate_skeleton_len=8 candidate_arc_ids=[3595, 3628, 1845]
[V3A-FEAS] front_prune_test start_pos=4 candidate_size=2 candidate_ok=False candidate_fail_i=4 candidate_skeleton_len=6 candidate_arc_ids=[3628, 1845]
[V3A-FEAS] front_prune_test start_pos=5 candidate_size=1 candidate_ok=True candidate_fail_i=None candidate_skeleton_len=4 candidate_arc_ids=[1845]
[V3A-FEAS] smallest_observed_front_pruned_bad_size=2
[V3A-FEAS] smallest_observed_front_pruned_bad_arc_ids=[3628, 1845]
[V3A-FEAS] diagnostic only: active lazy cut remains unchanged in v3a
[V3A-FEAS] front_prune_tests_run=6
[V3A-FEAS] infeasible route detected
[V3A-FEAS] route_arc_ids=[6, 3542, 2391, 3595, 3628, 1845, 2591, 1994]
[V3A-FEAS] route_len=8 skeleton_len=18 fail_i=11
[V3A-FEAS] failed_skeleton_edge=C9->C16
[V3A-FEAS] covering_arc_pos=5 covering_arc_id=1845
[V3A-FEAS] current_full_route_cut_size=8
[V3A-FEAS] prefix_through_failure_size=6 prefix_arc_ids=[6, 3542, 2391, 3595, 3628, 1845]
[V3A-FEAS] front_prune_test start_pos=0 candidate_size=6 candidate_ok=False candidate_fail_i=11 candidate_skeleton_len=13 candidate_arc_ids=[6, 3542, 2391, 3595, 3628, 1845]
[V3A-FEAS] front_prune_test start_pos=1 candidate_size=5 candidate_ok=False candidate_fail_i=10 candidate_skeleton_len=12 candidate_arc_ids=[3542, 2391, 3595, 3628, 1845]
[V3A-FEAS] front_prune_test start_pos=2 candidate_size=4 candidate_ok=False candidate_fail_i=8 candidate_skeleton_len=10 candidate_arc_ids=[2391, 3595, 3628, 1845]
[V3A-FEAS] front_prune_test start_pos=3 candidate_size=3 candidate_ok=False candidate_fail_i=6 candidate_skeleton_len=8 candidate_arc_ids=[3595, 3628, 1845]
[V3A-FEAS] front_prune_test start_pos=4 candidate_size=2 candidate_ok=False candidate_fail_i=4 candidate_skeleton_len=6 candidate_arc_ids=[3628, 1845]
[V3A-FEAS] front_prune_test start_pos=5 candidate_size=1 candidate_ok=True candidate_fail_i=None candidate_skeleton_len=4 candidate_arc_ids=[1845]
[V3A-FEAS] smallest_observed_front_pruned_bad_size=2
[V3A-FEAS] smallest_observed_front_pruned_bad_arc_ids=[3628, 1845]
[V3A-FEAS] diagnostic only: active lazy cut remains unchanged in v3a
[V3A-FEAS] front_prune_tests_run=6
[V3A-FEAS] infeasible route detected
[V3A-FEAS] route_arc_ids=[0, 3595, 3632, 3542, 2399, 3612, 1845, 1686]
[V3A-FEAS] route_len=8 skeleton_len=18 fail_i=13
[V3A-FEAS] failed_skeleton_edge=C9->C16
[V3A-FEAS] covering_arc_pos=6 covering_arc_id=1845
[V3A-FEAS] current_full_route_cut_size=8
[V3A-FEAS] prefix_through_failure_size=7 prefix_arc_ids=[0, 3595, 3632, 3542, 2399, 3612, 1845]
[V3A-FEAS] front_prune_test start_pos=0 candidate_size=7 candidate_ok=False candidate_fail_i=13 candidate_skeleton_len=15 candidate_arc_ids=[0, 3595, 3632, 3542, 2399, 3612, 1845]
[V3A-FEAS] front_prune_test start_pos=1 candidate_size=6 candidate_ok=False candidate_fail_i=12 candidate_skeleton_len=14 candidate_arc_ids=[3595, 3632, 3542, 2399, 3612, 1845]
[V3A-FEAS] front_prune_test start_pos=2 candidate_size=5 candidate_ok=False candidate_fail_i=10 candidate_skeleton_len=12 candidate_arc_ids=[3632, 3542, 2399, 3612, 1845]
[V3A-FEAS] front_prune_test start_pos=3 candidate_size=4 candidate_ok=False candidate_fail_i=8 candidate_skeleton_len=10 candidate_arc_ids=[3542, 2399, 3612, 1845]
[V3A-FEAS] front_prune_test start_pos=4 candidate_size=3 candidate_ok=False candidate_fail_i=6 candidate_skeleton_len=8 candidate_arc_ids=[2399, 3612, 1845]
[V3A-FEAS] front_prune_test start_pos=5 candidate_size=2 candidate_ok=False candidate_fail_i=4 candidate_skeleton_len=6 candidate_arc_ids=[3612, 1845]
[V3A-FEAS] front_prune_test start_pos=6 candidate_size=1 candidate_ok=True candidate_fail_i=None candidate_skeleton_len=4 candidate_arc_ids=[1845]
[V3A-FEAS] smallest_observed_front_pruned_bad_size=2
[V3A-FEAS] smallest_observed_front_pruned_bad_arc_ids=[3612, 1845]
[V3A-FEAS] diagnostic only: active lazy cut remains unchanged in v3a
[V3A-FEAS] front_prune_tests_run=7
[V3A-FEAS] infeasible route detected
[V3A-FEAS] route_arc_ids=[0, 3595, 3632, 3543, 2399, 3612, 1845, 1686]
[V3A-FEAS] route_len=8 skeleton_len=18 fail_i=13
[V3A-FEAS] failed_skeleton_edge=C9->C16
[V3A-FEAS] covering_arc_pos=6 covering_arc_id=1845
[V3A-FEAS] current_full_route_cut_size=8
[V3A-FEAS] prefix_through_failure_size=7 prefix_arc_ids=[0, 3595, 3632, 3543, 2399, 3612, 1845]
[V3A-FEAS] front_prune_test start_pos=0 candidate_size=7 candidate_ok=False candidate_fail_i=13 candidate_skeleton_len=15 candidate_arc_ids=[0, 3595, 3632, 3543, 2399, 3612, 1845]
[V3A-FEAS] front_prune_test start_pos=1 candidate_size=6 candidate_ok=False candidate_fail_i=12 candidate_skeleton_len=14 candidate_arc_ids=[3595, 3632, 3543, 2399, 3612, 1845]
[V3A-FEAS] front_prune_test start_pos=2 candidate_size=5 candidate_ok=False candidate_fail_i=10 candidate_skeleton_len=12 candidate_arc_ids=[3632, 3543, 2399, 3612, 1845]
[V3A-FEAS] front_prune_test start_pos=3 candidate_size=4 candidate_ok=False candidate_fail_i=8 candidate_skeleton_len=10 candidate_arc_ids=[3543, 2399, 3612, 1845]
[V3A-FEAS] front_prune_test start_pos=4 candidate_size=3 candidate_ok=False candidate_fail_i=6 candidate_skeleton_len=8 candidate_arc_ids=[2399, 3612, 1845]
[V3A-FEAS] front_prune_test start_pos=5 candidate_size=2 candidate_ok=False candidate_fail_i=4 candidate_skeleton_len=6 candidate_arc_ids=[3612, 1845]
[V3A-FEAS] front_prune_test start_pos=6 candidate_size=1 candidate_ok=True candidate_fail_i=None candidate_skeleton_len=4 candidate_arc_ids=[1845]
[V3A-FEAS] smallest_observed_front_pruned_bad_size=2
[V3A-FEAS] smallest_observed_front_pruned_bad_arc_ids=[3612, 1845]
[V3A-FEAS] diagnostic only: active lazy cut remains unchanged in v3a
[V3A-FEAS] front_prune_tests_run=7
[V3A-FEAS] infeasible route detected
[V3A-FEAS] route_arc_ids=[0, 3595, 3632, 3542, 2399, 3612, 1845, 1685]
[V3A-FEAS] route_len=8 skeleton_len=18 fail_i=13
[V3A-FEAS] failed_skeleton_edge=C9->C16
[V3A-FEAS] covering_arc_pos=6 covering_arc_id=1845
[V3A-FEAS] current_full_route_cut_size=8
[V3A-FEAS] prefix_through_failure_size=7 prefix_arc_ids=[0, 3595, 3632, 3542, 2399, 3612, 1845]
[V3A-FEAS] front_prune_test start_pos=0 candidate_size=7 candidate_ok=False candidate_fail_i=13 candidate_skeleton_len=15 candidate_arc_ids=[0, 3595, 3632, 3542, 2399, 3612, 1845]
[V3A-FEAS] front_prune_test start_pos=1 candidate_size=6 candidate_ok=False candidate_fail_i=12 candidate_skeleton_len=14 candidate_arc_ids=[3595, 3632, 3542, 2399, 3612, 1845]
[V3A-FEAS] front_prune_test start_pos=2 candidate_size=5 candidate_ok=False candidate_fail_i=10 candidate_skeleton_len=12 candidate_arc_ids=[3632, 3542, 2399, 3612, 1845]
[V3A-FEAS] front_prune_test start_pos=3 candidate_size=4 candidate_ok=False candidate_fail_i=8 candidate_skeleton_len=10 candidate_arc_ids=[3542, 2399, 3612, 1845]
[V3A-FEAS] front_prune_test start_pos=4 candidate_size=3 candidate_ok=False candidate_fail_i=6 candidate_skeleton_len=8 candidate_arc_ids=[2399, 3612, 1845]
[V3A-FEAS] front_prune_test start_pos=5 candidate_size=2 candidate_ok=False candidate_fail_i=4 candidate_skeleton_len=6 candidate_arc_ids=[3612, 1845]
[V3A-FEAS] front_prune_test start_pos=6 candidate_size=1 candidate_ok=True candidate_fail_i=None candidate_skeleton_len=4 candidate_arc_ids=[1845]
[V3A-FEAS] smallest_observed_front_pruned_bad_size=2
[V3A-FEAS] smallest_observed_front_pruned_bad_arc_ids=[3612, 1845]
[V3A-FEAS] diagnostic only: active lazy cut remains unchanged in v3a
[V3A-FEAS] front_prune_tests_run=7
[V3A-FEAS] infeasible route detected
[V3A-FEAS] route_arc_ids=[0, 3595, 3632, 3542, 2403, 1719, 3084, 3613, 3571]
[V3A-FEAS] route_len=9 skeleton_len=18 fail_i=8
[V3A-FEAS] failed_skeleton_edge=C5->C16
[V3A-FEAS] covering_arc_pos=4 covering_arc_id=2403
[V3A-FEAS] current_full_route_cut_size=9
[V3A-FEAS] prefix_through_failure_size=5 prefix_arc_ids=[0, 3595, 3632, 3542, 2403]
[V3A-FEAS] front_prune_test start_pos=0 candidate_size=5 candidate_ok=False candidate_fail_i=8 candidate_skeleton_len=10 candidate_arc_ids=[0, 3595, 3632, 3542, 2403]
[V3A-FEAS] front_prune_test start_pos=1 candidate_size=4 candidate_ok=False candidate_fail_i=7 candidate_skeleton_len=9 candidate_arc_ids=[3595, 3632, 3542, 2403]
[V3A-FEAS] front_prune_test start_pos=2 candidate_size=3 candidate_ok=True candidate_fail_i=None candidate_skeleton_len=7 candidate_arc_ids=[3632, 3542, 2403]
[V3A-FEAS] front_prune_test start_pos=3 candidate_size=2 candidate_ok=True candidate_fail_i=None candidate_skeleton_len=5 candidate_arc_ids=[3542, 2403]
[V3A-FEAS] front_prune_test start_pos=4 candidate_size=1 candidate_ok=True candidate_fail_i=None candidate_skeleton_len=3 candidate_arc_ids=[2403]
[V3A-FEAS] smallest_observed_front_pruned_bad_size=4
[V3A-FEAS] smallest_observed_front_pruned_bad_arc_ids=[3595, 3632, 3542, 2403]
[V3A-FEAS] diagnostic only: active lazy cut remains unchanged in v3a
[V3A-FEAS] front_prune_tests_run=5
[V3A-FEAS] infeasible route detected
[V3A-FEAS] route_arc_ids=[0, 3595, 3632, 3543, 2403, 1719, 3084, 3613, 3571]
[V3A-FEAS] route_len=9 skeleton_len=18 fail_i=8
[V3A-FEAS] failed_skeleton_edge=C5->C16
[V3A-FEAS] covering_arc_pos=4 covering_arc_id=2403
[V3A-FEAS] current_full_route_cut_size=9
[V3A-FEAS] prefix_through_failure_size=5 prefix_arc_ids=[0, 3595, 3632, 3543, 2403]
[V3A-FEAS] front_prune_test start_pos=0 candidate_size=5 candidate_ok=False candidate_fail_i=8 candidate_skeleton_len=10 candidate_arc_ids=[0, 3595, 3632, 3543, 2403]
[V3A-FEAS] front_prune_test start_pos=1 candidate_size=4 candidate_ok=False candidate_fail_i=7 candidate_skeleton_len=9 candidate_arc_ids=[3595, 3632, 3543, 2403]
[V3A-FEAS] front_prune_test start_pos=2 candidate_size=3 candidate_ok=True candidate_fail_i=None candidate_skeleton_len=7 candidate_arc_ids=[3632, 3543, 2403]
[V3A-FEAS] front_prune_test start_pos=3 candidate_size=2 candidate_ok=True candidate_fail_i=None candidate_skeleton_len=5 candidate_arc_ids=[3543, 2403]
[V3A-FEAS] front_prune_test start_pos=4 candidate_size=1 candidate_ok=True candidate_fail_i=None candidate_skeleton_len=3 candidate_arc_ids=[2403]
[V3A-FEAS] smallest_observed_front_pruned_bad_size=4
[V3A-FEAS] smallest_observed_front_pruned_bad_arc_ids=[3595, 3632, 3543, 2403]
[V3A-FEAS] diagnostic only: active lazy cut remains unchanged in v3a
[V3A-FEAS] front_prune_tests_run=5
[V3A-FEAS] infeasible route detected
[V3A-FEAS] route_arc_ids=[0, 3595, 3632, 3542, 2397, 2577, 2459, 1911]
[V3A-FEAS] route_len=8 skeleton_len=18 fail_i=9
[V3A-FEAS] failed_skeleton_edge=C10->C16
[V3A-FEAS] covering_arc_pos=5 covering_arc_id=2577
[V3A-FEAS] current_full_route_cut_size=8
[V3A-FEAS] prefix_through_failure_size=6 prefix_arc_ids=[0, 3595, 3632, 3542, 2397, 2577]
[V3A-FEAS] front_prune_test start_pos=0 candidate_size=6 candidate_ok=False candidate_fail_i=9 candidate_skeleton_len=13 candidate_arc_ids=[0, 3595, 3632, 3542, 2397, 2577]
[V3A-FEAS] front_prune_test start_pos=1 candidate_size=5 candidate_ok=False candidate_fail_i=8 candidate_skeleton_len=12 candidate_arc_ids=[3595, 3632, 3542, 2397, 2577]
[V3A-FEAS] front_prune_test start_pos=2 candidate_size=4 candidate_ok=True candidate_fail_i=None candidate_skeleton_len=10 candidate_arc_ids=[3632, 3542, 2397, 2577]
[V3A-FEAS] front_prune_test start_pos=3 candidate_size=3 candidate_ok=True candidate_fail_i=None candidate_skeleton_len=8 candidate_arc_ids=[3542, 2397, 2577]
[V3A-FEAS] front_prune_test start_pos=4 candidate_size=2 candidate_ok=True candidate_fail_i=None candidate_skeleton_len=6 candidate_arc_ids=[2397, 2577]
[V3A-FEAS] front_prune_test start_pos=5 candidate_size=1 candidate_ok=True candidate_fail_i=None candidate_skeleton_len=4 candidate_arc_ids=[2577]
[V3A-FEAS] smallest_observed_front_pruned_bad_size=5
[V3A-FEAS] smallest_observed_front_pruned_bad_arc_ids=[3595, 3632, 3542, 2397, 2577]
[V3A-FEAS] diagnostic only: active lazy cut remains unchanged in v3a
[V3A-FEAS] front_prune_tests_run=6
[V3A-FEAS] infeasible route detected
[V3A-FEAS] route_arc_ids=[0, 3595, 3632, 3543, 2403, 2035, 3611, 3571]
[V3A-FEAS] route_len=8 skeleton_len=18 fail_i=8
[V3A-FEAS] failed_skeleton_edge=C5->C16
[V3A-FEAS] covering_arc_pos=4 covering_arc_id=2403
[V3A-FEAS] current_full_route_cut_size=8
[V3A-FEAS] prefix_through_failure_size=5 prefix_arc_ids=[0, 3595, 3632, 3543, 2403]
[V3A-FEAS] front_prune_test start_pos=0 candidate_size=5 candidate_ok=False candidate_fail_i=8 candidate_skeleton_len=10 candidate_arc_ids=[0, 3595, 3632, 3543, 2403]
[V3A-FEAS] front_prune_test start_pos=1 candidate_size=4 candidate_ok=False candidate_fail_i=7 candidate_skeleton_len=9 candidate_arc_ids=[3595, 3632, 3543, 2403]
[V3A-FEAS] front_prune_test start_pos=2 candidate_size=3 candidate_ok=True candidate_fail_i=None candidate_skeleton_len=7 candidate_arc_ids=[3632, 3543, 2403]
[V3A-FEAS] front_prune_test start_pos=3 candidate_size=2 candidate_ok=True candidate_fail_i=None candidate_skeleton_len=5 candidate_arc_ids=[3543, 2403]
[V3A-FEAS] front_prune_test start_pos=4 candidate_size=1 candidate_ok=True candidate_fail_i=None candidate_skeleton_len=3 candidate_arc_ids=[2403]
[V3A-FEAS] smallest_observed_front_pruned_bad_size=4
[V3A-FEAS] smallest_observed_front_pruned_bad_arc_ids=[3595, 3632, 3543, 2403]
[V3A-FEAS] diagnostic only: active lazy cut remains unchanged in v3a
[V3A-FEAS] front_prune_tests_run=5
[V3A-FEAS] infeasible route detected
[V3A-FEAS] route_arc_ids=[6, 3542, 2391, 3595, 3628, 1844, 1694, 3602]
[V3A-FEAS] route_len=8 skeleton_len=18 fail_i=11
[V3A-FEAS] failed_skeleton_edge=C9->C16
[V3A-FEAS] covering_arc_pos=5 covering_arc_id=1844
[V3A-FEAS] current_full_route_cut_size=8
[V3A-FEAS] prefix_through_failure_size=6 prefix_arc_ids=[6, 3542, 2391, 3595, 3628, 1844]
[V3A-FEAS] front_prune_test start_pos=0 candidate_size=6 candidate_ok=False candidate_fail_i=11 candidate_skeleton_len=13 candidate_arc_ids=[6, 3542, 2391, 3595, 3628, 1844]
[V3A-FEAS] front_prune_test start_pos=1 candidate_size=5 candidate_ok=False candidate_fail_i=10 candidate_skeleton_len=12 candidate_arc_ids=[3542, 2391, 3595, 3628, 1844]
[V3A-FEAS] front_prune_test start_pos=2 candidate_size=4 candidate_ok=False candidate_fail_i=8 candidate_skeleton_len=10 candidate_arc_ids=[2391, 3595, 3628, 1844]
[V3A-FEAS] front_prune_test start_pos=3 candidate_size=3 candidate_ok=False candidate_fail_i=6 candidate_skeleton_len=8 candidate_arc_ids=[3595, 3628, 1844]
[V3A-FEAS] front_prune_test start_pos=4 candidate_size=2 candidate_ok=False candidate_fail_i=4 candidate_skeleton_len=6 candidate_arc_ids=[3628, 1844]
[V3A-FEAS] front_prune_test start_pos=5 candidate_size=1 candidate_ok=True candidate_fail_i=None candidate_skeleton_len=4 candidate_arc_ids=[1844]
[V3A-FEAS] smallest_observed_front_pruned_bad_size=2
[V3A-FEAS] smallest_observed_front_pruned_bad_arc_ids=[3628, 1844]
[V3A-FEAS] diagnostic only: active lazy cut remains unchanged in v3a
[V3A-FEAS] front_prune_tests_run=6
[V3A-FEAS] infeasible route detected
[V3A-FEAS] route_arc_ids=[0, 3595, 3632, 3543, 2395, 1844, 1694, 3602]
[V3A-FEAS] route_len=8 skeleton_len=18 fail_i=11
[V3A-FEAS] failed_skeleton_edge=C9->C16
[V3A-FEAS] covering_arc_pos=5 covering_arc_id=1844
[V3A-FEAS] current_full_route_cut_size=8
[V3A-FEAS] prefix_through_failure_size=6 prefix_arc_ids=[0, 3595, 3632, 3543, 2395, 1844]
[V3A-FEAS] front_prune_test start_pos=0 candidate_size=6 candidate_ok=False candidate_fail_i=11 candidate_skeleton_len=13 candidate_arc_ids=[0, 3595, 3632, 3543, 2395, 1844]
[V3A-FEAS] front_prune_test start_pos=1 candidate_size=5 candidate_ok=False candidate_fail_i=10 candidate_skeleton_len=12 candidate_arc_ids=[3595, 3632, 3543, 2395, 1844]
[V3A-FEAS] front_prune_test start_pos=2 candidate_size=4 candidate_ok=False candidate_fail_i=8 candidate_skeleton_len=10 candidate_arc_ids=[3632, 3543, 2395, 1844]
[V3A-FEAS] front_prune_test start_pos=3 candidate_size=3 candidate_ok=False candidate_fail_i=6 candidate_skeleton_len=8 candidate_arc_ids=[3543, 2395, 1844]
[V3A-FEAS] front_prune_test start_pos=4 candidate_size=2 candidate_ok=False candidate_fail_i=4 candidate_skeleton_len=6 candidate_arc_ids=[2395, 1844]
[V3A-FEAS] front_prune_test start_pos=5 candidate_size=1 candidate_ok=True candidate_fail_i=None candidate_skeleton_len=4 candidate_arc_ids=[1844]
[V3A-FEAS] smallest_observed_front_pruned_bad_size=2
[V3A-FEAS] smallest_observed_front_pruned_bad_arc_ids=[2395, 1844]
[V3A-FEAS] diagnostic only: active lazy cut remains unchanged in v3a
[V3A-FEAS] front_prune_tests_run=6
[V3A-FEAS] infeasible route detected
[V3A-FEAS] route_arc_ids=[0, 3595, 3632, 3542, 2397, 1668, 3613, 3571]
[V3A-FEAS] route_len=8 skeleton_len=18 fail_i=9
[V3A-FEAS] failed_skeleton_edge=C10->C16
[V3A-FEAS] covering_arc_pos=5 covering_arc_id=1668
[V3A-FEAS] current_full_route_cut_size=8
[V3A-FEAS] prefix_through_failure_size=6 prefix_arc_ids=[0, 3595, 3632, 3542, 2397, 1668]
[V3A-FEAS] front_prune_test start_pos=0 candidate_size=6 candidate_ok=False candidate_fail_i=9 candidate_skeleton_len=14 candidate_arc_ids=[0, 3595, 3632, 3542, 2397, 1668]
[V3A-FEAS] front_prune_test start_pos=1 candidate_size=5 candidate_ok=False candidate_fail_i=8 candidate_skeleton_len=13 candidate_arc_ids=[3595, 3632, 3542, 2397, 1668]
[V3A-FEAS] front_prune_test start_pos=2 candidate_size=4 candidate_ok=True candidate_fail_i=None candidate_skeleton_len=11 candidate_arc_ids=[3632, 3542, 2397, 1668]
[V3A-FEAS] front_prune_test start_pos=3 candidate_size=3 candidate_ok=True candidate_fail_i=None candidate_skeleton_len=9 candidate_arc_ids=[3542, 2397, 1668]
[V3A-FEAS] front_prune_test start_pos=4 candidate_size=2 candidate_ok=True candidate_fail_i=None candidate_skeleton_len=7 candidate_arc_ids=[2397, 1668]
[V3A-FEAS] front_prune_test start_pos=5 candidate_size=1 candidate_ok=True candidate_fail_i=None candidate_skeleton_len=5 candidate_arc_ids=[1668]
[V3A-FEAS] smallest_observed_front_pruned_bad_size=5
[V3A-FEAS] smallest_observed_front_pruned_bad_arc_ids=[3595, 3632, 3542, 2397, 1668]
[V3A-FEAS] diagnostic only: active lazy cut remains unchanged in v3a
[V3A-FEAS] front_prune_tests_run=6
[V3A-FEAS] infeasible route detected
[V3A-FEAS] route_arc_ids=[0, 3595, 3632, 3543, 2397, 1669, 3613, 3571]
[V3A-FEAS] route_len=8 skeleton_len=18 fail_i=9
[V3A-FEAS] failed_skeleton_edge=C10->C16
[V3A-FEAS] covering_arc_pos=5 covering_arc_id=1669
[V3A-FEAS] current_full_route_cut_size=8
[V3A-FEAS] prefix_through_failure_size=6 prefix_arc_ids=[0, 3595, 3632, 3543, 2397, 1669]
[V3A-FEAS] front_prune_test start_pos=0 candidate_size=6 candidate_ok=False candidate_fail_i=9 candidate_skeleton_len=14 candidate_arc_ids=[0, 3595, 3632, 3543, 2397, 1669]
[V3A-FEAS] front_prune_test start_pos=1 candidate_size=5 candidate_ok=False candidate_fail_i=8 candidate_skeleton_len=13 candidate_arc_ids=[3595, 3632, 3543, 2397, 1669]
[V3A-FEAS] front_prune_test start_pos=2 candidate_size=4 candidate_ok=True candidate_fail_i=None candidate_skeleton_len=11 candidate_arc_ids=[3632, 3543, 2397, 1669]
[V3A-FEAS] front_prune_test start_pos=3 candidate_size=3 candidate_ok=True candidate_fail_i=None candidate_skeleton_len=9 candidate_arc_ids=[3543, 2397, 1669]
[V3A-FEAS] front_prune_test start_pos=4 candidate_size=2 candidate_ok=True candidate_fail_i=None candidate_skeleton_len=7 candidate_arc_ids=[2397, 1669]
[V3A-FEAS] front_prune_test start_pos=5 candidate_size=1 candidate_ok=True candidate_fail_i=None candidate_skeleton_len=5 candidate_arc_ids=[1669]
[V3A-FEAS] smallest_observed_front_pruned_bad_size=5
[V3A-FEAS] smallest_observed_front_pruned_bad_arc_ids=[3595, 3632, 3543, 2397, 1669]
[V3A-FEAS] diagnostic only: active lazy cut remains unchanged in v3a
[V3A-FEAS] front_prune_tests_run=6
[V3A-FEAS] infeasible route detected
[V3A-FEAS] route_arc_ids=[0, 3595, 3632, 3542, 2398, 1669, 3613, 3571]
[V3A-FEAS] route_len=8 skeleton_len=18 fail_i=9
[V3A-FEAS] failed_skeleton_edge=C10->C16
[V3A-FEAS] covering_arc_pos=5 covering_arc_id=1669
[V3A-FEAS] current_full_route_cut_size=8
[V3A-FEAS] prefix_through_failure_size=6 prefix_arc_ids=[0, 3595, 3632, 3542, 2398, 1669]
[V3A-FEAS] front_prune_test start_pos=0 candidate_size=6 candidate_ok=False candidate_fail_i=9 candidate_skeleton_len=14 candidate_arc_ids=[0, 3595, 3632, 3542, 2398, 1669]
[V3A-FEAS] front_prune_test start_pos=1 candidate_size=5 candidate_ok=False candidate_fail_i=8 candidate_skeleton_len=13 candidate_arc_ids=[3595, 3632, 3542, 2398, 1669]
[V3A-FEAS] front_prune_test start_pos=2 candidate_size=4 candidate_ok=True candidate_fail_i=None candidate_skeleton_len=11 candidate_arc_ids=[3632, 3542, 2398, 1669]
[V3A-FEAS] front_prune_test start_pos=3 candidate_size=3 candidate_ok=True candidate_fail_i=None candidate_skeleton_len=9 candidate_arc_ids=[3542, 2398, 1669]
[V3A-FEAS] front_prune_test start_pos=4 candidate_size=2 candidate_ok=True candidate_fail_i=None candidate_skeleton_len=7 candidate_arc_ids=[2398, 1669]
[V3A-FEAS] front_prune_test start_pos=5 candidate_size=1 candidate_ok=True candidate_fail_i=None candidate_skeleton_len=5 candidate_arc_ids=[1669]
[V3A-FEAS] smallest_observed_front_pruned_bad_size=5
[V3A-FEAS] smallest_observed_front_pruned_bad_arc_ids=[3595, 3632, 3542, 2398, 1669]
[V3A-FEAS] diagnostic only: active lazy cut remains unchanged in v3a
[V3A-FEAS] front_prune_tests_run=6
[V3A-FEAS] infeasible route detected
[V3A-FEAS] route_arc_ids=[6, 3542, 2391, 3595, 3629, 1669, 3613, 3571]
[V3A-FEAS] route_len=8 skeleton_len=18 fail_i=9
[V3A-FEAS] failed_skeleton_edge=C10->C16
[V3A-FEAS] covering_arc_pos=5 covering_arc_id=1669
[V3A-FEAS] current_full_route_cut_size=8
[V3A-FEAS] prefix_through_failure_size=6 prefix_arc_ids=[6, 3542, 2391, 3595, 3629, 1669]
[V3A-FEAS] front_prune_test start_pos=0 candidate_size=6 candidate_ok=False candidate_fail_i=9 candidate_skeleton_len=14 candidate_arc_ids=[6, 3542, 2391, 3595, 3629, 1669]
[V3A-FEAS] front_prune_test start_pos=1 candidate_size=5 candidate_ok=False candidate_fail_i=8 candidate_skeleton_len=13 candidate_arc_ids=[3542, 2391, 3595, 3629, 1669]
[V3A-FEAS] front_prune_test start_pos=2 candidate_size=4 candidate_ok=False candidate_fail_i=6 candidate_skeleton_len=11 candidate_arc_ids=[2391, 3595, 3629, 1669]
[V3A-FEAS] front_prune_test start_pos=3 candidate_size=3 candidate_ok=False candidate_fail_i=4 candidate_skeleton_len=9 candidate_arc_ids=[3595, 3629, 1669]
[V3A-FEAS] front_prune_test start_pos=4 candidate_size=2 candidate_ok=True candidate_fail_i=None candidate_skeleton_len=7 candidate_arc_ids=[3629, 1669]
[V3A-FEAS] front_prune_test start_pos=5 candidate_size=1 candidate_ok=True candidate_fail_i=None candidate_skeleton_len=5 candidate_arc_ids=[1669]
[V3A-FEAS] smallest_observed_front_pruned_bad_size=3
[V3A-FEAS] smallest_observed_front_pruned_bad_arc_ids=[3595, 3629, 1669]
[V3A-FEAS] diagnostic only: active lazy cut remains unchanged in v3a
[V3A-FEAS] front_prune_tests_run=6
[V3A-FEAS] infeasible route detected
[V3A-FEAS] route_arc_ids=[0, 3595, 3632, 3542, 2395, 1844, 2592, 1994]
[V3A-FEAS] route_len=8 skeleton_len=18 fail_i=11
[V3A-FEAS] failed_skeleton_edge=C9->C16
[V3A-FEAS] covering_arc_pos=5 covering_arc_id=1844
[V3A-FEAS] current_full_route_cut_size=8
[V3A-FEAS] prefix_through_failure_size=6 prefix_arc_ids=[0, 3595, 3632, 3542, 2395, 1844]
[V3A-FEAS] front_prune_test start_pos=0 candidate_size=6 candidate_ok=False candidate_fail_i=11 candidate_skeleton_len=13 candidate_arc_ids=[0, 3595, 3632, 3542, 2395, 1844]
[V3A-FEAS] front_prune_test start_pos=1 candidate_size=5 candidate_ok=False candidate_fail_i=10 candidate_skeleton_len=12 candidate_arc_ids=[3595, 3632, 3542, 2395, 1844]
[V3A-FEAS] front_prune_test start_pos=2 candidate_size=4 candidate_ok=False candidate_fail_i=8 candidate_skeleton_len=10 candidate_arc_ids=[3632, 3542, 2395, 1844]
[V3A-FEAS] front_prune_test start_pos=3 candidate_size=3 candidate_ok=False candidate_fail_i=6 candidate_skeleton_len=8 candidate_arc_ids=[3542, 2395, 1844]
[V3A-FEAS] front_prune_test start_pos=4 candidate_size=2 candidate_ok=False candidate_fail_i=4 candidate_skeleton_len=6 candidate_arc_ids=[2395, 1844]
[V3A-FEAS] front_prune_test start_pos=5 candidate_size=1 candidate_ok=True candidate_fail_i=None candidate_skeleton_len=4 candidate_arc_ids=[1844]
[V3A-FEAS] smallest_observed_front_pruned_bad_size=2
[V3A-FEAS] smallest_observed_front_pruned_bad_arc_ids=[2395, 1844]
[V3A-FEAS] diagnostic only: active lazy cut remains unchanged in v3a
[V3A-FEAS] front_prune_tests_run=6
[V3A-FEAS] infeasible route detected
[V3A-FEAS] route_arc_ids=[0, 3595, 3632, 3542, 2395, 1844, 2591, 1994]
[V3A-FEAS] route_len=8 skeleton_len=18 fail_i=11
[V3A-FEAS] failed_skeleton_edge=C9->C16
[V3A-FEAS] covering_arc_pos=5 covering_arc_id=1844
[V3A-FEAS] current_full_route_cut_size=8
[V3A-FEAS] prefix_through_failure_size=6 prefix_arc_ids=[0, 3595, 3632, 3542, 2395, 1844]
[V3A-FEAS] front_prune_test start_pos=0 candidate_size=6 candidate_ok=False candidate_fail_i=11 candidate_skeleton_len=13 candidate_arc_ids=[0, 3595, 3632, 3542, 2395, 1844]
[V3A-FEAS] front_prune_test start_pos=1 candidate_size=5 candidate_ok=False candidate_fail_i=10 candidate_skeleton_len=12 candidate_arc_ids=[3595, 3632, 3542, 2395, 1844]
[V3A-FEAS] front_prune_test start_pos=2 candidate_size=4 candidate_ok=False candidate_fail_i=8 candidate_skeleton_len=10 candidate_arc_ids=[3632, 3542, 2395, 1844]
[V3A-FEAS] front_prune_test start_pos=3 candidate_size=3 candidate_ok=False candidate_fail_i=6 candidate_skeleton_len=8 candidate_arc_ids=[3542, 2395, 1844]
[V3A-FEAS] front_prune_test start_pos=4 candidate_size=2 candidate_ok=False candidate_fail_i=4 candidate_skeleton_len=6 candidate_arc_ids=[2395, 1844]
[V3A-FEAS] front_prune_test start_pos=5 candidate_size=1 candidate_ok=True candidate_fail_i=None candidate_skeleton_len=4 candidate_arc_ids=[1844]
[V3A-FEAS] smallest_observed_front_pruned_bad_size=2
[V3A-FEAS] smallest_observed_front_pruned_bad_arc_ids=[2395, 1844]
[V3A-FEAS] diagnostic only: active lazy cut remains unchanged in v3a
[V3A-FEAS] front_prune_tests_run=6
[V3A-FEAS] infeasible route detected
[V3A-FEAS] route_arc_ids=[0, 3595, 3632, 3542, 2395, 1844, 1693, 3602]
[V3A-FEAS] route_len=8 skeleton_len=18 fail_i=11
[V3A-FEAS] failed_skeleton_edge=C9->C16
[V3A-FEAS] covering_arc_pos=5 covering_arc_id=1844
[V3A-FEAS] current_full_route_cut_size=8
[V3A-FEAS] prefix_through_failure_size=6 prefix_arc_ids=[0, 3595, 3632, 3542, 2395, 1844]
[V3A-FEAS] front_prune_test start_pos=0 candidate_size=6 candidate_ok=False candidate_fail_i=11 candidate_skeleton_len=13 candidate_arc_ids=[0, 3595, 3632, 3542, 2395, 1844]
[V3A-FEAS] front_prune_test start_pos=1 candidate_size=5 candidate_ok=False candidate_fail_i=10 candidate_skeleton_len=12 candidate_arc_ids=[3595, 3632, 3542, 2395, 1844]
[V3A-FEAS] front_prune_test start_pos=2 candidate_size=4 candidate_ok=False candidate_fail_i=8 candidate_skeleton_len=10 candidate_arc_ids=[3632, 3542, 2395, 1844]
[V3A-FEAS] front_prune_test start_pos=3 candidate_size=3 candidate_ok=False candidate_fail_i=6 candidate_skeleton_len=8 candidate_arc_ids=[3542, 2395, 1844]
[V3A-FEAS] front_prune_test start_pos=4 candidate_size=2 candidate_ok=False candidate_fail_i=4 candidate_skeleton_len=6 candidate_arc_ids=[2395, 1844]
[V3A-FEAS] front_prune_test start_pos=5 candidate_size=1 candidate_ok=True candidate_fail_i=None candidate_skeleton_len=4 candidate_arc_ids=[1844]
[V3A-FEAS] smallest_observed_front_pruned_bad_size=2
[V3A-FEAS] smallest_observed_front_pruned_bad_arc_ids=[2395, 1844]
[V3A-FEAS] diagnostic only: active lazy cut remains unchanged in v3a
[V3A-FEAS] front_prune_tests_run=6
[V3A-FEAS] infeasible route detected
[V3A-FEAS] route_arc_ids=[0, 3595, 3632, 3543, 2399, 3612, 1844, 1686]
[V3A-FEAS] route_len=8 skeleton_len=18 fail_i=13
[V3A-FEAS] failed_skeleton_edge=C9->C16
[V3A-FEAS] covering_arc_pos=6 covering_arc_id=1844
[V3A-FEAS] current_full_route_cut_size=8
[V3A-FEAS] prefix_through_failure_size=7 prefix_arc_ids=[0, 3595, 3632, 3543, 2399, 3612, 1844]
[V3A-FEAS] front_prune_test start_pos=0 candidate_size=7 candidate_ok=False candidate_fail_i=13 candidate_skeleton_len=15 candidate_arc_ids=[0, 3595, 3632, 3543, 2399, 3612, 1844]
[V3A-FEAS] front_prune_test start_pos=1 candidate_size=6 candidate_ok=False candidate_fail_i=12 candidate_skeleton_len=14 candidate_arc_ids=[3595, 3632, 3543, 2399, 3612, 1844]
[V3A-FEAS] front_prune_test start_pos=2 candidate_size=5 candidate_ok=False candidate_fail_i=10 candidate_skeleton_len=12 candidate_arc_ids=[3632, 3543, 2399, 3612, 1844]
[V3A-FEAS] front_prune_test start_pos=3 candidate_size=4 candidate_ok=False candidate_fail_i=8 candidate_skeleton_len=10 candidate_arc_ids=[3543, 2399, 3612, 1844]
[V3A-FEAS] front_prune_test start_pos=4 candidate_size=3 candidate_ok=False candidate_fail_i=6 candidate_skeleton_len=8 candidate_arc_ids=[2399, 3612, 1844]
[V3A-FEAS] front_prune_test start_pos=5 candidate_size=2 candidate_ok=False candidate_fail_i=4 candidate_skeleton_len=6 candidate_arc_ids=[3612, 1844]
[V3A-FEAS] front_prune_test start_pos=6 candidate_size=1 candidate_ok=True candidate_fail_i=None candidate_skeleton_len=4 candidate_arc_ids=[1844]
[V3A-FEAS] smallest_observed_front_pruned_bad_size=2
[V3A-FEAS] smallest_observed_front_pruned_bad_arc_ids=[3612, 1844]
[V3A-FEAS] diagnostic only: active lazy cut remains unchanged in v3a
[V3A-FEAS] front_prune_tests_run=7
[V3A-FEAS] infeasible route detected
[V3A-FEAS] route_arc_ids=[0, 3595, 3632, 3542, 3561, 1694, 3613, 3571]
[V3A-FEAS] route_len=8 skeleton_len=18 fail_i=9
[V3A-FEAS] failed_skeleton_edge=C5->C16
[V3A-FEAS] covering_arc_pos=4 covering_arc_id=3561
[V3A-FEAS] current_full_route_cut_size=8
[V3A-FEAS] prefix_through_failure_size=5 prefix_arc_ids=[0, 3595, 3632, 3542, 3561]
[V3A-FEAS] front_prune_test start_pos=0 candidate_size=5 candidate_ok=False candidate_fail_i=9 candidate_skeleton_len=11 candidate_arc_ids=[0, 3595, 3632, 3542, 3561]
[V3A-FEAS] front_prune_test start_pos=1 candidate_size=4 candidate_ok=False candidate_fail_i=8 candidate_skeleton_len=10 candidate_arc_ids=[3595, 3632, 3542, 3561]
[V3A-FEAS] front_prune_test start_pos=2 candidate_size=3 candidate_ok=True candidate_fail_i=None candidate_skeleton_len=8 candidate_arc_ids=[3632, 3542, 3561]
[V3A-FEAS] front_prune_test start_pos=3 candidate_size=2 candidate_ok=True candidate_fail_i=None candidate_skeleton_len=6 candidate_arc_ids=[3542, 3561]
[V3A-FEAS] front_prune_test start_pos=4 candidate_size=1 candidate_ok=True candidate_fail_i=None candidate_skeleton_len=4 candidate_arc_ids=[3561]
[V3A-FEAS] smallest_observed_front_pruned_bad_size=4
[V3A-FEAS] smallest_observed_front_pruned_bad_arc_ids=[3595, 3632, 3542, 3561]
[V3A-FEAS] diagnostic only: active lazy cut remains unchanged in v3a
[V3A-FEAS] front_prune_tests_run=5
[V3A-FEAS] infeasible route detected
[V3A-FEAS] route_arc_ids=[0, 3595, 3632, 3542, 2400, 3611, 1844, 1686]
[V3A-FEAS] route_len=8 skeleton_len=18 fail_i=13
[V3A-FEAS] failed_skeleton_edge=C9->C16
[V3A-FEAS] covering_arc_pos=6 covering_arc_id=1844
[V3A-FEAS] current_full_route_cut_size=8
[V3A-FEAS] prefix_through_failure_size=7 prefix_arc_ids=[0, 3595, 3632, 3542, 2400, 3611, 1844]
[V3A-FEAS] front_prune_test start_pos=0 candidate_size=7 candidate_ok=False candidate_fail_i=13 candidate_skeleton_len=15 candidate_arc_ids=[0, 3595, 3632, 3542, 2400, 3611, 1844]
[V3A-FEAS] front_prune_test start_pos=1 candidate_size=6 candidate_ok=False candidate_fail_i=12 candidate_skeleton_len=14 candidate_arc_ids=[3595, 3632, 3542, 2400, 3611, 1844]
[V3A-FEAS] front_prune_test start_pos=2 candidate_size=5 candidate_ok=False candidate_fail_i=10 candidate_skeleton_len=12 candidate_arc_ids=[3632, 3542, 2400, 3611, 1844]
[V3A-FEAS] front_prune_test start_pos=3 candidate_size=4 candidate_ok=False candidate_fail_i=8 candidate_skeleton_len=10 candidate_arc_ids=[3542, 2400, 3611, 1844]
[V3A-FEAS] front_prune_test start_pos=4 candidate_size=3 candidate_ok=False candidate_fail_i=6 candidate_skeleton_len=8 candidate_arc_ids=[2400, 3611, 1844]
[V3A-FEAS] front_prune_test start_pos=5 candidate_size=2 candidate_ok=False candidate_fail_i=4 candidate_skeleton_len=6 candidate_arc_ids=[3611, 1844]
[V3A-FEAS] front_prune_test start_pos=6 candidate_size=1 candidate_ok=True candidate_fail_i=None candidate_skeleton_len=4 candidate_arc_ids=[1844]
[V3A-FEAS] smallest_observed_front_pruned_bad_size=2
[V3A-FEAS] smallest_observed_front_pruned_bad_arc_ids=[3611, 1844]
[V3A-FEAS] diagnostic only: active lazy cut remains unchanged in v3a
[V3A-FEAS] front_prune_tests_run=7
[V3A-FEAS] infeasible route detected
[V3A-FEAS] route_arc_ids=[6, 3542, 2391, 3595, 3630, 3611, 1844, 1685]
[V3A-FEAS] route_len=8 skeleton_len=18 fail_i=13
[V3A-FEAS] failed_skeleton_edge=C9->C16
[V3A-FEAS] covering_arc_pos=6 covering_arc_id=1844
[V3A-FEAS] current_full_route_cut_size=8
[V3A-FEAS] prefix_through_failure_size=7 prefix_arc_ids=[6, 3542, 2391, 3595, 3630, 3611, 1844]
[V3A-FEAS] front_prune_test start_pos=0 candidate_size=7 candidate_ok=False candidate_fail_i=13 candidate_skeleton_len=15 candidate_arc_ids=[6, 3542, 2391, 3595, 3630, 3611, 1844]
[V3A-FEAS] front_prune_test start_pos=1 candidate_size=6 candidate_ok=False candidate_fail_i=12 candidate_skeleton_len=14 candidate_arc_ids=[3542, 2391, 3595, 3630, 3611, 1844]
[V3A-FEAS] front_prune_test start_pos=2 candidate_size=5 candidate_ok=False candidate_fail_i=10 candidate_skeleton_len=12 candidate_arc_ids=[2391, 3595, 3630, 3611, 1844]
[V3A-FEAS] front_prune_test start_pos=3 candidate_size=4 candidate_ok=False candidate_fail_i=8 candidate_skeleton_len=10 candidate_arc_ids=[3595, 3630, 3611, 1844]
[V3A-FEAS] front_prune_test start_pos=4 candidate_size=3 candidate_ok=False candidate_fail_i=6 candidate_skeleton_len=8 candidate_arc_ids=[3630, 3611, 1844]
[V3A-FEAS] front_prune_test start_pos=5 candidate_size=2 candidate_ok=False candidate_fail_i=4 candidate_skeleton_len=6 candidate_arc_ids=[3611, 1844]
[V3A-FEAS] front_prune_test start_pos=6 candidate_size=1 candidate_ok=True candidate_fail_i=None candidate_skeleton_len=4 candidate_arc_ids=[1844]
[V3A-FEAS] smallest_observed_front_pruned_bad_size=2
[V3A-FEAS] smallest_observed_front_pruned_bad_arc_ids=[3611, 1844]
[V3A-FEAS] diagnostic only: active lazy cut remains unchanged in v3a
[V3A-FEAS] front_prune_tests_run=7
[V3A-FEAS] infeasible route detected
[V3A-FEAS] route_arc_ids=[0, 3595, 3632, 3542, 3561, 1693, 3611, 3571]
[V3A-FEAS] route_len=8 skeleton_len=18 fail_i=9
[V3A-FEAS] failed_skeleton_edge=C5->C16
[V3A-FEAS] covering_arc_pos=4 covering_arc_id=3561
[V3A-FEAS] current_full_route_cut_size=8
[V3A-FEAS] prefix_through_failure_size=5 prefix_arc_ids=[0, 3595, 3632, 3542, 3561]
[V3A-FEAS] front_prune_test start_pos=0 candidate_size=5 candidate_ok=False candidate_fail_i=9 candidate_skeleton_len=11 candidate_arc_ids=[0, 3595, 3632, 3542, 3561]
[V3A-FEAS] front_prune_test start_pos=1 candidate_size=4 candidate_ok=False candidate_fail_i=8 candidate_skeleton_len=10 candidate_arc_ids=[3595, 3632, 3542, 3561]
[V3A-FEAS] front_prune_test start_pos=2 candidate_size=3 candidate_ok=True candidate_fail_i=None candidate_skeleton_len=8 candidate_arc_ids=[3632, 3542, 3561]
[V3A-FEAS] front_prune_test start_pos=3 candidate_size=2 candidate_ok=True candidate_fail_i=None candidate_skeleton_len=6 candidate_arc_ids=[3542, 3561]
[V3A-FEAS] front_prune_test start_pos=4 candidate_size=1 candidate_ok=True candidate_fail_i=None candidate_skeleton_len=4 candidate_arc_ids=[3561]
[V3A-FEAS] smallest_observed_front_pruned_bad_size=4
[V3A-FEAS] smallest_observed_front_pruned_bad_arc_ids=[3595, 3632, 3542, 3561]
[V3A-FEAS] diagnostic only: active lazy cut remains unchanged in v3a
[V3A-FEAS] front_prune_tests_run=5
[V3A-FEAS] infeasible route detected
[V3A-FEAS] route_arc_ids=[0, 3595, 3632, 3542, 2399, 3611, 3577, 1657]
[V3A-FEAS] route_len=8 skeleton_len=18 fail_i=13
[V3A-FEAS] failed_skeleton_edge=C10->C16
[V3A-FEAS] covering_arc_pos=7 covering_arc_id=1657
[V3A-FEAS] current_full_route_cut_size=8
[V3A-FEAS] prefix_through_failure_size=8 prefix_arc_ids=[0, 3595, 3632, 3542, 2399, 3611, 3577, 1657]
[V3A-FEAS] front_prune_test start_pos=0 candidate_size=8 candidate_ok=False candidate_fail_i=13 candidate_skeleton_len=18 candidate_arc_ids=[0, 3595, 3632, 3542, 2399, 3611, 3577, 1657]
[V3A-FEAS] front_prune_test start_pos=1 candidate_size=7 candidate_ok=False candidate_fail_i=12 candidate_skeleton_len=17 candidate_arc_ids=[3595, 3632, 3542, 2399, 3611, 3577, 1657]
[V3A-FEAS] front_prune_test start_pos=2 candidate_size=6 candidate_ok=False candidate_fail_i=10 candidate_skeleton_len=15 candidate_arc_ids=[3632, 3542, 2399, 3611, 3577, 1657]
[V3A-FEAS] front_prune_test start_pos=3 candidate_size=5 candidate_ok=False candidate_fail_i=8 candidate_skeleton_len=13 candidate_arc_ids=[3542, 2399, 3611, 3577, 1657]
[V3A-FEAS] front_prune_test start_pos=4 candidate_size=4 candidate_ok=False candidate_fail_i=6 candidate_skeleton_len=11 candidate_arc_ids=[2399, 3611, 3577, 1657]
[V3A-FEAS] front_prune_test start_pos=5 candidate_size=3 candidate_ok=False candidate_fail_i=4 candidate_skeleton_len=9 candidate_arc_ids=[3611, 3577, 1657]
[V3A-FEAS] front_prune_test start_pos=6 candidate_size=2 candidate_ok=True candidate_fail_i=None candidate_skeleton_len=7 candidate_arc_ids=[3577, 1657]
[V3A-FEAS] front_prune_test start_pos=7 candidate_size=1 candidate_ok=True candidate_fail_i=None candidate_skeleton_len=5 candidate_arc_ids=[1657]
[V3A-FEAS] smallest_observed_front_pruned_bad_size=3
[V3A-FEAS] smallest_observed_front_pruned_bad_arc_ids=[3611, 3577, 1657]
[V3A-FEAS] diagnostic only: active lazy cut remains unchanged in v3a
[V3A-FEAS] front_prune_tests_run=8
[V3A-FEAS] infeasible route detected
[V3A-FEAS] route_arc_ids=[0, 3595, 3632, 3543, 2399, 3611, 3577, 1657]
[V3A-FEAS] route_len=8 skeleton_len=18 fail_i=13
[V3A-FEAS] failed_skeleton_edge=C10->C16
[V3A-FEAS] covering_arc_pos=7 covering_arc_id=1657
[V3A-FEAS] current_full_route_cut_size=8
[V3A-FEAS] prefix_through_failure_size=8 prefix_arc_ids=[0, 3595, 3632, 3543, 2399, 3611, 3577, 1657]
[V3A-FEAS] front_prune_test start_pos=0 candidate_size=8 candidate_ok=False candidate_fail_i=13 candidate_skeleton_len=18 candidate_arc_ids=[0, 3595, 3632, 3543, 2399, 3611, 3577, 1657]
[V3A-FEAS] front_prune_test start_pos=1 candidate_size=7 candidate_ok=False candidate_fail_i=12 candidate_skeleton_len=17 candidate_arc_ids=[3595, 3632, 3543, 2399, 3611, 3577, 1657]
[V3A-FEAS] front_prune_test start_pos=2 candidate_size=6 candidate_ok=False candidate_fail_i=10 candidate_skeleton_len=15 candidate_arc_ids=[3632, 3543, 2399, 3611, 3577, 1657]
[V3A-FEAS] front_prune_test start_pos=3 candidate_size=5 candidate_ok=False candidate_fail_i=8 candidate_skeleton_len=13 candidate_arc_ids=[3543, 2399, 3611, 3577, 1657]
[V3A-FEAS] front_prune_test start_pos=4 candidate_size=4 candidate_ok=False candidate_fail_i=6 candidate_skeleton_len=11 candidate_arc_ids=[2399, 3611, 3577, 1657]
[V3A-FEAS] front_prune_test start_pos=5 candidate_size=3 candidate_ok=False candidate_fail_i=4 candidate_skeleton_len=9 candidate_arc_ids=[3611, 3577, 1657]
[V3A-FEAS] front_prune_test start_pos=6 candidate_size=2 candidate_ok=True candidate_fail_i=None candidate_skeleton_len=7 candidate_arc_ids=[3577, 1657]
[V3A-FEAS] front_prune_test start_pos=7 candidate_size=1 candidate_ok=True candidate_fail_i=None candidate_skeleton_len=5 candidate_arc_ids=[1657]
[V3A-FEAS] smallest_observed_front_pruned_bad_size=3
[V3A-FEAS] smallest_observed_front_pruned_bad_arc_ids=[3611, 3577, 1657]
[V3A-FEAS] diagnostic only: active lazy cut remains unchanged in v3a
[V3A-FEAS] front_prune_tests_run=8
[V3A-FEAS] infeasible route detected
[V3A-FEAS] route_arc_ids=[6, 3542, 2391, 3595, 3629, 1668, 3611, 3571]
[V3A-FEAS] route_len=8 skeleton_len=18 fail_i=9
[V3A-FEAS] failed_skeleton_edge=C10->C16
[V3A-FEAS] covering_arc_pos=5 covering_arc_id=1668
[V3A-FEAS] current_full_route_cut_size=8
[V3A-FEAS] prefix_through_failure_size=6 prefix_arc_ids=[6, 3542, 2391, 3595, 3629, 1668]
[V3A-FEAS] front_prune_test start_pos=0 candidate_size=6 candidate_ok=False candidate_fail_i=9 candidate_skeleton_len=14 candidate_arc_ids=[6, 3542, 2391, 3595, 3629, 1668]
[V3A-FEAS] front_prune_test start_pos=1 candidate_size=5 candidate_ok=False candidate_fail_i=8 candidate_skeleton_len=13 candidate_arc_ids=[3542, 2391, 3595, 3629, 1668]
[V3A-FEAS] front_prune_test start_pos=2 candidate_size=4 candidate_ok=False candidate_fail_i=6 candidate_skeleton_len=11 candidate_arc_ids=[2391, 3595, 3629, 1668]
[V3A-FEAS] front_prune_test start_pos=3 candidate_size=3 candidate_ok=False candidate_fail_i=4 candidate_skeleton_len=9 candidate_arc_ids=[3595, 3629, 1668]
[V3A-FEAS] front_prune_test start_pos=4 candidate_size=2 candidate_ok=True candidate_fail_i=None candidate_skeleton_len=7 candidate_arc_ids=[3629, 1668]
[V3A-FEAS] front_prune_test start_pos=5 candidate_size=1 candidate_ok=True candidate_fail_i=None candidate_skeleton_len=5 candidate_arc_ids=[1668]
[V3A-FEAS] smallest_observed_front_pruned_bad_size=3
[V3A-FEAS] smallest_observed_front_pruned_bad_arc_ids=[3595, 3629, 1668]
[V3A-FEAS] diagnostic only: active lazy cut remains unchanged in v3a
[V3A-FEAS] front_prune_tests_run=6
[V3A-FEAS] infeasible route detected
[V3A-FEAS] route_arc_ids=[0, 3595, 3632, 3542, 2397, 3084, 2250, 3571]
[V3A-FEAS] route_len=8 skeleton_len=18 fail_i=11
[V3A-FEAS] failed_skeleton_edge=C11->C16
[V3A-FEAS] covering_arc_pos=6 covering_arc_id=2250
[V3A-FEAS] current_full_route_cut_size=8
[V3A-FEAS] prefix_through_failure_size=7 prefix_arc_ids=[0, 3595, 3632, 3542, 2397, 3084, 2250]
[V3A-FEAS] front_prune_test start_pos=0 candidate_size=7 candidate_ok=False candidate_fail_i=11 candidate_skeleton_len=16 candidate_arc_ids=[0, 3595, 3632, 3542, 2397, 3084, 2250]
[V3A-FEAS] front_prune_test start_pos=1 candidate_size=6 candidate_ok=False candidate_fail_i=10 candidate_skeleton_len=15 candidate_arc_ids=[3595, 3632, 3542, 2397, 3084, 2250]
[V3A-FEAS] front_prune_test start_pos=2 candidate_size=5 candidate_ok=True candidate_fail_i=None candidate_skeleton_len=13 candidate_arc_ids=[3632, 3542, 2397, 3084, 2250]
[V3A-FEAS] front_prune_test start_pos=3 candidate_size=4 candidate_ok=True candidate_fail_i=None candidate_skeleton_len=11 candidate_arc_ids=[3542, 2397, 3084, 2250]
[V3A-FEAS] front_prune_test start_pos=4 candidate_size=3 candidate_ok=True candidate_fail_i=None candidate_skeleton_len=9 candidate_arc_ids=[2397, 3084, 2250]
[V3A-FEAS] front_prune_test start_pos=5 candidate_size=2 candidate_ok=True candidate_fail_i=None candidate_skeleton_len=7 candidate_arc_ids=[3084, 2250]
[V3A-FEAS] front_prune_test start_pos=6 candidate_size=1 candidate_ok=True candidate_fail_i=None candidate_skeleton_len=5 candidate_arc_ids=[2250]
[V3A-FEAS] smallest_observed_front_pruned_bad_size=6
[V3A-FEAS] smallest_observed_front_pruned_bad_arc_ids=[3595, 3632, 3542, 2397, 3084, 2250]
[V3A-FEAS] diagnostic only: active lazy cut remains unchanged in v3a
[V3A-FEAS] front_prune_tests_run=7
[V3A-FEAS] infeasible route detected
[V3A-FEAS] route_arc_ids=[0, 3595, 3632, 3542, 2397, 3084, 3612, 3585, 1715]
[V3A-FEAS] route_len=9 skeleton_len=18 fail_i=14
[V3A-FEAS] failed_skeleton_edge=C9->C16
[V3A-FEAS] covering_arc_pos=7 covering_arc_id=3585
[V3A-FEAS] current_full_route_cut_size=9
[V3A-FEAS] prefix_through_failure_size=8 prefix_arc_ids=[0, 3595, 3632, 3542, 2397, 3084, 3612, 3585]
[V3A-FEAS] front_prune_test start_pos=0 candidate_size=8 candidate_ok=False candidate_fail_i=14 candidate_skeleton_len=16 candidate_arc_ids=[0, 3595, 3632, 3542, 2397, 3084, 3612, 3585]
[V3A-FEAS] front_prune_test start_pos=1 candidate_size=7 candidate_ok=False candidate_fail_i=13 candidate_skeleton_len=15 candidate_arc_ids=[3595, 3632, 3542, 2397, 3084, 3612, 3585]
[V3A-FEAS] front_prune_test start_pos=2 candidate_size=6 candidate_ok=False candidate_fail_i=11 candidate_skeleton_len=13 candidate_arc_ids=[3632, 3542, 2397, 3084, 3612, 3585]
[V3A-FEAS] front_prune_test start_pos=3 candidate_size=5 candidate_ok=False candidate_fail_i=9 candidate_skeleton_len=11 candidate_arc_ids=[3542, 2397, 3084, 3612, 3585]
[V3A-FEAS] front_prune_test start_pos=4 candidate_size=4 candidate_ok=False candidate_fail_i=7 candidate_skeleton_len=9 candidate_arc_ids=[2397, 3084, 3612, 3585]
[V3A-FEAS] front_prune_test start_pos=5 candidate_size=3 candidate_ok=False candidate_fail_i=5 candidate_skeleton_len=7 candidate_arc_ids=[3084, 3612, 3585]
[V3A-FEAS] front_prune_test start_pos=6 candidate_size=2 candidate_ok=False candidate_fail_i=3 candidate_skeleton_len=5 candidate_arc_ids=[3612, 3585]
[V3A-FEAS] front_prune_test start_pos=7 candidate_size=1 candidate_ok=True candidate_fail_i=None candidate_skeleton_len=3 candidate_arc_ids=[3585]
[V3A-FEAS] smallest_observed_front_pruned_bad_size=2
[V3A-FEAS] smallest_observed_front_pruned_bad_arc_ids=[3612, 3585]
[V3A-FEAS] diagnostic only: active lazy cut remains unchanged in v3a
[V3A-FEAS] front_prune_tests_run=8
[V3A-FEAS] infeasible route detected
[V3A-FEAS] route_arc_ids=[0, 3595, 3632, 3542, 2403, 2035, 3611, 3571]
[V3A-FEAS] route_len=8 skeleton_len=18 fail_i=8
[V3A-FEAS] failed_skeleton_edge=C5->C16
[V3A-FEAS] covering_arc_pos=4 covering_arc_id=2403
[V3A-FEAS] current_full_route_cut_size=8
[V3A-FEAS] prefix_through_failure_size=5 prefix_arc_ids=[0, 3595, 3632, 3542, 2403]
[V3A-FEAS] front_prune_test start_pos=0 candidate_size=5 candidate_ok=False candidate_fail_i=8 candidate_skeleton_len=10 candidate_arc_ids=[0, 3595, 3632, 3542, 2403]
[V3A-FEAS] front_prune_test start_pos=1 candidate_size=4 candidate_ok=False candidate_fail_i=7 candidate_skeleton_len=9 candidate_arc_ids=[3595, 3632, 3542, 2403]
[V3A-FEAS] front_prune_test start_pos=2 candidate_size=3 candidate_ok=True candidate_fail_i=None candidate_skeleton_len=7 candidate_arc_ids=[3632, 3542, 2403]
[V3A-FEAS] front_prune_test start_pos=3 candidate_size=2 candidate_ok=True candidate_fail_i=None candidate_skeleton_len=5 candidate_arc_ids=[3542, 2403]
[V3A-FEAS] front_prune_test start_pos=4 candidate_size=1 candidate_ok=True candidate_fail_i=None candidate_skeleton_len=3 candidate_arc_ids=[2403]
[V3A-FEAS] smallest_observed_front_pruned_bad_size=4
[V3A-FEAS] smallest_observed_front_pruned_bad_arc_ids=[3595, 3632, 3542, 2403]
[V3A-FEAS] diagnostic only: active lazy cut remains unchanged in v3a
[V3A-FEAS] front_prune_tests_run=5
[V3A-FEAS] infeasible route detected
[V3A-FEAS] route_arc_ids=[0, 3595, 3632, 3542, 2397, 2576, 2003, 3571]
[V3A-FEAS] route_len=8 skeleton_len=18 fail_i=9
[V3A-FEAS] failed_skeleton_edge=C10->C16
[V3A-FEAS] covering_arc_pos=5 covering_arc_id=2576
[V3A-FEAS] current_full_route_cut_size=8
[V3A-FEAS] prefix_through_failure_size=6 prefix_arc_ids=[0, 3595, 3632, 3542, 2397, 2576]
[V3A-FEAS] front_prune_test start_pos=0 candidate_size=6 candidate_ok=False candidate_fail_i=9 candidate_skeleton_len=13 candidate_arc_ids=[0, 3595, 3632, 3542, 2397, 2576]
[V3A-FEAS] front_prune_test start_pos=1 candidate_size=5 candidate_ok=False candidate_fail_i=8 candidate_skeleton_len=12 candidate_arc_ids=[3595, 3632, 3542, 2397, 2576]
[V3A-FEAS] front_prune_test start_pos=2 candidate_size=4 candidate_ok=True candidate_fail_i=None candidate_skeleton_len=10 candidate_arc_ids=[3632, 3542, 2397, 2576]
[V3A-FEAS] front_prune_test start_pos=3 candidate_size=3 candidate_ok=True candidate_fail_i=None candidate_skeleton_len=8 candidate_arc_ids=[3542, 2397, 2576]
[V3A-FEAS] front_prune_test start_pos=4 candidate_size=2 candidate_ok=True candidate_fail_i=None candidate_skeleton_len=6 candidate_arc_ids=[2397, 2576]
[V3A-FEAS] front_prune_test start_pos=5 candidate_size=1 candidate_ok=True candidate_fail_i=None candidate_skeleton_len=4 candidate_arc_ids=[2576]
[V3A-FEAS] smallest_observed_front_pruned_bad_size=5
[V3A-FEAS] smallest_observed_front_pruned_bad_arc_ids=[3595, 3632, 3542, 2397, 2576]
[V3A-FEAS] diagnostic only: active lazy cut remains unchanged in v3a
[V3A-FEAS] front_prune_tests_run=6
[V3A-FEAS] infeasible route detected
[V3A-FEAS] route_arc_ids=[0, 3595, 3632, 3542, 2397, 3084, 3611, 3585, 1715]
[V3A-FEAS] route_len=9 skeleton_len=18 fail_i=14
[V3A-FEAS] failed_skeleton_edge=C9->C16
[V3A-FEAS] covering_arc_pos=7 covering_arc_id=3585
[V3A-FEAS] current_full_route_cut_size=9
[V3A-FEAS] prefix_through_failure_size=8 prefix_arc_ids=[0, 3595, 3632, 3542, 2397, 3084, 3611, 3585]
[V3A-FEAS] front_prune_test start_pos=0 candidate_size=8 candidate_ok=False candidate_fail_i=14 candidate_skeleton_len=16 candidate_arc_ids=[0, 3595, 3632, 3542, 2397, 3084, 3611, 3585]
[V3A-FEAS] front_prune_test start_pos=1 candidate_size=7 candidate_ok=False candidate_fail_i=13 candidate_skeleton_len=15 candidate_arc_ids=[3595, 3632, 3542, 2397, 3084, 3611, 3585]
[V3A-FEAS] front_prune_test start_pos=2 candidate_size=6 candidate_ok=False candidate_fail_i=11 candidate_skeleton_len=13 candidate_arc_ids=[3632, 3542, 2397, 3084, 3611, 3585]
[V3A-FEAS] front_prune_test start_pos=3 candidate_size=5 candidate_ok=False candidate_fail_i=9 candidate_skeleton_len=11 candidate_arc_ids=[3542, 2397, 3084, 3611, 3585]
[V3A-FEAS] front_prune_test start_pos=4 candidate_size=4 candidate_ok=False candidate_fail_i=7 candidate_skeleton_len=9 candidate_arc_ids=[2397, 3084, 3611, 3585]
[V3A-FEAS] front_prune_test start_pos=5 candidate_size=3 candidate_ok=False candidate_fail_i=5 candidate_skeleton_len=7 candidate_arc_ids=[3084, 3611, 3585]
[V3A-FEAS] front_prune_test start_pos=6 candidate_size=2 candidate_ok=False candidate_fail_i=3 candidate_skeleton_len=5 candidate_arc_ids=[3611, 3585]
[V3A-FEAS] front_prune_test start_pos=7 candidate_size=1 candidate_ok=True candidate_fail_i=None candidate_skeleton_len=3 candidate_arc_ids=[3585]
[V3A-FEAS] smallest_observed_front_pruned_bad_size=2
[V3A-FEAS] smallest_observed_front_pruned_bad_arc_ids=[3611, 3585]
[V3A-FEAS] diagnostic only: active lazy cut remains unchanged in v3a
[V3A-FEAS] front_prune_tests_run=8
[V3A-FEAS] infeasible route detected
[V3A-FEAS] route_arc_ids=[0, 3595, 3632, 3542, 2399, 3123, 150]
[V3A-FEAS] route_len=7 skeleton_len=18 fail_i=9
[V3A-FEAS] failed_skeleton_edge=C11->C16
[V3A-FEAS] covering_arc_pos=5 covering_arc_id=3123
[V3A-FEAS] current_full_route_cut_size=7
[V3A-FEAS] prefix_through_failure_size=6 prefix_arc_ids=[0, 3595, 3632, 3542, 2399, 3123]
[V3A-FEAS] front_prune_test start_pos=0 candidate_size=6 candidate_ok=False candidate_fail_i=9 candidate_skeleton_len=13 candidate_arc_ids=[0, 3595, 3632, 3542, 2399, 3123]
[V3A-FEAS] front_prune_test start_pos=1 candidate_size=5 candidate_ok=False candidate_fail_i=8 candidate_skeleton_len=12 candidate_arc_ids=[3595, 3632, 3542, 2399, 3123]
[V3A-FEAS] front_prune_test start_pos=2 candidate_size=4 candidate_ok=True candidate_fail_i=None candidate_skeleton_len=10 candidate_arc_ids=[3632, 3542, 2399, 3123]
[V3A-FEAS] front_prune_test start_pos=3 candidate_size=3 candidate_ok=True candidate_fail_i=None candidate_skeleton_len=8 candidate_arc_ids=[3542, 2399, 3123]
[V3A-FEAS] front_prune_test start_pos=4 candidate_size=2 candidate_ok=True candidate_fail_i=None candidate_skeleton_len=6 candidate_arc_ids=[2399, 3123]
[V3A-FEAS] front_prune_test start_pos=5 candidate_size=1 candidate_ok=True candidate_fail_i=None candidate_skeleton_len=4 candidate_arc_ids=[3123]
[V3A-FEAS] smallest_observed_front_pruned_bad_size=5
[V3A-FEAS] smallest_observed_front_pruned_bad_arc_ids=[3595, 3632, 3542, 2399, 3123]
[V3A-FEAS] diagnostic only: active lazy cut remains unchanged in v3a
[V3A-FEAS] front_prune_tests_run=6
[V3A-FEAS] infeasible route detected
[V3A-FEAS] route_arc_ids=[0, 3595, 3632, 3542, 2403, 2035, 3613, 3571]
[V3A-FEAS] route_len=8 skeleton_len=18 fail_i=8
[V3A-FEAS] failed_skeleton_edge=C5->C16
[V3A-FEAS] covering_arc_pos=4 covering_arc_id=2403
[V3A-FEAS] current_full_route_cut_size=8
[V3A-FEAS] prefix_through_failure_size=5 prefix_arc_ids=[0, 3595, 3632, 3542, 2403]
[V3A-FEAS] front_prune_test start_pos=0 candidate_size=5 candidate_ok=False candidate_fail_i=8 candidate_skeleton_len=10 candidate_arc_ids=[0, 3595, 3632, 3542, 2403]
[V3A-FEAS] front_prune_test start_pos=1 candidate_size=4 candidate_ok=False candidate_fail_i=7 candidate_skeleton_len=9 candidate_arc_ids=[3595, 3632, 3542, 2403]
[V3A-FEAS] front_prune_test start_pos=2 candidate_size=3 candidate_ok=True candidate_fail_i=None candidate_skeleton_len=7 candidate_arc_ids=[3632, 3542, 2403]
[V3A-FEAS] front_prune_test start_pos=3 candidate_size=2 candidate_ok=True candidate_fail_i=None candidate_skeleton_len=5 candidate_arc_ids=[3542, 2403]
[V3A-FEAS] front_prune_test start_pos=4 candidate_size=1 candidate_ok=True candidate_fail_i=None candidate_skeleton_len=3 candidate_arc_ids=[2403]
[V3A-FEAS] smallest_observed_front_pruned_bad_size=4
[V3A-FEAS] smallest_observed_front_pruned_bad_arc_ids=[3595, 3632, 3542, 2403]
[V3A-FEAS] diagnostic only: active lazy cut remains unchanged in v3a
[V3A-FEAS] front_prune_tests_run=5
[V3A-FEAS] infeasible route detected
[V3A-FEAS] route_arc_ids=[0, 3595, 3632, 3543, 2403, 2035, 3613, 3571]
[V3A-FEAS] route_len=8 skeleton_len=18 fail_i=8
[V3A-FEAS] failed_skeleton_edge=C5->C16
[V3A-FEAS] covering_arc_pos=4 covering_arc_id=2403
[V3A-FEAS] current_full_route_cut_size=8
[V3A-FEAS] prefix_through_failure_size=5 prefix_arc_ids=[0, 3595, 3632, 3543, 2403]
[V3A-FEAS] front_prune_test start_pos=0 candidate_size=5 candidate_ok=False candidate_fail_i=8 candidate_skeleton_len=10 candidate_arc_ids=[0, 3595, 3632, 3543, 2403]
[V3A-FEAS] front_prune_test start_pos=1 candidate_size=4 candidate_ok=False candidate_fail_i=7 candidate_skeleton_len=9 candidate_arc_ids=[3595, 3632, 3543, 2403]
[V3A-FEAS] front_prune_test start_pos=2 candidate_size=3 candidate_ok=True candidate_fail_i=None candidate_skeleton_len=7 candidate_arc_ids=[3632, 3543, 2403]
[V3A-FEAS] front_prune_test start_pos=3 candidate_size=2 candidate_ok=True candidate_fail_i=None candidate_skeleton_len=5 candidate_arc_ids=[3543, 2403]
[V3A-FEAS] front_prune_test start_pos=4 candidate_size=1 candidate_ok=True candidate_fail_i=None candidate_skeleton_len=3 candidate_arc_ids=[2403]
[V3A-FEAS] smallest_observed_front_pruned_bad_size=4
[V3A-FEAS] smallest_observed_front_pruned_bad_arc_ids=[3595, 3632, 3543, 2403]
[V3A-FEAS] diagnostic only: active lazy cut remains unchanged in v3a
[V3A-FEAS] front_prune_tests_run=5
[V3A-FEAS] infeasible route detected
[V3A-FEAS] route_arc_ids=[4, 3613, 1844, 1698, 3542, 2391, 3595, 3626]
[V3A-FEAS] route_len=8 skeleton_len=18 fail_i=5
[V3A-FEAS] failed_skeleton_edge=C9->C16
[V3A-FEAS] covering_arc_pos=2 covering_arc_id=1844
[V3A-FEAS] current_full_route_cut_size=8
[V3A-FEAS] prefix_through_failure_size=3 prefix_arc_ids=[4, 3613, 1844]
[V3A-FEAS] front_prune_test start_pos=0 candidate_size=3 candidate_ok=False candidate_fail_i=5 candidate_skeleton_len=7 candidate_arc_ids=[4, 3613, 1844]
[V3A-FEAS] front_prune_test start_pos=1 candidate_size=2 candidate_ok=False candidate_fail_i=4 candidate_skeleton_len=6 candidate_arc_ids=[3613, 1844]
[V3A-FEAS] front_prune_test start_pos=2 candidate_size=1 candidate_ok=True candidate_fail_i=None candidate_skeleton_len=4 candidate_arc_ids=[1844]
[V3A-FEAS] smallest_observed_front_pruned_bad_size=2
[V3A-FEAS] smallest_observed_front_pruned_bad_arc_ids=[3613, 1844]
[V3A-FEAS] diagnostic only: active lazy cut remains unchanged in v3a
[V3A-FEAS] front_prune_tests_run=3
[V3A-FEAS] infeasible route detected
[V3A-FEAS] route_arc_ids=[4, 3612, 1844, 1698, 3543, 2391, 3595, 3626]
[V3A-FEAS] route_len=8 skeleton_len=18 fail_i=5
[V3A-FEAS] failed_skeleton_edge=C9->C16
[V3A-FEAS] covering_arc_pos=2 covering_arc_id=1844
[V3A-FEAS] current_full_route_cut_size=8
[V3A-FEAS] prefix_through_failure_size=3 prefix_arc_ids=[4, 3612, 1844]
[V3A-FEAS] front_prune_test start_pos=0 candidate_size=3 candidate_ok=False candidate_fail_i=5 candidate_skeleton_len=7 candidate_arc_ids=[4, 3612, 1844]
[V3A-FEAS] front_prune_test start_pos=1 candidate_size=2 candidate_ok=False candidate_fail_i=4 candidate_skeleton_len=6 candidate_arc_ids=[3612, 1844]
[V3A-FEAS] front_prune_test start_pos=2 candidate_size=1 candidate_ok=True candidate_fail_i=None candidate_skeleton_len=4 candidate_arc_ids=[1844]
[V3A-FEAS] smallest_observed_front_pruned_bad_size=2
[V3A-FEAS] smallest_observed_front_pruned_bad_arc_ids=[3612, 1844]
[V3A-FEAS] diagnostic only: active lazy cut remains unchanged in v3a
[V3A-FEAS] front_prune_tests_run=3
[V3A-FEAS] infeasible route detected
[V3A-FEAS] route_arc_ids=[0, 3595, 3632, 3543, 2397, 3085, 3612, 3585, 1715]
[V3A-FEAS] route_len=9 skeleton_len=18 fail_i=14
[V3A-FEAS] failed_skeleton_edge=C9->C16
[V3A-FEAS] covering_arc_pos=7 covering_arc_id=3585
[V3A-FEAS] current_full_route_cut_size=9
[V3A-FEAS] prefix_through_failure_size=8 prefix_arc_ids=[0, 3595, 3632, 3543, 2397, 3085, 3612, 3585]
[V3A-FEAS] front_prune_test start_pos=0 candidate_size=8 candidate_ok=False candidate_fail_i=14 candidate_skeleton_len=16 candidate_arc_ids=[0, 3595, 3632, 3543, 2397, 3085, 3612, 3585]
[V3A-FEAS] front_prune_test start_pos=1 candidate_size=7 candidate_ok=False candidate_fail_i=13 candidate_skeleton_len=15 candidate_arc_ids=[3595, 3632, 3543, 2397, 3085, 3612, 3585]
[V3A-FEAS] front_prune_test start_pos=2 candidate_size=6 candidate_ok=False candidate_fail_i=11 candidate_skeleton_len=13 candidate_arc_ids=[3632, 3543, 2397, 3085, 3612, 3585]
[V3A-FEAS] front_prune_test start_pos=3 candidate_size=5 candidate_ok=False candidate_fail_i=9 candidate_skeleton_len=11 candidate_arc_ids=[3543, 2397, 3085, 3612, 3585]
[V3A-FEAS] front_prune_test start_pos=4 candidate_size=4 candidate_ok=False candidate_fail_i=7 candidate_skeleton_len=9 candidate_arc_ids=[2397, 3085, 3612, 3585]
[V3A-FEAS] front_prune_test start_pos=5 candidate_size=3 candidate_ok=False candidate_fail_i=5 candidate_skeleton_len=7 candidate_arc_ids=[3085, 3612, 3585]
[V3A-FEAS] front_prune_test start_pos=6 candidate_size=2 candidate_ok=False candidate_fail_i=3 candidate_skeleton_len=5 candidate_arc_ids=[3612, 3585]
[V3A-FEAS] front_prune_test start_pos=7 candidate_size=1 candidate_ok=True candidate_fail_i=None candidate_skeleton_len=3 candidate_arc_ids=[3585]
[V3A-FEAS] smallest_observed_front_pruned_bad_size=2
[V3A-FEAS] smallest_observed_front_pruned_bad_arc_ids=[3612, 3585]
[V3A-FEAS] diagnostic only: active lazy cut remains unchanged in v3a
[V3A-FEAS] front_prune_tests_run=8
[V3A-FEAS] infeasible route detected
[V3A-FEAS] route_arc_ids=[0, 3595, 3632, 3542, 2397, 3085, 3612, 3585, 1715]
[V3A-FEAS] route_len=9 skeleton_len=18 fail_i=14
[V3A-FEAS] failed_skeleton_edge=C9->C16
[V3A-FEAS] covering_arc_pos=7 covering_arc_id=3585
[V3A-FEAS] current_full_route_cut_size=9
[V3A-FEAS] prefix_through_failure_size=8 prefix_arc_ids=[0, 3595, 3632, 3542, 2397, 3085, 3612, 3585]
[V3A-FEAS] front_prune_test start_pos=0 candidate_size=8 candidate_ok=False candidate_fail_i=14 candidate_skeleton_len=16 candidate_arc_ids=[0, 3595, 3632, 3542, 2397, 3085, 3612, 3585]
[V3A-FEAS] front_prune_test start_pos=1 candidate_size=7 candidate_ok=False candidate_fail_i=13 candidate_skeleton_len=15 candidate_arc_ids=[3595, 3632, 3542, 2397, 3085, 3612, 3585]
[V3A-FEAS] front_prune_test start_pos=2 candidate_size=6 candidate_ok=False candidate_fail_i=11 candidate_skeleton_len=13 candidate_arc_ids=[3632, 3542, 2397, 3085, 3612, 3585]
[V3A-FEAS] front_prune_test start_pos=3 candidate_size=5 candidate_ok=False candidate_fail_i=9 candidate_skeleton_len=11 candidate_arc_ids=[3542, 2397, 3085, 3612, 3585]
[V3A-FEAS] front_prune_test start_pos=4 candidate_size=4 candidate_ok=False candidate_fail_i=7 candidate_skeleton_len=9 candidate_arc_ids=[2397, 3085, 3612, 3585]
[V3A-FEAS] front_prune_test start_pos=5 candidate_size=3 candidate_ok=False candidate_fail_i=5 candidate_skeleton_len=7 candidate_arc_ids=[3085, 3612, 3585]
[V3A-FEAS] front_prune_test start_pos=6 candidate_size=2 candidate_ok=False candidate_fail_i=3 candidate_skeleton_len=5 candidate_arc_ids=[3612, 3585]
[V3A-FEAS] front_prune_test start_pos=7 candidate_size=1 candidate_ok=True candidate_fail_i=None candidate_skeleton_len=3 candidate_arc_ids=[3585]
[V3A-FEAS] smallest_observed_front_pruned_bad_size=2
[V3A-FEAS] smallest_observed_front_pruned_bad_arc_ids=[3612, 3585]
[V3A-FEAS] diagnostic only: active lazy cut remains unchanged in v3a
[V3A-FEAS] front_prune_tests_run=8
[V3A-FEAS] infeasible route detected
[V3A-FEAS] route_arc_ids=[0, 3595, 3632, 3542, 2399, 3613, 1844, 1686]
[V3A-FEAS] route_len=8 skeleton_len=18 fail_i=13
[V3A-FEAS] failed_skeleton_edge=C9->C16
[V3A-FEAS] covering_arc_pos=6 covering_arc_id=1844
[V3A-FEAS] current_full_route_cut_size=8
[V3A-FEAS] prefix_through_failure_size=7 prefix_arc_ids=[0, 3595, 3632, 3542, 2399, 3613, 1844]
[V3A-FEAS] front_prune_test start_pos=0 candidate_size=7 candidate_ok=False candidate_fail_i=13 candidate_skeleton_len=15 candidate_arc_ids=[0, 3595, 3632, 3542, 2399, 3613, 1844]
[V3A-FEAS] front_prune_test start_pos=1 candidate_size=6 candidate_ok=False candidate_fail_i=12 candidate_skeleton_len=14 candidate_arc_ids=[3595, 3632, 3542, 2399, 3613, 1844]
[V3A-FEAS] front_prune_test start_pos=2 candidate_size=5 candidate_ok=False candidate_fail_i=10 candidate_skeleton_len=12 candidate_arc_ids=[3632, 3542, 2399, 3613, 1844]
[V3A-FEAS] front_prune_test start_pos=3 candidate_size=4 candidate_ok=False candidate_fail_i=8 candidate_skeleton_len=10 candidate_arc_ids=[3542, 2399, 3613, 1844]
[V3A-FEAS] front_prune_test start_pos=4 candidate_size=3 candidate_ok=False candidate_fail_i=6 candidate_skeleton_len=8 candidate_arc_ids=[2399, 3613, 1844]
[V3A-FEAS] front_prune_test start_pos=5 candidate_size=2 candidate_ok=False candidate_fail_i=4 candidate_skeleton_len=6 candidate_arc_ids=[3613, 1844]
[V3A-FEAS] front_prune_test start_pos=6 candidate_size=1 candidate_ok=True candidate_fail_i=None candidate_skeleton_len=4 candidate_arc_ids=[1844]
[V3A-FEAS] smallest_observed_front_pruned_bad_size=2
[V3A-FEAS] smallest_observed_front_pruned_bad_arc_ids=[3613, 1844]
[V3A-FEAS] diagnostic only: active lazy cut remains unchanged in v3a
[V3A-FEAS] front_prune_tests_run=7
[V3A-FEAS] infeasible route detected
[V3A-FEAS] route_arc_ids=[0, 3595, 3632, 3543, 2399, 3613, 1844, 1686]
[V3A-FEAS] route_len=8 skeleton_len=18 fail_i=13
[V3A-FEAS] failed_skeleton_edge=C9->C16
[V3A-FEAS] covering_arc_pos=6 covering_arc_id=1844
[V3A-FEAS] current_full_route_cut_size=8
[V3A-FEAS] prefix_through_failure_size=7 prefix_arc_ids=[0, 3595, 3632, 3543, 2399, 3613, 1844]
[V3A-FEAS] front_prune_test start_pos=0 candidate_size=7 candidate_ok=False candidate_fail_i=13 candidate_skeleton_len=15 candidate_arc_ids=[0, 3595, 3632, 3543, 2399, 3613, 1844]
[V3A-FEAS] front_prune_test start_pos=1 candidate_size=6 candidate_ok=False candidate_fail_i=12 candidate_skeleton_len=14 candidate_arc_ids=[3595, 3632, 3543, 2399, 3613, 1844]
[V3A-FEAS] front_prune_test start_pos=2 candidate_size=5 candidate_ok=False candidate_fail_i=10 candidate_skeleton_len=12 candidate_arc_ids=[3632, 3543, 2399, 3613, 1844]
[V3A-FEAS] front_prune_test start_pos=3 candidate_size=4 candidate_ok=False candidate_fail_i=8 candidate_skeleton_len=10 candidate_arc_ids=[3543, 2399, 3613, 1844]
[V3A-FEAS] front_prune_test start_pos=4 candidate_size=3 candidate_ok=False candidate_fail_i=6 candidate_skeleton_len=8 candidate_arc_ids=[2399, 3613, 1844]
[V3A-FEAS] front_prune_test start_pos=5 candidate_size=2 candidate_ok=False candidate_fail_i=4 candidate_skeleton_len=6 candidate_arc_ids=[3613, 1844]
[V3A-FEAS] front_prune_test start_pos=6 candidate_size=1 candidate_ok=True candidate_fail_i=None candidate_skeleton_len=4 candidate_arc_ids=[1844]
[V3A-FEAS] smallest_observed_front_pruned_bad_size=2
[V3A-FEAS] smallest_observed_front_pruned_bad_arc_ids=[3613, 1844]
[V3A-FEAS] diagnostic only: active lazy cut remains unchanged in v3a
[V3A-FEAS] front_prune_tests_run=7
[V3A-FEAS] infeasible route detected
[V3A-FEAS] route_arc_ids=[0, 3595, 3632, 3542, 2403, 1719, 3085, 3613, 3571]
[V3A-FEAS] route_len=9 skeleton_len=18 fail_i=8
[V3A-FEAS] failed_skeleton_edge=C5->C16
[V3A-FEAS] covering_arc_pos=4 covering_arc_id=2403
[V3A-FEAS] current_full_route_cut_size=9
[V3A-FEAS] prefix_through_failure_size=5 prefix_arc_ids=[0, 3595, 3632, 3542, 2403]
[V3A-FEAS] front_prune_test start_pos=0 candidate_size=5 candidate_ok=False candidate_fail_i=8 candidate_skeleton_len=10 candidate_arc_ids=[0, 3595, 3632, 3542, 2403]
[V3A-FEAS] front_prune_test start_pos=1 candidate_size=4 candidate_ok=False candidate_fail_i=7 candidate_skeleton_len=9 candidate_arc_ids=[3595, 3632, 3542, 2403]
[V3A-FEAS] front_prune_test start_pos=2 candidate_size=3 candidate_ok=True candidate_fail_i=None candidate_skeleton_len=7 candidate_arc_ids=[3632, 3542, 2403]
[V3A-FEAS] front_prune_test start_pos=3 candidate_size=2 candidate_ok=True candidate_fail_i=None candidate_skeleton_len=5 candidate_arc_ids=[3542, 2403]
[V3A-FEAS] front_prune_test start_pos=4 candidate_size=1 candidate_ok=True candidate_fail_i=None candidate_skeleton_len=3 candidate_arc_ids=[2403]
[V3A-FEAS] smallest_observed_front_pruned_bad_size=4
[V3A-FEAS] smallest_observed_front_pruned_bad_arc_ids=[3595, 3632, 3542, 2403]
[V3A-FEAS] diagnostic only: active lazy cut remains unchanged in v3a
[V3A-FEAS] front_prune_tests_run=5
[V3A-FEAS] infeasible route detected
[V3A-FEAS] route_arc_ids=[0, 3595, 3632, 3543, 2395, 1844, 1693, 3602]
[V3A-FEAS] route_len=8 skeleton_len=18 fail_i=11
[V3A-FEAS] failed_skeleton_edge=C9->C16
[V3A-FEAS] covering_arc_pos=5 covering_arc_id=1844
[V3A-FEAS] current_full_route_cut_size=8
[V3A-FEAS] prefix_through_failure_size=6 prefix_arc_ids=[0, 3595, 3632, 3543, 2395, 1844]
[V3A-FEAS] front_prune_test start_pos=0 candidate_size=6 candidate_ok=False candidate_fail_i=11 candidate_skeleton_len=13 candidate_arc_ids=[0, 3595, 3632, 3543, 2395, 1844]
[V3A-FEAS] front_prune_test start_pos=1 candidate_size=5 candidate_ok=False candidate_fail_i=10 candidate_skeleton_len=12 candidate_arc_ids=[3595, 3632, 3543, 2395, 1844]
[V3A-FEAS] front_prune_test start_pos=2 candidate_size=4 candidate_ok=False candidate_fail_i=8 candidate_skeleton_len=10 candidate_arc_ids=[3632, 3543, 2395, 1844]
[V3A-FEAS] front_prune_test start_pos=3 candidate_size=3 candidate_ok=False candidate_fail_i=6 candidate_skeleton_len=8 candidate_arc_ids=[3543, 2395, 1844]
[V3A-FEAS] front_prune_test start_pos=4 candidate_size=2 candidate_ok=False candidate_fail_i=4 candidate_skeleton_len=6 candidate_arc_ids=[2395, 1844]
[V3A-FEAS] front_prune_test start_pos=5 candidate_size=1 candidate_ok=True candidate_fail_i=None candidate_skeleton_len=4 candidate_arc_ids=[1844]
[V3A-FEAS] smallest_observed_front_pruned_bad_size=2
[V3A-FEAS] smallest_observed_front_pruned_bad_arc_ids=[2395, 1844]
[V3A-FEAS] diagnostic only: active lazy cut remains unchanged in v3a
[V3A-FEAS] front_prune_tests_run=6
[V3A-FEAS] infeasible route detected
[V3A-FEAS] route_arc_ids=[0, 3595, 3632, 3543, 2395, 1844, 2591, 1995]
[V3A-FEAS] route_len=8 skeleton_len=18 fail_i=11
[V3A-FEAS] failed_skeleton_edge=C9->C16
[V3A-FEAS] covering_arc_pos=5 covering_arc_id=1844
[V3A-FEAS] current_full_route_cut_size=8
[V3A-FEAS] prefix_through_failure_size=6 prefix_arc_ids=[0, 3595, 3632, 3543, 2395, 1844]
[V3A-FEAS] front_prune_test start_pos=0 candidate_size=6 candidate_ok=False candidate_fail_i=11 candidate_skeleton_len=13 candidate_arc_ids=[0, 3595, 3632, 3543, 2395, 1844]
[V3A-FEAS] front_prune_test start_pos=1 candidate_size=5 candidate_ok=False candidate_fail_i=10 candidate_skeleton_len=12 candidate_arc_ids=[3595, 3632, 3543, 2395, 1844]
[V3A-FEAS] front_prune_test start_pos=2 candidate_size=4 candidate_ok=False candidate_fail_i=8 candidate_skeleton_len=10 candidate_arc_ids=[3632, 3543, 2395, 1844]
[V3A-FEAS] front_prune_test start_pos=3 candidate_size=3 candidate_ok=False candidate_fail_i=6 candidate_skeleton_len=8 candidate_arc_ids=[3543, 2395, 1844]
[V3A-FEAS] front_prune_test start_pos=4 candidate_size=2 candidate_ok=False candidate_fail_i=4 candidate_skeleton_len=6 candidate_arc_ids=[2395, 1844]
[V3A-FEAS] front_prune_test start_pos=5 candidate_size=1 candidate_ok=True candidate_fail_i=None candidate_skeleton_len=4 candidate_arc_ids=[1844]
[V3A-FEAS] smallest_observed_front_pruned_bad_size=2
[V3A-FEAS] smallest_observed_front_pruned_bad_arc_ids=[2395, 1844]
[V3A-FEAS] diagnostic only: active lazy cut remains unchanged in v3a
[V3A-FEAS] front_prune_tests_run=6
[V3A-FEAS] infeasible route detected
[V3A-FEAS] route_arc_ids=[6, 3542, 2391, 3595, 3628, 1844, 2592, 1995]
[V3A-FEAS] route_len=8 skeleton_len=18 fail_i=11
[V3A-FEAS] failed_skeleton_edge=C9->C16
[V3A-FEAS] covering_arc_pos=5 covering_arc_id=1844
[V3A-FEAS] current_full_route_cut_size=8
[V3A-FEAS] prefix_through_failure_size=6 prefix_arc_ids=[6, 3542, 2391, 3595, 3628, 1844]
[V3A-FEAS] front_prune_test start_pos=0 candidate_size=6 candidate_ok=False candidate_fail_i=11 candidate_skeleton_len=13 candidate_arc_ids=[6, 3542, 2391, 3595, 3628, 1844]
[V3A-FEAS] front_prune_test start_pos=1 candidate_size=5 candidate_ok=False candidate_fail_i=10 candidate_skeleton_len=12 candidate_arc_ids=[3542, 2391, 3595, 3628, 1844]
[V3A-FEAS] front_prune_test start_pos=2 candidate_size=4 candidate_ok=False candidate_fail_i=8 candidate_skeleton_len=10 candidate_arc_ids=[2391, 3595, 3628, 1844]
[V3A-FEAS] front_prune_test start_pos=3 candidate_size=3 candidate_ok=False candidate_fail_i=6 candidate_skeleton_len=8 candidate_arc_ids=[3595, 3628, 1844]
[V3A-FEAS] front_prune_test start_pos=4 candidate_size=2 candidate_ok=False candidate_fail_i=4 candidate_skeleton_len=6 candidate_arc_ids=[3628, 1844]
[V3A-FEAS] front_prune_test start_pos=5 candidate_size=1 candidate_ok=True candidate_fail_i=None candidate_skeleton_len=4 candidate_arc_ids=[1844]
[V3A-FEAS] smallest_observed_front_pruned_bad_size=2
[V3A-FEAS] smallest_observed_front_pruned_bad_arc_ids=[3628, 1844]
[V3A-FEAS] diagnostic only: active lazy cut remains unchanged in v3a
[V3A-FEAS] front_prune_tests_run=6
[V3A-FEAS] infeasible route detected
[V3A-FEAS] route_arc_ids=[6, 3542, 2391, 3595, 3628, 1844, 2591, 1995]
[V3A-FEAS] route_len=8 skeleton_len=18 fail_i=11
[V3A-FEAS] failed_skeleton_edge=C9->C16
[V3A-FEAS] covering_arc_pos=5 covering_arc_id=1844
[V3A-FEAS] current_full_route_cut_size=8
[V3A-FEAS] prefix_through_failure_size=6 prefix_arc_ids=[6, 3542, 2391, 3595, 3628, 1844]
[V3A-FEAS] front_prune_test start_pos=0 candidate_size=6 candidate_ok=False candidate_fail_i=11 candidate_skeleton_len=13 candidate_arc_ids=[6, 3542, 2391, 3595, 3628, 1844]
[V3A-FEAS] front_prune_test start_pos=1 candidate_size=5 candidate_ok=False candidate_fail_i=10 candidate_skeleton_len=12 candidate_arc_ids=[3542, 2391, 3595, 3628, 1844]
[V3A-FEAS] front_prune_test start_pos=2 candidate_size=4 candidate_ok=False candidate_fail_i=8 candidate_skeleton_len=10 candidate_arc_ids=[2391, 3595, 3628, 1844]
[V3A-FEAS] front_prune_test start_pos=3 candidate_size=3 candidate_ok=False candidate_fail_i=6 candidate_skeleton_len=8 candidate_arc_ids=[3595, 3628, 1844]
[V3A-FEAS] front_prune_test start_pos=4 candidate_size=2 candidate_ok=False candidate_fail_i=4 candidate_skeleton_len=6 candidate_arc_ids=[3628, 1844]
[V3A-FEAS] front_prune_test start_pos=5 candidate_size=1 candidate_ok=True candidate_fail_i=None candidate_skeleton_len=4 candidate_arc_ids=[1844]
[V3A-FEAS] smallest_observed_front_pruned_bad_size=2
[V3A-FEAS] smallest_observed_front_pruned_bad_arc_ids=[3628, 1844]
[V3A-FEAS] diagnostic only: active lazy cut remains unchanged in v3a
[V3A-FEAS] front_prune_tests_run=6
[V3A-FEAS] infeasible route detected
[V3A-FEAS] route_arc_ids=[6, 3542, 2391, 3595, 3628, 1844, 1693, 3602]
[V3A-FEAS] route_len=8 skeleton_len=18 fail_i=11
[V3A-FEAS] failed_skeleton_edge=C9->C16
[V3A-FEAS] covering_arc_pos=5 covering_arc_id=1844
[V3A-FEAS] current_full_route_cut_size=8
[V3A-FEAS] prefix_through_failure_size=6 prefix_arc_ids=[6, 3542, 2391, 3595, 3628, 1844]
[V3A-FEAS] front_prune_test start_pos=0 candidate_size=6 candidate_ok=False candidate_fail_i=11 candidate_skeleton_len=13 candidate_arc_ids=[6, 3542, 2391, 3595, 3628, 1844]
[V3A-FEAS] front_prune_test start_pos=1 candidate_size=5 candidate_ok=False candidate_fail_i=10 candidate_skeleton_len=12 candidate_arc_ids=[3542, 2391, 3595, 3628, 1844]
[V3A-FEAS] front_prune_test start_pos=2 candidate_size=4 candidate_ok=False candidate_fail_i=8 candidate_skeleton_len=10 candidate_arc_ids=[2391, 3595, 3628, 1844]
[V3A-FEAS] front_prune_test start_pos=3 candidate_size=3 candidate_ok=False candidate_fail_i=6 candidate_skeleton_len=8 candidate_arc_ids=[3595, 3628, 1844]
[V3A-FEAS] front_prune_test start_pos=4 candidate_size=2 candidate_ok=False candidate_fail_i=4 candidate_skeleton_len=6 candidate_arc_ids=[3628, 1844]
[V3A-FEAS] front_prune_test start_pos=5 candidate_size=1 candidate_ok=True candidate_fail_i=None candidate_skeleton_len=4 candidate_arc_ids=[1844]
[V3A-FEAS] smallest_observed_front_pruned_bad_size=2
[V3A-FEAS] smallest_observed_front_pruned_bad_arc_ids=[3628, 1844]
[V3A-FEAS] diagnostic only: active lazy cut remains unchanged in v3a
[V3A-FEAS] front_prune_tests_run=6
[V3A-FEAS] infeasible route detected
[V3A-FEAS] route_arc_ids=[0, 3595, 3632, 3542, 2397, 1670, 3613, 3571]
[V3A-FEAS] route_len=8 skeleton_len=18 fail_i=9
[V3A-FEAS] failed_skeleton_edge=C10->C16
[V3A-FEAS] covering_arc_pos=5 covering_arc_id=1670
[V3A-FEAS] current_full_route_cut_size=8
[V3A-FEAS] prefix_through_failure_size=6 prefix_arc_ids=[0, 3595, 3632, 3542, 2397, 1670]
[V3A-FEAS] front_prune_test start_pos=0 candidate_size=6 candidate_ok=False candidate_fail_i=9 candidate_skeleton_len=14 candidate_arc_ids=[0, 3595, 3632, 3542, 2397, 1670]
[V3A-FEAS] front_prune_test start_pos=1 candidate_size=5 candidate_ok=False candidate_fail_i=8 candidate_skeleton_len=13 candidate_arc_ids=[3595, 3632, 3542, 2397, 1670]
[V3A-FEAS] front_prune_test start_pos=2 candidate_size=4 candidate_ok=True candidate_fail_i=None candidate_skeleton_len=11 candidate_arc_ids=[3632, 3542, 2397, 1670]
[V3A-FEAS] front_prune_test start_pos=3 candidate_size=3 candidate_ok=True candidate_fail_i=None candidate_skeleton_len=9 candidate_arc_ids=[3542, 2397, 1670]
[V3A-FEAS] front_prune_test start_pos=4 candidate_size=2 candidate_ok=True candidate_fail_i=None candidate_skeleton_len=7 candidate_arc_ids=[2397, 1670]
[V3A-FEAS] front_prune_test start_pos=5 candidate_size=1 candidate_ok=True candidate_fail_i=None candidate_skeleton_len=5 candidate_arc_ids=[1670]
[V3A-FEAS] smallest_observed_front_pruned_bad_size=5
[V3A-FEAS] smallest_observed_front_pruned_bad_arc_ids=[3595, 3632, 3542, 2397, 1670]
[V3A-FEAS] diagnostic only: active lazy cut remains unchanged in v3a
[V3A-FEAS] front_prune_tests_run=6
[V3A-FEAS] infeasible route detected
[V3A-FEAS] route_arc_ids=[0, 3595, 3632, 3542, 2397, 3084, 3613, 3585, 1715]
[V3A-FEAS] route_len=9 skeleton_len=18 fail_i=14
[V3A-FEAS] failed_skeleton_edge=C9->C16
[V3A-FEAS] covering_arc_pos=7 covering_arc_id=3585
[V3A-FEAS] current_full_route_cut_size=9
[V3A-FEAS] prefix_through_failure_size=8 prefix_arc_ids=[0, 3595, 3632, 3542, 2397, 3084, 3613, 3585]
[V3A-FEAS] front_prune_test start_pos=0 candidate_size=8 candidate_ok=False candidate_fail_i=14 candidate_skeleton_len=16 candidate_arc_ids=[0, 3595, 3632, 3542, 2397, 3084, 3613, 3585]
[V3A-FEAS] front_prune_test start_pos=1 candidate_size=7 candidate_ok=False candidate_fail_i=13 candidate_skeleton_len=15 candidate_arc_ids=[3595, 3632, 3542, 2397, 3084, 3613, 3585]
[V3A-FEAS] front_prune_test start_pos=2 candidate_size=6 candidate_ok=False candidate_fail_i=11 candidate_skeleton_len=13 candidate_arc_ids=[3632, 3542, 2397, 3084, 3613, 3585]
[V3A-FEAS] front_prune_test start_pos=3 candidate_size=5 candidate_ok=False candidate_fail_i=9 candidate_skeleton_len=11 candidate_arc_ids=[3542, 2397, 3084, 3613, 3585]
[V3A-FEAS] front_prune_test start_pos=4 candidate_size=4 candidate_ok=False candidate_fail_i=7 candidate_skeleton_len=9 candidate_arc_ids=[2397, 3084, 3613, 3585]
[V3A-FEAS] front_prune_test start_pos=5 candidate_size=3 candidate_ok=False candidate_fail_i=5 candidate_skeleton_len=7 candidate_arc_ids=[3084, 3613, 3585]
[V3A-FEAS] front_prune_test start_pos=6 candidate_size=2 candidate_ok=False candidate_fail_i=3 candidate_skeleton_len=5 candidate_arc_ids=[3613, 3585]
[V3A-FEAS] front_prune_test start_pos=7 candidate_size=1 candidate_ok=True candidate_fail_i=None candidate_skeleton_len=3 candidate_arc_ids=[3585]
[V3A-FEAS] smallest_observed_front_pruned_bad_size=2
[V3A-FEAS] smallest_observed_front_pruned_bad_arc_ids=[3613, 3585]
[V3A-FEAS] diagnostic only: active lazy cut remains unchanged in v3a
[V3A-FEAS] front_prune_tests_run=8
[V3A-FEAS] infeasible route detected
[V3A-FEAS] route_arc_ids=[4, 3611, 1845, 1698, 3543, 2391, 3595, 3626]
[V3A-FEAS] route_len=8 skeleton_len=18 fail_i=5
[V3A-FEAS] failed_skeleton_edge=C9->C16
[V3A-FEAS] covering_arc_pos=2 covering_arc_id=1845
[V3A-FEAS] current_full_route_cut_size=8
[V3A-FEAS] prefix_through_failure_size=3 prefix_arc_ids=[4, 3611, 1845]
[V3A-FEAS] front_prune_test start_pos=0 candidate_size=3 candidate_ok=False candidate_fail_i=5 candidate_skeleton_len=7 candidate_arc_ids=[4, 3611, 1845]
[V3A-FEAS] front_prune_test start_pos=1 candidate_size=2 candidate_ok=False candidate_fail_i=4 candidate_skeleton_len=6 candidate_arc_ids=[3611, 1845]
[V3A-FEAS] front_prune_test start_pos=2 candidate_size=1 candidate_ok=True candidate_fail_i=None candidate_skeleton_len=4 candidate_arc_ids=[1845]
[V3A-FEAS] smallest_observed_front_pruned_bad_size=2
[V3A-FEAS] smallest_observed_front_pruned_bad_arc_ids=[3611, 1845]
[V3A-FEAS] diagnostic only: active lazy cut remains unchanged in v3a
[V3A-FEAS] front_prune_tests_run=3
[V3A-FEAS] infeasible route detected
[V3A-FEAS] route_arc_ids=[4, 3611, 1845, 1688, 3595, 3632, 3543, 2389]
[V3A-FEAS] route_len=8 skeleton_len=18 fail_i=5
[V3A-FEAS] failed_skeleton_edge=C9->C16
[V3A-FEAS] covering_arc_pos=2 covering_arc_id=1845
[V3A-FEAS] current_full_route_cut_size=8
[V3A-FEAS] prefix_through_failure_size=3 prefix_arc_ids=[4, 3611, 1845]
[V3A-FEAS] front_prune_test start_pos=0 candidate_size=3 candidate_ok=False candidate_fail_i=5 candidate_skeleton_len=7 candidate_arc_ids=[4, 3611, 1845]
[V3A-FEAS] front_prune_test start_pos=1 candidate_size=2 candidate_ok=False candidate_fail_i=4 candidate_skeleton_len=6 candidate_arc_ids=[3611, 1845]
[V3A-FEAS] front_prune_test start_pos=2 candidate_size=1 candidate_ok=True candidate_fail_i=None candidate_skeleton_len=4 candidate_arc_ids=[1845]
[V3A-FEAS] smallest_observed_front_pruned_bad_size=2
[V3A-FEAS] smallest_observed_front_pruned_bad_arc_ids=[3611, 1845]
[V3A-FEAS] diagnostic only: active lazy cut remains unchanged in v3a
[V3A-FEAS] front_prune_tests_run=3
[V3A-FEAS] infeasible route detected
[V3A-FEAS] route_arc_ids=[4, 3611, 1845, 1688, 3595, 3632, 3542, 2389]
[V3A-FEAS] route_len=8 skeleton_len=18 fail_i=5
[V3A-FEAS] failed_skeleton_edge=C9->C16
[V3A-FEAS] covering_arc_pos=2 covering_arc_id=1845
[V3A-FEAS] current_full_route_cut_size=8
[V3A-FEAS] prefix_through_failure_size=3 prefix_arc_ids=[4, 3611, 1845]
[V3A-FEAS] front_prune_test start_pos=0 candidate_size=3 candidate_ok=False candidate_fail_i=5 candidate_skeleton_len=7 candidate_arc_ids=[4, 3611, 1845]
[V3A-FEAS] front_prune_test start_pos=1 candidate_size=2 candidate_ok=False candidate_fail_i=4 candidate_skeleton_len=6 candidate_arc_ids=[3611, 1845]
[V3A-FEAS] front_prune_test start_pos=2 candidate_size=1 candidate_ok=True candidate_fail_i=None candidate_skeleton_len=4 candidate_arc_ids=[1845]
[V3A-FEAS] smallest_observed_front_pruned_bad_size=2
[V3A-FEAS] smallest_observed_front_pruned_bad_arc_ids=[3611, 1845]
[V3A-FEAS] diagnostic only: active lazy cut remains unchanged in v3a
[V3A-FEAS] front_prune_tests_run=3
[V3A-FEAS] infeasible route detected
[V3A-FEAS] route_arc_ids=[6, 3542, 2391, 3595, 3630, 3611, 1845, 1686]
[V3A-FEAS] route_len=8 skeleton_len=18 fail_i=13
[V3A-FEAS] failed_skeleton_edge=C9->C16
[V3A-FEAS] covering_arc_pos=6 covering_arc_id=1845
[V3A-FEAS] current_full_route_cut_size=8
[V3A-FEAS] prefix_through_failure_size=7 prefix_arc_ids=[6, 3542, 2391, 3595, 3630, 3611, 1845]
[V3A-FEAS] front_prune_test start_pos=0 candidate_size=7 candidate_ok=False candidate_fail_i=13 candidate_skeleton_len=15 candidate_arc_ids=[6, 3542, 2391, 3595, 3630, 3611, 1845]
[V3A-FEAS] front_prune_test start_pos=1 candidate_size=6 candidate_ok=False candidate_fail_i=12 candidate_skeleton_len=14 candidate_arc_ids=[3542, 2391, 3595, 3630, 3611, 1845]
[V3A-FEAS] front_prune_test start_pos=2 candidate_size=5 candidate_ok=False candidate_fail_i=10 candidate_skeleton_len=12 candidate_arc_ids=[2391, 3595, 3630, 3611, 1845]
[V3A-FEAS] front_prune_test start_pos=3 candidate_size=4 candidate_ok=False candidate_fail_i=8 candidate_skeleton_len=10 candidate_arc_ids=[3595, 3630, 3611, 1845]
[V3A-FEAS] front_prune_test start_pos=4 candidate_size=3 candidate_ok=False candidate_fail_i=6 candidate_skeleton_len=8 candidate_arc_ids=[3630, 3611, 1845]
[V3A-FEAS] front_prune_test start_pos=5 candidate_size=2 candidate_ok=False candidate_fail_i=4 candidate_skeleton_len=6 candidate_arc_ids=[3611, 1845]
[V3A-FEAS] front_prune_test start_pos=6 candidate_size=1 candidate_ok=True candidate_fail_i=None candidate_skeleton_len=4 candidate_arc_ids=[1845]
[V3A-FEAS] smallest_observed_front_pruned_bad_size=2
[V3A-FEAS] smallest_observed_front_pruned_bad_arc_ids=[3611, 1845]
[V3A-FEAS] diagnostic only: active lazy cut remains unchanged in v3a
[V3A-FEAS] front_prune_tests_run=7
[V3A-FEAS] infeasible route detected
[V3A-FEAS] route_arc_ids=[0, 3595, 3632, 3543, 2403, 1720, 3611, 1828]
[V3A-FEAS] route_len=8 skeleton_len=18 fail_i=8
[V3A-FEAS] failed_skeleton_edge=C5->C16
[V3A-FEAS] covering_arc_pos=4 covering_arc_id=2403
[V3A-FEAS] current_full_route_cut_size=8
[V3A-FEAS] prefix_through_failure_size=5 prefix_arc_ids=[0, 3595, 3632, 3543, 2403]
[V3A-FEAS] front_prune_test start_pos=0 candidate_size=5 candidate_ok=False candidate_fail_i=8 candidate_skeleton_len=10 candidate_arc_ids=[0, 3595, 3632, 3543, 2403]
[V3A-FEAS] front_prune_test start_pos=1 candidate_size=4 candidate_ok=False candidate_fail_i=7 candidate_skeleton_len=9 candidate_arc_ids=[3595, 3632, 3543, 2403]
[V3A-FEAS] front_prune_test start_pos=2 candidate_size=3 candidate_ok=True candidate_fail_i=None candidate_skeleton_len=7 candidate_arc_ids=[3632, 3543, 2403]
[V3A-FEAS] front_prune_test start_pos=3 candidate_size=2 candidate_ok=True candidate_fail_i=None candidate_skeleton_len=5 candidate_arc_ids=[3543, 2403]
[V3A-FEAS] front_prune_test start_pos=4 candidate_size=1 candidate_ok=True candidate_fail_i=None candidate_skeleton_len=3 candidate_arc_ids=[2403]
[V3A-FEAS] smallest_observed_front_pruned_bad_size=4
[V3A-FEAS] smallest_observed_front_pruned_bad_arc_ids=[3595, 3632, 3543, 2403]
[V3A-FEAS] diagnostic only: active lazy cut remains unchanged in v3a
[V3A-FEAS] front_prune_tests_run=5
[V3A-FEAS] infeasible route detected
[V3A-FEAS] route_arc_ids=[0, 3595, 3632, 3542, 2397, 3085, 2251, 3571]
[V3A-FEAS] route_len=8 skeleton_len=18 fail_i=11
[V3A-FEAS] failed_skeleton_edge=C11->C16
[V3A-FEAS] covering_arc_pos=6 covering_arc_id=2251
[V3A-FEAS] current_full_route_cut_size=8
[V3A-FEAS] prefix_through_failure_size=7 prefix_arc_ids=[0, 3595, 3632, 3542, 2397, 3085, 2251]
[V3A-FEAS] front_prune_test start_pos=0 candidate_size=7 candidate_ok=False candidate_fail_i=11 candidate_skeleton_len=16 candidate_arc_ids=[0, 3595, 3632, 3542, 2397, 3085, 2251]
[V3A-FEAS] front_prune_test start_pos=1 candidate_size=6 candidate_ok=False candidate_fail_i=10 candidate_skeleton_len=15 candidate_arc_ids=[3595, 3632, 3542, 2397, 3085, 2251]
[V3A-FEAS] front_prune_test start_pos=2 candidate_size=5 candidate_ok=True candidate_fail_i=None candidate_skeleton_len=13 candidate_arc_ids=[3632, 3542, 2397, 3085, 2251]
[V3A-FEAS] front_prune_test start_pos=3 candidate_size=4 candidate_ok=True candidate_fail_i=None candidate_skeleton_len=11 candidate_arc_ids=[3542, 2397, 3085, 2251]
[V3A-FEAS] front_prune_test start_pos=4 candidate_size=3 candidate_ok=True candidate_fail_i=None candidate_skeleton_len=9 candidate_arc_ids=[2397, 3085, 2251]
[V3A-FEAS] front_prune_test start_pos=5 candidate_size=2 candidate_ok=True candidate_fail_i=None candidate_skeleton_len=7 candidate_arc_ids=[3085, 2251]
[V3A-FEAS] front_prune_test start_pos=6 candidate_size=1 candidate_ok=True candidate_fail_i=None candidate_skeleton_len=5 candidate_arc_ids=[2251]
[V3A-FEAS] smallest_observed_front_pruned_bad_size=6
[V3A-FEAS] smallest_observed_front_pruned_bad_arc_ids=[3595, 3632, 3542, 2397, 3085, 2251]
[V3A-FEAS] diagnostic only: active lazy cut remains unchanged in v3a
[V3A-FEAS] front_prune_tests_run=7
[V3A-FEAS] infeasible route detected
[V3A-FEAS] route_arc_ids=[0, 3595, 3632, 3542, 2397, 3086, 2251, 3571]
[V3A-FEAS] route_len=8 skeleton_len=18 fail_i=11
[V3A-FEAS] failed_skeleton_edge=C11->C16
[V3A-FEAS] covering_arc_pos=6 covering_arc_id=2251
[V3A-FEAS] current_full_route_cut_size=8
[V3A-FEAS] prefix_through_failure_size=7 prefix_arc_ids=[0, 3595, 3632, 3542, 2397, 3086, 2251]
[V3A-FEAS] front_prune_test start_pos=0 candidate_size=7 candidate_ok=False candidate_fail_i=11 candidate_skeleton_len=16 candidate_arc_ids=[0, 3595, 3632, 3542, 2397, 3086, 2251]
[V3A-FEAS] front_prune_test start_pos=1 candidate_size=6 candidate_ok=False candidate_fail_i=10 candidate_skeleton_len=15 candidate_arc_ids=[3595, 3632, 3542, 2397, 3086, 2251]
[V3A-FEAS] front_prune_test start_pos=2 candidate_size=5 candidate_ok=True candidate_fail_i=None candidate_skeleton_len=13 candidate_arc_ids=[3632, 3542, 2397, 3086, 2251]
[V3A-FEAS] front_prune_test start_pos=3 candidate_size=4 candidate_ok=True candidate_fail_i=None candidate_skeleton_len=11 candidate_arc_ids=[3542, 2397, 3086, 2251]
[V3A-FEAS] front_prune_test start_pos=4 candidate_size=3 candidate_ok=True candidate_fail_i=None candidate_skeleton_len=9 candidate_arc_ids=[2397, 3086, 2251]
[V3A-FEAS] front_prune_test start_pos=5 candidate_size=2 candidate_ok=True candidate_fail_i=None candidate_skeleton_len=7 candidate_arc_ids=[3086, 2251]
[V3A-FEAS] front_prune_test start_pos=6 candidate_size=1 candidate_ok=True candidate_fail_i=None candidate_skeleton_len=5 candidate_arc_ids=[2251]
[V3A-FEAS] smallest_observed_front_pruned_bad_size=6
[V3A-FEAS] smallest_observed_front_pruned_bad_arc_ids=[3595, 3632, 3542, 2397, 3086, 2251]
[V3A-FEAS] diagnostic only: active lazy cut remains unchanged in v3a
[V3A-FEAS] front_prune_tests_run=7
[V3A-FEAS] infeasible route detected
[V3A-FEAS] route_arc_ids=[0, 3595, 3632, 3542, 2399, 3613, 1845, 1686]
[V3A-FEAS] route_len=8 skeleton_len=18 fail_i=13
[V3A-FEAS] failed_skeleton_edge=C9->C16
[V3A-FEAS] covering_arc_pos=6 covering_arc_id=1845
[V3A-FEAS] current_full_route_cut_size=8
[V3A-FEAS] prefix_through_failure_size=7 prefix_arc_ids=[0, 3595, 3632, 3542, 2399, 3613, 1845]
[V3A-FEAS] front_prune_test start_pos=0 candidate_size=7 candidate_ok=False candidate_fail_i=13 candidate_skeleton_len=15 candidate_arc_ids=[0, 3595, 3632, 3542, 2399, 3613, 1845]
[V3A-FEAS] front_prune_test start_pos=1 candidate_size=6 candidate_ok=False candidate_fail_i=12 candidate_skeleton_len=14 candidate_arc_ids=[3595, 3632, 3542, 2399, 3613, 1845]
[V3A-FEAS] front_prune_test start_pos=2 candidate_size=5 candidate_ok=False candidate_fail_i=10 candidate_skeleton_len=12 candidate_arc_ids=[3632, 3542, 2399, 3613, 1845]
[V3A-FEAS] front_prune_test start_pos=3 candidate_size=4 candidate_ok=False candidate_fail_i=8 candidate_skeleton_len=10 candidate_arc_ids=[3542, 2399, 3613, 1845]
[V3A-FEAS] front_prune_test start_pos=4 candidate_size=3 candidate_ok=False candidate_fail_i=6 candidate_skeleton_len=8 candidate_arc_ids=[2399, 3613, 1845]
[V3A-FEAS] front_prune_test start_pos=5 candidate_size=2 candidate_ok=False candidate_fail_i=4 candidate_skeleton_len=6 candidate_arc_ids=[3613, 1845]
[V3A-FEAS] front_prune_test start_pos=6 candidate_size=1 candidate_ok=True candidate_fail_i=None candidate_skeleton_len=4 candidate_arc_ids=[1845]
[V3A-FEAS] smallest_observed_front_pruned_bad_size=2
[V3A-FEAS] smallest_observed_front_pruned_bad_arc_ids=[3613, 1845]
[V3A-FEAS] diagnostic only: active lazy cut remains unchanged in v3a
[V3A-FEAS] front_prune_tests_run=7
[V3A-FEAS] infeasible route detected
[V3A-FEAS] route_arc_ids=[0, 3595, 3632, 3543, 2399, 3613, 1845, 1686]
[V3A-FEAS] route_len=8 skeleton_len=18 fail_i=13
[V3A-FEAS] failed_skeleton_edge=C9->C16
[V3A-FEAS] covering_arc_pos=6 covering_arc_id=1845
[V3A-FEAS] current_full_route_cut_size=8
[V3A-FEAS] prefix_through_failure_size=7 prefix_arc_ids=[0, 3595, 3632, 3543, 2399, 3613, 1845]
[V3A-FEAS] front_prune_test start_pos=0 candidate_size=7 candidate_ok=False candidate_fail_i=13 candidate_skeleton_len=15 candidate_arc_ids=[0, 3595, 3632, 3543, 2399, 3613, 1845]
[V3A-FEAS] front_prune_test start_pos=1 candidate_size=6 candidate_ok=False candidate_fail_i=12 candidate_skeleton_len=14 candidate_arc_ids=[3595, 3632, 3543, 2399, 3613, 1845]
[V3A-FEAS] front_prune_test start_pos=2 candidate_size=5 candidate_ok=False candidate_fail_i=10 candidate_skeleton_len=12 candidate_arc_ids=[3632, 3543, 2399, 3613, 1845]
[V3A-FEAS] front_prune_test start_pos=3 candidate_size=4 candidate_ok=False candidate_fail_i=8 candidate_skeleton_len=10 candidate_arc_ids=[3543, 2399, 3613, 1845]
[V3A-FEAS] front_prune_test start_pos=4 candidate_size=3 candidate_ok=False candidate_fail_i=6 candidate_skeleton_len=8 candidate_arc_ids=[2399, 3613, 1845]
[V3A-FEAS] front_prune_test start_pos=5 candidate_size=2 candidate_ok=False candidate_fail_i=4 candidate_skeleton_len=6 candidate_arc_ids=[3613, 1845]
[V3A-FEAS] front_prune_test start_pos=6 candidate_size=1 candidate_ok=True candidate_fail_i=None candidate_skeleton_len=4 candidate_arc_ids=[1845]
[V3A-FEAS] smallest_observed_front_pruned_bad_size=2
[V3A-FEAS] smallest_observed_front_pruned_bad_arc_ids=[3613, 1845]
[V3A-FEAS] diagnostic only: active lazy cut remains unchanged in v3a
[V3A-FEAS] front_prune_tests_run=7
[V3A-FEAS] infeasible route detected
[V3A-FEAS] route_arc_ids=[0, 3595, 3632, 3542, 2397, 2577, 2458, 1911]
[V3A-FEAS] route_len=8 skeleton_len=18 fail_i=9
[V3A-FEAS] failed_skeleton_edge=C10->C16
[V3A-FEAS] covering_arc_pos=5 covering_arc_id=2577
[V3A-FEAS] current_full_route_cut_size=8
[V3A-FEAS] prefix_through_failure_size=6 prefix_arc_ids=[0, 3595, 3632, 3542, 2397, 2577]
[V3A-FEAS] front_prune_test start_pos=0 candidate_size=6 candidate_ok=False candidate_fail_i=9 candidate_skeleton_len=13 candidate_arc_ids=[0, 3595, 3632, 3542, 2397, 2577]
[V3A-FEAS] front_prune_test start_pos=1 candidate_size=5 candidate_ok=False candidate_fail_i=8 candidate_skeleton_len=12 candidate_arc_ids=[3595, 3632, 3542, 2397, 2577]
[V3A-FEAS] front_prune_test start_pos=2 candidate_size=4 candidate_ok=True candidate_fail_i=None candidate_skeleton_len=10 candidate_arc_ids=[3632, 3542, 2397, 2577]
[V3A-FEAS] front_prune_test start_pos=3 candidate_size=3 candidate_ok=True candidate_fail_i=None candidate_skeleton_len=8 candidate_arc_ids=[3542, 2397, 2577]
[V3A-FEAS] front_prune_test start_pos=4 candidate_size=2 candidate_ok=True candidate_fail_i=None candidate_skeleton_len=6 candidate_arc_ids=[2397, 2577]
[V3A-FEAS] front_prune_test start_pos=5 candidate_size=1 candidate_ok=True candidate_fail_i=None candidate_skeleton_len=4 candidate_arc_ids=[2577]
[V3A-FEAS] smallest_observed_front_pruned_bad_size=5
[V3A-FEAS] smallest_observed_front_pruned_bad_arc_ids=[3595, 3632, 3542, 2397, 2577]
[V3A-FEAS] diagnostic only: active lazy cut remains unchanged in v3a
[V3A-FEAS] front_prune_tests_run=6
[V3A-FEAS] infeasible route detected
[V3A-FEAS] route_arc_ids=[0, 3595, 3632, 3542, 2403, 2443, 150]
[V3A-FEAS] route_len=7 skeleton_len=18 fail_i=8
[V3A-FEAS] failed_skeleton_edge=C5->C16
[V3A-FEAS] covering_arc_pos=4 covering_arc_id=2403
[V3A-FEAS] current_full_route_cut_size=7
[V3A-FEAS] prefix_through_failure_size=5 prefix_arc_ids=[0, 3595, 3632, 3542, 2403]
[V3A-FEAS] front_prune_test start_pos=0 candidate_size=5 candidate_ok=False candidate_fail_i=8 candidate_skeleton_len=10 candidate_arc_ids=[0, 3595, 3632, 3542, 2403]
[V3A-FEAS] front_prune_test start_pos=1 candidate_size=4 candidate_ok=False candidate_fail_i=7 candidate_skeleton_len=9 candidate_arc_ids=[3595, 3632, 3542, 2403]
[V3A-FEAS] front_prune_test start_pos=2 candidate_size=3 candidate_ok=True candidate_fail_i=None candidate_skeleton_len=7 candidate_arc_ids=[3632, 3542, 2403]
[V3A-FEAS] front_prune_test start_pos=3 candidate_size=2 candidate_ok=True candidate_fail_i=None candidate_skeleton_len=5 candidate_arc_ids=[3542, 2403]
[V3A-FEAS] front_prune_test start_pos=4 candidate_size=1 candidate_ok=True candidate_fail_i=None candidate_skeleton_len=3 candidate_arc_ids=[2403]
[V3A-FEAS] smallest_observed_front_pruned_bad_size=4
[V3A-FEAS] smallest_observed_front_pruned_bad_arc_ids=[3595, 3632, 3542, 2403]
[V3A-FEAS] diagnostic only: active lazy cut remains unchanged in v3a
[V3A-FEAS] front_prune_tests_run=5
[V3A-FEAS] infeasible route detected
[V3A-FEAS] route_arc_ids=[0, 3595, 3632, 3542, 2403, 1720, 3611, 3577, 3072]
[V3A-FEAS] route_len=9 skeleton_len=18 fail_i=8
[V3A-FEAS] failed_skeleton_edge=C5->C16
[V3A-FEAS] covering_arc_pos=4 covering_arc_id=2403
[V3A-FEAS] current_full_route_cut_size=9
[V3A-FEAS] prefix_through_failure_size=5 prefix_arc_ids=[0, 3595, 3632, 3542, 2403]
[V3A-FEAS] front_prune_test start_pos=0 candidate_size=5 candidate_ok=False candidate_fail_i=8 candidate_skeleton_len=10 candidate_arc_ids=[0, 3595, 3632, 3542, 2403]
[V3A-FEAS] front_prune_test start_pos=1 candidate_size=4 candidate_ok=False candidate_fail_i=7 candidate_skeleton_len=9 candidate_arc_ids=[3595, 3632, 3542, 2403]
[V3A-FEAS] front_prune_test start_pos=2 candidate_size=3 candidate_ok=True candidate_fail_i=None candidate_skeleton_len=7 candidate_arc_ids=[3632, 3542, 2403]
[V3A-FEAS] front_prune_test start_pos=3 candidate_size=2 candidate_ok=True candidate_fail_i=None candidate_skeleton_len=5 candidate_arc_ids=[3542, 2403]
[V3A-FEAS] front_prune_test start_pos=4 candidate_size=1 candidate_ok=True candidate_fail_i=None candidate_skeleton_len=3 candidate_arc_ids=[2403]
[V3A-FEAS] smallest_observed_front_pruned_bad_size=4
[V3A-FEAS] smallest_observed_front_pruned_bad_arc_ids=[3595, 3632, 3542, 2403]
[V3A-FEAS] diagnostic only: active lazy cut remains unchanged in v3a
[V3A-FEAS] front_prune_tests_run=5
[V3A-FEAS] infeasible route detected
[V3A-FEAS] route_arc_ids=[0, 3595, 3632, 3542, 2399, 3611, 3576, 1657]
[V3A-FEAS] route_len=8 skeleton_len=18 fail_i=13
[V3A-FEAS] failed_skeleton_edge=C10->C16
[V3A-FEAS] covering_arc_pos=7 covering_arc_id=1657
[V3A-FEAS] current_full_route_cut_size=8
[V3A-FEAS] prefix_through_failure_size=8 prefix_arc_ids=[0, 3595, 3632, 3542, 2399, 3611, 3576, 1657]
[V3A-FEAS] front_prune_test start_pos=0 candidate_size=8 candidate_ok=False candidate_fail_i=13 candidate_skeleton_len=18 candidate_arc_ids=[0, 3595, 3632, 3542, 2399, 3611, 3576, 1657]
[V3A-FEAS] front_prune_test start_pos=1 candidate_size=7 candidate_ok=False candidate_fail_i=12 candidate_skeleton_len=17 candidate_arc_ids=[3595, 3632, 3542, 2399, 3611, 3576, 1657]
[V3A-FEAS] front_prune_test start_pos=2 candidate_size=6 candidate_ok=False candidate_fail_i=10 candidate_skeleton_len=15 candidate_arc_ids=[3632, 3542, 2399, 3611, 3576, 1657]
[V3A-FEAS] front_prune_test start_pos=3 candidate_size=5 candidate_ok=False candidate_fail_i=8 candidate_skeleton_len=13 candidate_arc_ids=[3542, 2399, 3611, 3576, 1657]
[V3A-FEAS] front_prune_test start_pos=4 candidate_size=4 candidate_ok=False candidate_fail_i=6 candidate_skeleton_len=11 candidate_arc_ids=[2399, 3611, 3576, 1657]
[V3A-FEAS] front_prune_test start_pos=5 candidate_size=3 candidate_ok=False candidate_fail_i=4 candidate_skeleton_len=9 candidate_arc_ids=[3611, 3576, 1657]
[V3A-FEAS] front_prune_test start_pos=6 candidate_size=2 candidate_ok=True candidate_fail_i=None candidate_skeleton_len=7 candidate_arc_ids=[3576, 1657]
[V3A-FEAS] front_prune_test start_pos=7 candidate_size=1 candidate_ok=True candidate_fail_i=None candidate_skeleton_len=5 candidate_arc_ids=[1657]
[V3A-FEAS] smallest_observed_front_pruned_bad_size=3
[V3A-FEAS] smallest_observed_front_pruned_bad_arc_ids=[3611, 3576, 1657]
[V3A-FEAS] diagnostic only: active lazy cut remains unchanged in v3a
[V3A-FEAS] front_prune_tests_run=8
[V3A-FEAS] infeasible route detected
[V3A-FEAS] route_arc_ids=[0, 3595, 3632, 3543, 2399, 3611, 3576, 1657]
[V3A-FEAS] route_len=8 skeleton_len=18 fail_i=13
[V3A-FEAS] failed_skeleton_edge=C10->C16
[V3A-FEAS] covering_arc_pos=7 covering_arc_id=1657
[V3A-FEAS] current_full_route_cut_size=8
[V3A-FEAS] prefix_through_failure_size=8 prefix_arc_ids=[0, 3595, 3632, 3543, 2399, 3611, 3576, 1657]
[V3A-FEAS] front_prune_test start_pos=0 candidate_size=8 candidate_ok=False candidate_fail_i=13 candidate_skeleton_len=18 candidate_arc_ids=[0, 3595, 3632, 3543, 2399, 3611, 3576, 1657]
[V3A-FEAS] front_prune_test start_pos=1 candidate_size=7 candidate_ok=False candidate_fail_i=12 candidate_skeleton_len=17 candidate_arc_ids=[3595, 3632, 3543, 2399, 3611, 3576, 1657]
[V3A-FEAS] front_prune_test start_pos=2 candidate_size=6 candidate_ok=False candidate_fail_i=10 candidate_skeleton_len=15 candidate_arc_ids=[3632, 3543, 2399, 3611, 3576, 1657]
[V3A-FEAS] front_prune_test start_pos=3 candidate_size=5 candidate_ok=False candidate_fail_i=8 candidate_skeleton_len=13 candidate_arc_ids=[3543, 2399, 3611, 3576, 1657]
[V3A-FEAS] front_prune_test start_pos=4 candidate_size=4 candidate_ok=False candidate_fail_i=6 candidate_skeleton_len=11 candidate_arc_ids=[2399, 3611, 3576, 1657]
[V3A-FEAS] front_prune_test start_pos=5 candidate_size=3 candidate_ok=False candidate_fail_i=4 candidate_skeleton_len=9 candidate_arc_ids=[3611, 3576, 1657]
[V3A-FEAS] front_prune_test start_pos=6 candidate_size=2 candidate_ok=True candidate_fail_i=None candidate_skeleton_len=7 candidate_arc_ids=[3576, 1657]
[V3A-FEAS] front_prune_test start_pos=7 candidate_size=1 candidate_ok=True candidate_fail_i=None candidate_skeleton_len=5 candidate_arc_ids=[1657]
[V3A-FEAS] smallest_observed_front_pruned_bad_size=3
[V3A-FEAS] smallest_observed_front_pruned_bad_arc_ids=[3611, 3576, 1657]
[V3A-FEAS] diagnostic only: active lazy cut remains unchanged in v3a
[V3A-FEAS] front_prune_tests_run=8
[V3A-FEAS] infeasible route detected
[V3A-FEAS] route_arc_ids=[6, 3542, 2391, 3595, 3628, 1832, 2242]
[V3A-FEAS] route_len=7 skeleton_len=18 fail_i=13
[V3A-FEAS] failed_skeleton_edge=C11->C16
[V3A-FEAS] covering_arc_pos=6 covering_arc_id=2242
[V3A-FEAS] current_full_route_cut_size=7
[V3A-FEAS] prefix_through_failure_size=7 prefix_arc_ids=[6, 3542, 2391, 3595, 3628, 1832, 2242]
[V3A-FEAS] front_prune_test start_pos=0 candidate_size=7 candidate_ok=False candidate_fail_i=13 candidate_skeleton_len=18 candidate_arc_ids=[6, 3542, 2391, 3595, 3628, 1832, 2242]
[V3A-FEAS] front_prune_test start_pos=1 candidate_size=6 candidate_ok=False candidate_fail_i=12 candidate_skeleton_len=17 candidate_arc_ids=[3542, 2391, 3595, 3628, 1832, 2242]
[V3A-FEAS] front_prune_test start_pos=2 candidate_size=5 candidate_ok=False candidate_fail_i=10 candidate_skeleton_len=15 candidate_arc_ids=[2391, 3595, 3628, 1832, 2242]
[V3A-FEAS] front_prune_test start_pos=3 candidate_size=4 candidate_ok=False candidate_fail_i=8 candidate_skeleton_len=13 candidate_arc_ids=[3595, 3628, 1832, 2242]
[V3A-FEAS] front_prune_test start_pos=4 candidate_size=3 candidate_ok=False candidate_fail_i=6 candidate_skeleton_len=11 candidate_arc_ids=[3628, 1832, 2242]
[V3A-FEAS] front_prune_test start_pos=5 candidate_size=2 candidate_ok=True candidate_fail_i=None candidate_skeleton_len=9 candidate_arc_ids=[1832, 2242]
[V3A-FEAS] front_prune_test start_pos=6 candidate_size=1 candidate_ok=True candidate_fail_i=None candidate_skeleton_len=5 candidate_arc_ids=[2242]
[V3A-FEAS] smallest_observed_front_pruned_bad_size=3
[V3A-FEAS] smallest_observed_front_pruned_bad_arc_ids=[3628, 1832, 2242]
[V3A-FEAS] diagnostic only: active lazy cut remains unchanged in v3a
[V3A-FEAS] front_prune_tests_run=7
[V3A-FEAS] infeasible route detected
[V3A-FEAS] route_arc_ids=[0, 3595, 3632, 3542, 2395, 1837, 1720, 3604]
[V3A-FEAS] route_len=8 skeleton_len=18 fail_i=12
[V3A-FEAS] failed_skeleton_edge=C12->C16
[V3A-FEAS] covering_arc_pos=5 covering_arc_id=1837
[V3A-FEAS] current_full_route_cut_size=8
[V3A-FEAS] prefix_through_failure_size=6 prefix_arc_ids=[0, 3595, 3632, 3542, 2395, 1837]
[V3A-FEAS] front_prune_test start_pos=0 candidate_size=6 candidate_ok=False candidate_fail_i=12 candidate_skeleton_len=14 candidate_arc_ids=[0, 3595, 3632, 3542, 2395, 1837]
[V3A-FEAS] front_prune_test start_pos=1 candidate_size=5 candidate_ok=False candidate_fail_i=11 candidate_skeleton_len=13 candidate_arc_ids=[3595, 3632, 3542, 2395, 1837]
[V3A-FEAS] front_prune_test start_pos=2 candidate_size=4 candidate_ok=False candidate_fail_i=9 candidate_skeleton_len=11 candidate_arc_ids=[3632, 3542, 2395, 1837]
[V3A-FEAS] front_prune_test start_pos=3 candidate_size=3 candidate_ok=False candidate_fail_i=7 candidate_skeleton_len=9 candidate_arc_ids=[3542, 2395, 1837]
[V3A-FEAS] front_prune_test start_pos=4 candidate_size=2 candidate_ok=False candidate_fail_i=5 candidate_skeleton_len=7 candidate_arc_ids=[2395, 1837]
[V3A-FEAS] front_prune_test start_pos=5 candidate_size=1 candidate_ok=True candidate_fail_i=None candidate_skeleton_len=5 candidate_arc_ids=[1837]
[V3A-FEAS] smallest_observed_front_pruned_bad_size=2
[V3A-FEAS] smallest_observed_front_pruned_bad_arc_ids=[2395, 1837]
[V3A-FEAS] diagnostic only: active lazy cut remains unchanged in v3a
[V3A-FEAS] front_prune_tests_run=6
[V3A-FEAS] infeasible route detected
[V3A-FEAS] route_arc_ids=[0, 3595, 3632, 3542, 2403, 1720, 3613, 1828]
[V3A-FEAS] route_len=8 skeleton_len=18 fail_i=8
[V3A-FEAS] failed_skeleton_edge=C5->C16
[V3A-FEAS] covering_arc_pos=4 covering_arc_id=2403
[V3A-FEAS] current_full_route_cut_size=8
[V3A-FEAS] prefix_through_failure_size=5 prefix_arc_ids=[0, 3595, 3632, 3542, 2403]
[V3A-FEAS] front_prune_test start_pos=0 candidate_size=5 candidate_ok=False candidate_fail_i=8 candidate_skeleton_len=10 candidate_arc_ids=[0, 3595, 3632, 3542, 2403]
[V3A-FEAS] front_prune_test start_pos=1 candidate_size=4 candidate_ok=False candidate_fail_i=7 candidate_skeleton_len=9 candidate_arc_ids=[3595, 3632, 3542, 2403]
[V3A-FEAS] front_prune_test start_pos=2 candidate_size=3 candidate_ok=True candidate_fail_i=None candidate_skeleton_len=7 candidate_arc_ids=[3632, 3542, 2403]
[V3A-FEAS] front_prune_test start_pos=3 candidate_size=2 candidate_ok=True candidate_fail_i=None candidate_skeleton_len=5 candidate_arc_ids=[3542, 2403]
[V3A-FEAS] front_prune_test start_pos=4 candidate_size=1 candidate_ok=True candidate_fail_i=None candidate_skeleton_len=3 candidate_arc_ids=[2403]
[V3A-FEAS] smallest_observed_front_pruned_bad_size=4
[V3A-FEAS] smallest_observed_front_pruned_bad_arc_ids=[3595, 3632, 3542, 2403]
[V3A-FEAS] diagnostic only: active lazy cut remains unchanged in v3a
[V3A-FEAS] front_prune_tests_run=5
[V3A-FEAS] infeasible route detected
[V3A-FEAS] route_arc_ids=[0, 3595, 3632, 3542, 2399, 3613, 3577, 1657]
[V3A-FEAS] route_len=8 skeleton_len=18 fail_i=13
[V3A-FEAS] failed_skeleton_edge=C10->C16
[V3A-FEAS] covering_arc_pos=7 covering_arc_id=1657
[V3A-FEAS] current_full_route_cut_size=8
[V3A-FEAS] prefix_through_failure_size=8 prefix_arc_ids=[0, 3595, 3632, 3542, 2399, 3613, 3577, 1657]
[V3A-FEAS] front_prune_test start_pos=0 candidate_size=8 candidate_ok=False candidate_fail_i=13 candidate_skeleton_len=18 candidate_arc_ids=[0, 3595, 3632, 3542, 2399, 3613, 3577, 1657]
[V3A-FEAS] front_prune_test start_pos=1 candidate_size=7 candidate_ok=False candidate_fail_i=12 candidate_skeleton_len=17 candidate_arc_ids=[3595, 3632, 3542, 2399, 3613, 3577, 1657]
[V3A-FEAS] front_prune_test start_pos=2 candidate_size=6 candidate_ok=False candidate_fail_i=10 candidate_skeleton_len=15 candidate_arc_ids=[3632, 3542, 2399, 3613, 3577, 1657]
[V3A-FEAS] front_prune_test start_pos=3 candidate_size=5 candidate_ok=False candidate_fail_i=8 candidate_skeleton_len=13 candidate_arc_ids=[3542, 2399, 3613, 3577, 1657]
[V3A-FEAS] front_prune_test start_pos=4 candidate_size=4 candidate_ok=False candidate_fail_i=6 candidate_skeleton_len=11 candidate_arc_ids=[2399, 3613, 3577, 1657]
[V3A-FEAS] front_prune_test start_pos=5 candidate_size=3 candidate_ok=False candidate_fail_i=4 candidate_skeleton_len=9 candidate_arc_ids=[3613, 3577, 1657]
[V3A-FEAS] front_prune_test start_pos=6 candidate_size=2 candidate_ok=True candidate_fail_i=None candidate_skeleton_len=7 candidate_arc_ids=[3577, 1657]
[V3A-FEAS] front_prune_test start_pos=7 candidate_size=1 candidate_ok=True candidate_fail_i=None candidate_skeleton_len=5 candidate_arc_ids=[1657]
[V3A-FEAS] smallest_observed_front_pruned_bad_size=3
[V3A-FEAS] smallest_observed_front_pruned_bad_arc_ids=[3613, 3577, 1657]
[V3A-FEAS] diagnostic only: active lazy cut remains unchanged in v3a
[V3A-FEAS] front_prune_tests_run=8
[V3A-FEAS] infeasible route detected
[V3A-FEAS] route_arc_ids=[0, 3595, 3632, 3543, 2399, 3611, 1845, 1686]
[V3A-FEAS] route_len=8 skeleton_len=18 fail_i=13
[V3A-FEAS] failed_skeleton_edge=C9->C16
[V3A-FEAS] covering_arc_pos=6 covering_arc_id=1845
[V3A-FEAS] current_full_route_cut_size=8
[V3A-FEAS] prefix_through_failure_size=7 prefix_arc_ids=[0, 3595, 3632, 3543, 2399, 3611, 1845]
[V3A-FEAS] front_prune_test start_pos=0 candidate_size=7 candidate_ok=False candidate_fail_i=13 candidate_skeleton_len=15 candidate_arc_ids=[0, 3595, 3632, 3543, 2399, 3611, 1845]
[V3A-FEAS] front_prune_test start_pos=1 candidate_size=6 candidate_ok=False candidate_fail_i=12 candidate_skeleton_len=14 candidate_arc_ids=[3595, 3632, 3543, 2399, 3611, 1845]
[V3A-FEAS] front_prune_test start_pos=2 candidate_size=5 candidate_ok=False candidate_fail_i=10 candidate_skeleton_len=12 candidate_arc_ids=[3632, 3543, 2399, 3611, 1845]
[V3A-FEAS] front_prune_test start_pos=3 candidate_size=4 candidate_ok=False candidate_fail_i=8 candidate_skeleton_len=10 candidate_arc_ids=[3543, 2399, 3611, 1845]
[V3A-FEAS] front_prune_test start_pos=4 candidate_size=3 candidate_ok=False candidate_fail_i=6 candidate_skeleton_len=8 candidate_arc_ids=[2399, 3611, 1845]
[V3A-FEAS] front_prune_test start_pos=5 candidate_size=2 candidate_ok=False candidate_fail_i=4 candidate_skeleton_len=6 candidate_arc_ids=[3611, 1845]
[V3A-FEAS] front_prune_test start_pos=6 candidate_size=1 candidate_ok=True candidate_fail_i=None candidate_skeleton_len=4 candidate_arc_ids=[1845]
[V3A-FEAS] smallest_observed_front_pruned_bad_size=2
[V3A-FEAS] smallest_observed_front_pruned_bad_arc_ids=[3611, 1845]
[V3A-FEAS] diagnostic only: active lazy cut remains unchanged in v3a
[V3A-FEAS] front_prune_tests_run=7
[V3A-FEAS] infeasible route detected
[V3A-FEAS] route_arc_ids=[0, 3595, 3632, 3542, 2403, 1720, 3613, 3576, 3072]
[V3A-FEAS] route_len=9 skeleton_len=18 fail_i=8
[V3A-FEAS] failed_skeleton_edge=C5->C16
[V3A-FEAS] covering_arc_pos=4 covering_arc_id=2403
[V3A-FEAS] current_full_route_cut_size=9
[V3A-FEAS] prefix_through_failure_size=5 prefix_arc_ids=[0, 3595, 3632, 3542, 2403]
[V3A-FEAS] front_prune_test start_pos=0 candidate_size=5 candidate_ok=False candidate_fail_i=8 candidate_skeleton_len=10 candidate_arc_ids=[0, 3595, 3632, 3542, 2403]
[V3A-FEAS] front_prune_test start_pos=1 candidate_size=4 candidate_ok=False candidate_fail_i=7 candidate_skeleton_len=9 candidate_arc_ids=[3595, 3632, 3542, 2403]
[V3A-FEAS] front_prune_test start_pos=2 candidate_size=3 candidate_ok=True candidate_fail_i=None candidate_skeleton_len=7 candidate_arc_ids=[3632, 3542, 2403]
[V3A-FEAS] front_prune_test start_pos=3 candidate_size=2 candidate_ok=True candidate_fail_i=None candidate_skeleton_len=5 candidate_arc_ids=[3542, 2403]
[V3A-FEAS] front_prune_test start_pos=4 candidate_size=1 candidate_ok=True candidate_fail_i=None candidate_skeleton_len=3 candidate_arc_ids=[2403]
[V3A-FEAS] smallest_observed_front_pruned_bad_size=4
[V3A-FEAS] smallest_observed_front_pruned_bad_arc_ids=[3595, 3632, 3542, 2403]
[V3A-FEAS] diagnostic only: active lazy cut remains unchanged in v3a
[V3A-FEAS] front_prune_tests_run=5
[V3A-FEAS] infeasible route detected
[V3A-FEAS] route_arc_ids=[0, 3595, 3632, 3543, 2399, 3611, 1837, 1715]
[V3A-FEAS] route_len=8 skeleton_len=18 fail_i=14
[V3A-FEAS] failed_skeleton_edge=C12->C16
[V3A-FEAS] covering_arc_pos=6 covering_arc_id=1837
[V3A-FEAS] current_full_route_cut_size=8
[V3A-FEAS] prefix_through_failure_size=7 prefix_arc_ids=[0, 3595, 3632, 3543, 2399, 3611, 1837]
[V3A-FEAS] front_prune_test start_pos=0 candidate_size=7 candidate_ok=False candidate_fail_i=14 candidate_skeleton_len=16 candidate_arc_ids=[0, 3595, 3632, 3543, 2399, 3611, 1837]
[V3A-FEAS] front_prune_test start_pos=1 candidate_size=6 candidate_ok=False candidate_fail_i=13 candidate_skeleton_len=15 candidate_arc_ids=[3595, 3632, 3543, 2399, 3611, 1837]
[V3A-FEAS] front_prune_test start_pos=2 candidate_size=5 candidate_ok=False candidate_fail_i=11 candidate_skeleton_len=13 candidate_arc_ids=[3632, 3543, 2399, 3611, 1837]
[V3A-FEAS] front_prune_test start_pos=3 candidate_size=4 candidate_ok=False candidate_fail_i=9 candidate_skeleton_len=11 candidate_arc_ids=[3543, 2399, 3611, 1837]
[V3A-FEAS] front_prune_test start_pos=4 candidate_size=3 candidate_ok=False candidate_fail_i=7 candidate_skeleton_len=9 candidate_arc_ids=[2399, 3611, 1837]
[V3A-FEAS] front_prune_test start_pos=5 candidate_size=2 candidate_ok=False candidate_fail_i=5 candidate_skeleton_len=7 candidate_arc_ids=[3611, 1837]
[V3A-FEAS] front_prune_test start_pos=6 candidate_size=1 candidate_ok=True candidate_fail_i=None candidate_skeleton_len=5 candidate_arc_ids=[1837]
[V3A-FEAS] smallest_observed_front_pruned_bad_size=2
[V3A-FEAS] smallest_observed_front_pruned_bad_arc_ids=[3611, 1837]
[V3A-FEAS] diagnostic only: active lazy cut remains unchanged in v3a
[V3A-FEAS] front_prune_tests_run=7
[V3A-FEAS] infeasible route detected
[V3A-FEAS] route_arc_ids=[0, 3595, 3632, 3542, 2399, 3611, 1837, 1715]
[V3A-FEAS] route_len=8 skeleton_len=18 fail_i=14
[V3A-FEAS] failed_skeleton_edge=C12->C16
[V3A-FEAS] covering_arc_pos=6 covering_arc_id=1837
[V3A-FEAS] current_full_route_cut_size=8
[V3A-FEAS] prefix_through_failure_size=7 prefix_arc_ids=[0, 3595, 3632, 3542, 2399, 3611, 1837]
[V3A-FEAS] front_prune_test start_pos=0 candidate_size=7 candidate_ok=False candidate_fail_i=14 candidate_skeleton_len=16 candidate_arc_ids=[0, 3595, 3632, 3542, 2399, 3611, 1837]
[V3A-FEAS] front_prune_test start_pos=1 candidate_size=6 candidate_ok=False candidate_fail_i=13 candidate_skeleton_len=15 candidate_arc_ids=[3595, 3632, 3542, 2399, 3611, 1837]
[V3A-FEAS] front_prune_test start_pos=2 candidate_size=5 candidate_ok=False candidate_fail_i=11 candidate_skeleton_len=13 candidate_arc_ids=[3632, 3542, 2399, 3611, 1837]
[V3A-FEAS] front_prune_test start_pos=3 candidate_size=4 candidate_ok=False candidate_fail_i=9 candidate_skeleton_len=11 candidate_arc_ids=[3542, 2399, 3611, 1837]
[V3A-FEAS] front_prune_test start_pos=4 candidate_size=3 candidate_ok=False candidate_fail_i=7 candidate_skeleton_len=9 candidate_arc_ids=[2399, 3611, 1837]
[V3A-FEAS] front_prune_test start_pos=5 candidate_size=2 candidate_ok=False candidate_fail_i=5 candidate_skeleton_len=7 candidate_arc_ids=[3611, 1837]
[V3A-FEAS] front_prune_test start_pos=6 candidate_size=1 candidate_ok=True candidate_fail_i=None candidate_skeleton_len=5 candidate_arc_ids=[1837]
[V3A-FEAS] smallest_observed_front_pruned_bad_size=2
[V3A-FEAS] smallest_observed_front_pruned_bad_arc_ids=[3611, 1837]
[V3A-FEAS] diagnostic only: active lazy cut remains unchanged in v3a
[V3A-FEAS] front_prune_tests_run=7
[V3A-FEAS] infeasible route detected
[V3A-FEAS] route_arc_ids=[0, 3595, 3632, 3542, 2395, 1832, 2242]
[V3A-FEAS] route_len=7 skeleton_len=18 fail_i=13
[V3A-FEAS] failed_skeleton_edge=C11->C16
[V3A-FEAS] covering_arc_pos=6 covering_arc_id=2242
[V3A-FEAS] current_full_route_cut_size=7
[V3A-FEAS] prefix_through_failure_size=7 prefix_arc_ids=[0, 3595, 3632, 3542, 2395, 1832, 2242]
[V3A-FEAS] front_prune_test start_pos=0 candidate_size=7 candidate_ok=False candidate_fail_i=13 candidate_skeleton_len=18 candidate_arc_ids=[0, 3595, 3632, 3542, 2395, 1832, 2242]
[V3A-FEAS] front_prune_test start_pos=1 candidate_size=6 candidate_ok=False candidate_fail_i=12 candidate_skeleton_len=17 candidate_arc_ids=[3595, 3632, 3542, 2395, 1832, 2242]
[V3A-FEAS] front_prune_test start_pos=2 candidate_size=5 candidate_ok=False candidate_fail_i=10 candidate_skeleton_len=15 candidate_arc_ids=[3632, 3542, 2395, 1832, 2242]
[V3A-FEAS] front_prune_test start_pos=3 candidate_size=4 candidate_ok=False candidate_fail_i=8 candidate_skeleton_len=13 candidate_arc_ids=[3542, 2395, 1832, 2242]
[V3A-FEAS] front_prune_test start_pos=4 candidate_size=3 candidate_ok=False candidate_fail_i=6 candidate_skeleton_len=11 candidate_arc_ids=[2395, 1832, 2242]
[V3A-FEAS] front_prune_test start_pos=5 candidate_size=2 candidate_ok=True candidate_fail_i=None candidate_skeleton_len=9 candidate_arc_ids=[1832, 2242]
[V3A-FEAS] front_prune_test start_pos=6 candidate_size=1 candidate_ok=True candidate_fail_i=None candidate_skeleton_len=5 candidate_arc_ids=[2242]
[V3A-FEAS] smallest_observed_front_pruned_bad_size=3
[V3A-FEAS] smallest_observed_front_pruned_bad_arc_ids=[2395, 1832, 2242]
[V3A-FEAS] diagnostic only: active lazy cut remains unchanged in v3a
[V3A-FEAS] front_prune_tests_run=7
[V3A-FEAS] infeasible route detected
[V3A-FEAS] route_arc_ids=[0, 3595, 3632, 3542, 2399, 3611, 3584, 1719, 3072]
[V3A-FEAS] route_len=9 skeleton_len=18 fail_i=12
[V3A-FEAS] failed_skeleton_edge=C9->C16
[V3A-FEAS] covering_arc_pos=6 covering_arc_id=3584
[V3A-FEAS] current_full_route_cut_size=9
[V3A-FEAS] prefix_through_failure_size=7 prefix_arc_ids=[0, 3595, 3632, 3542, 2399, 3611, 3584]
[V3A-FEAS] front_prune_test start_pos=0 candidate_size=7 candidate_ok=False candidate_fail_i=12 candidate_skeleton_len=14 candidate_arc_ids=[0, 3595, 3632, 3542, 2399, 3611, 3584]
[V3A-FEAS] front_prune_test start_pos=1 candidate_size=6 candidate_ok=False candidate_fail_i=11 candidate_skeleton_len=13 candidate_arc_ids=[3595, 3632, 3542, 2399, 3611, 3584]
[V3A-FEAS] front_prune_test start_pos=2 candidate_size=5 candidate_ok=False candidate_fail_i=9 candidate_skeleton_len=11 candidate_arc_ids=[3632, 3542, 2399, 3611, 3584]
[V3A-FEAS] front_prune_test start_pos=3 candidate_size=4 candidate_ok=False candidate_fail_i=7 candidate_skeleton_len=9 candidate_arc_ids=[3542, 2399, 3611, 3584]
[V3A-FEAS] front_prune_test start_pos=4 candidate_size=3 candidate_ok=False candidate_fail_i=5 candidate_skeleton_len=7 candidate_arc_ids=[2399, 3611, 3584]
[V3A-FEAS] front_prune_test start_pos=5 candidate_size=2 candidate_ok=False candidate_fail_i=3 candidate_skeleton_len=5 candidate_arc_ids=[3611, 3584]
[V3A-FEAS] front_prune_test start_pos=6 candidate_size=1 candidate_ok=True candidate_fail_i=None candidate_skeleton_len=3 candidate_arc_ids=[3584]
[V3A-FEAS] smallest_observed_front_pruned_bad_size=2
[V3A-FEAS] smallest_observed_front_pruned_bad_arc_ids=[3611, 3584]
[V3A-FEAS] diagnostic only: active lazy cut remains unchanged in v3a
[V3A-FEAS] front_prune_tests_run=7
[V3A-FEAS] infeasible route detected
[V3A-FEAS] route_arc_ids=[0, 3595, 3632, 3542, 2395, 3577, 1669, 3604]
[V3A-FEAS] route_len=8 skeleton_len=18 fail_i=11
[V3A-FEAS] failed_skeleton_edge=C10->C16
[V3A-FEAS] covering_arc_pos=6 covering_arc_id=1669
[V3A-FEAS] current_full_route_cut_size=8
[V3A-FEAS] prefix_through_failure_size=7 prefix_arc_ids=[0, 3595, 3632, 3542, 2395, 3577, 1669]
[V3A-FEAS] front_prune_test start_pos=0 candidate_size=7 candidate_ok=False candidate_fail_i=11 candidate_skeleton_len=16 candidate_arc_ids=[0, 3595, 3632, 3542, 2395, 3577, 1669]
[V3A-FEAS] front_prune_test start_pos=1 candidate_size=6 candidate_ok=False candidate_fail_i=10 candidate_skeleton_len=15 candidate_arc_ids=[3595, 3632, 3542, 2395, 3577, 1669]
[V3A-FEAS] front_prune_test start_pos=2 candidate_size=5 candidate_ok=False candidate_fail_i=8 candidate_skeleton_len=13 candidate_arc_ids=[3632, 3542, 2395, 3577, 1669]
[V3A-FEAS] front_prune_test start_pos=3 candidate_size=4 candidate_ok=False candidate_fail_i=6 candidate_skeleton_len=11 candidate_arc_ids=[3542, 2395, 3577, 1669]
[V3A-FEAS] front_prune_test start_pos=4 candidate_size=3 candidate_ok=False candidate_fail_i=4 candidate_skeleton_len=9 candidate_arc_ids=[2395, 3577, 1669]
[V3A-FEAS] front_prune_test start_pos=5 candidate_size=2 candidate_ok=True candidate_fail_i=None candidate_skeleton_len=7 candidate_arc_ids=[3577, 1669]
[V3A-FEAS] front_prune_test start_pos=6 candidate_size=1 candidate_ok=True candidate_fail_i=None candidate_skeleton_len=5 candidate_arc_ids=[1669]
[V3A-FEAS] smallest_observed_front_pruned_bad_size=3
[V3A-FEAS] smallest_observed_front_pruned_bad_arc_ids=[2395, 3577, 1669]
[V3A-FEAS] diagnostic only: active lazy cut remains unchanged in v3a
[V3A-FEAS] front_prune_tests_run=7
[V3A-FEAS] infeasible route detected
[V3A-FEAS] route_arc_ids=[6, 3542, 2391, 3595, 3630, 3613, 1845, 1686]
[V3A-FEAS] route_len=8 skeleton_len=18 fail_i=13
[V3A-FEAS] failed_skeleton_edge=C9->C16
[V3A-FEAS] covering_arc_pos=6 covering_arc_id=1845
[V3A-FEAS] current_full_route_cut_size=8
[V3A-FEAS] prefix_through_failure_size=7 prefix_arc_ids=[6, 3542, 2391, 3595, 3630, 3613, 1845]
[V3A-FEAS] front_prune_test start_pos=0 candidate_size=7 candidate_ok=False candidate_fail_i=13 candidate_skeleton_len=15 candidate_arc_ids=[6, 3542, 2391, 3595, 3630, 3613, 1845]
[V3A-FEAS] front_prune_test start_pos=1 candidate_size=6 candidate_ok=False candidate_fail_i=12 candidate_skeleton_len=14 candidate_arc_ids=[3542, 2391, 3595, 3630, 3613, 1845]
[V3A-FEAS] front_prune_test start_pos=2 candidate_size=5 candidate_ok=False candidate_fail_i=10 candidate_skeleton_len=12 candidate_arc_ids=[2391, 3595, 3630, 3613, 1845]
[V3A-FEAS] front_prune_test start_pos=3 candidate_size=4 candidate_ok=False candidate_fail_i=8 candidate_skeleton_len=10 candidate_arc_ids=[3595, 3630, 3613, 1845]
[V3A-FEAS] front_prune_test start_pos=4 candidate_size=3 candidate_ok=False candidate_fail_i=6 candidate_skeleton_len=8 candidate_arc_ids=[3630, 3613, 1845]
[V3A-FEAS] front_prune_test start_pos=5 candidate_size=2 candidate_ok=False candidate_fail_i=4 candidate_skeleton_len=6 candidate_arc_ids=[3613, 1845]
[V3A-FEAS] front_prune_test start_pos=6 candidate_size=1 candidate_ok=True candidate_fail_i=None candidate_skeleton_len=4 candidate_arc_ids=[1845]
[V3A-FEAS] smallest_observed_front_pruned_bad_size=2
[V3A-FEAS] smallest_observed_front_pruned_bad_arc_ids=[3613, 1845]
[V3A-FEAS] diagnostic only: active lazy cut remains unchanged in v3a
[V3A-FEAS] front_prune_tests_run=7
[V3A-FEAS] infeasible route detected
[V3A-FEAS] route_arc_ids=[4, 3613, 1845, 1698, 3542, 2391, 3595, 3626]
[V3A-FEAS] route_len=8 skeleton_len=18 fail_i=5
[V3A-FEAS] failed_skeleton_edge=C9->C16
[V3A-FEAS] covering_arc_pos=2 covering_arc_id=1845
[V3A-FEAS] current_full_route_cut_size=8
[V3A-FEAS] prefix_through_failure_size=3 prefix_arc_ids=[4, 3613, 1845]
[V3A-FEAS] front_prune_test start_pos=0 candidate_size=3 candidate_ok=False candidate_fail_i=5 candidate_skeleton_len=7 candidate_arc_ids=[4, 3613, 1845]
[V3A-FEAS] front_prune_test start_pos=1 candidate_size=2 candidate_ok=False candidate_fail_i=4 candidate_skeleton_len=6 candidate_arc_ids=[3613, 1845]
[V3A-FEAS] front_prune_test start_pos=2 candidate_size=1 candidate_ok=True candidate_fail_i=None candidate_skeleton_len=4 candidate_arc_ids=[1845]
[V3A-FEAS] smallest_observed_front_pruned_bad_size=2
[V3A-FEAS] smallest_observed_front_pruned_bad_arc_ids=[3613, 1845]
[V3A-FEAS] diagnostic only: active lazy cut remains unchanged in v3a
[V3A-FEAS] front_prune_tests_run=3
[V3A-FEAS] infeasible route detected
[V3A-FEAS] route_arc_ids=[0, 3595, 3632, 3542, 2397, 1669, 3612, 3571]
[V3A-FEAS] route_len=8 skeleton_len=18 fail_i=9
[V3A-FEAS] failed_skeleton_edge=C10->C16
[V3A-FEAS] covering_arc_pos=5 covering_arc_id=1669
[V3A-FEAS] current_full_route_cut_size=8
[V3A-FEAS] prefix_through_failure_size=6 prefix_arc_ids=[0, 3595, 3632, 3542, 2397, 1669]
[V3A-FEAS] front_prune_test start_pos=0 candidate_size=6 candidate_ok=False candidate_fail_i=9 candidate_skeleton_len=14 candidate_arc_ids=[0, 3595, 3632, 3542, 2397, 1669]
[V3A-FEAS] front_prune_test start_pos=1 candidate_size=5 candidate_ok=False candidate_fail_i=8 candidate_skeleton_len=13 candidate_arc_ids=[3595, 3632, 3542, 2397, 1669]
[V3A-FEAS] front_prune_test start_pos=2 candidate_size=4 candidate_ok=True candidate_fail_i=None candidate_skeleton_len=11 candidate_arc_ids=[3632, 3542, 2397, 1669]
[V3A-FEAS] front_prune_test start_pos=3 candidate_size=3 candidate_ok=True candidate_fail_i=None candidate_skeleton_len=9 candidate_arc_ids=[3542, 2397, 1669]
[V3A-FEAS] front_prune_test start_pos=4 candidate_size=2 candidate_ok=True candidate_fail_i=None candidate_skeleton_len=7 candidate_arc_ids=[2397, 1669]
[V3A-FEAS] front_prune_test start_pos=5 candidate_size=1 candidate_ok=True candidate_fail_i=None candidate_skeleton_len=5 candidate_arc_ids=[1669]
[V3A-FEAS] smallest_observed_front_pruned_bad_size=5
[V3A-FEAS] smallest_observed_front_pruned_bad_arc_ids=[3595, 3632, 3542, 2397, 1669]
[V3A-FEAS] diagnostic only: active lazy cut remains unchanged in v3a
[V3A-FEAS] front_prune_tests_run=6
[V3A-FEAS] infeasible route detected
[V3A-FEAS] route_arc_ids=[0, 3595, 3632, 3542, 2397, 1668, 3612, 3571]
[V3A-FEAS] route_len=8 skeleton_len=18 fail_i=9
[V3A-FEAS] failed_skeleton_edge=C10->C16
[V3A-FEAS] covering_arc_pos=5 covering_arc_id=1668
[V3A-FEAS] current_full_route_cut_size=8
[V3A-FEAS] prefix_through_failure_size=6 prefix_arc_ids=[0, 3595, 3632, 3542, 2397, 1668]
[V3A-FEAS] front_prune_test start_pos=0 candidate_size=6 candidate_ok=False candidate_fail_i=9 candidate_skeleton_len=14 candidate_arc_ids=[0, 3595, 3632, 3542, 2397, 1668]
[V3A-FEAS] front_prune_test start_pos=1 candidate_size=5 candidate_ok=False candidate_fail_i=8 candidate_skeleton_len=13 candidate_arc_ids=[3595, 3632, 3542, 2397, 1668]
[V3A-FEAS] front_prune_test start_pos=2 candidate_size=4 candidate_ok=True candidate_fail_i=None candidate_skeleton_len=11 candidate_arc_ids=[3632, 3542, 2397, 1668]
[V3A-FEAS] front_prune_test start_pos=3 candidate_size=3 candidate_ok=True candidate_fail_i=None candidate_skeleton_len=9 candidate_arc_ids=[3542, 2397, 1668]
[V3A-FEAS] front_prune_test start_pos=4 candidate_size=2 candidate_ok=True candidate_fail_i=None candidate_skeleton_len=7 candidate_arc_ids=[2397, 1668]
[V3A-FEAS] front_prune_test start_pos=5 candidate_size=1 candidate_ok=True candidate_fail_i=None candidate_skeleton_len=5 candidate_arc_ids=[1668]
[V3A-FEAS] smallest_observed_front_pruned_bad_size=5
[V3A-FEAS] smallest_observed_front_pruned_bad_arc_ids=[3595, 3632, 3542, 2397, 1668]
[V3A-FEAS] diagnostic only: active lazy cut remains unchanged in v3a
[V3A-FEAS] front_prune_tests_run=6
[V3A-FEAS] infeasible route detected
[V3A-FEAS] route_arc_ids=[0, 3595, 3632, 3542, 2397, 1670, 3612, 3571]
[V3A-FEAS] route_len=8 skeleton_len=18 fail_i=9
[V3A-FEAS] failed_skeleton_edge=C10->C16
[V3A-FEAS] covering_arc_pos=5 covering_arc_id=1670
[V3A-FEAS] current_full_route_cut_size=8
[V3A-FEAS] prefix_through_failure_size=6 prefix_arc_ids=[0, 3595, 3632, 3542, 2397, 1670]
[V3A-FEAS] front_prune_test start_pos=0 candidate_size=6 candidate_ok=False candidate_fail_i=9 candidate_skeleton_len=14 candidate_arc_ids=[0, 3595, 3632, 3542, 2397, 1670]
[V3A-FEAS] front_prune_test start_pos=1 candidate_size=5 candidate_ok=False candidate_fail_i=8 candidate_skeleton_len=13 candidate_arc_ids=[3595, 3632, 3542, 2397, 1670]
[V3A-FEAS] front_prune_test start_pos=2 candidate_size=4 candidate_ok=True candidate_fail_i=None candidate_skeleton_len=11 candidate_arc_ids=[3632, 3542, 2397, 1670]
[V3A-FEAS] front_prune_test start_pos=3 candidate_size=3 candidate_ok=True candidate_fail_i=None candidate_skeleton_len=9 candidate_arc_ids=[3542, 2397, 1670]
[V3A-FEAS] front_prune_test start_pos=4 candidate_size=2 candidate_ok=True candidate_fail_i=None candidate_skeleton_len=7 candidate_arc_ids=[2397, 1670]
[V3A-FEAS] front_prune_test start_pos=5 candidate_size=1 candidate_ok=True candidate_fail_i=None candidate_skeleton_len=5 candidate_arc_ids=[1670]
[V3A-FEAS] smallest_observed_front_pruned_bad_size=5
[V3A-FEAS] smallest_observed_front_pruned_bad_arc_ids=[3595, 3632, 3542, 2397, 1670]
[V3A-FEAS] diagnostic only: active lazy cut remains unchanged in v3a
[V3A-FEAS] front_prune_tests_run=6
[V3A-FEAS] infeasible route detected
[V3A-FEAS] route_arc_ids=[4, 3613, 1844, 1688, 3595, 3632, 3542, 2389]
[V3A-FEAS] route_len=8 skeleton_len=18 fail_i=5
[V3A-FEAS] failed_skeleton_edge=C9->C16
[V3A-FEAS] covering_arc_pos=2 covering_arc_id=1844
[V3A-FEAS] current_full_route_cut_size=8
[V3A-FEAS] prefix_through_failure_size=3 prefix_arc_ids=[4, 3613, 1844]
[V3A-FEAS] front_prune_test start_pos=0 candidate_size=3 candidate_ok=False candidate_fail_i=5 candidate_skeleton_len=7 candidate_arc_ids=[4, 3613, 1844]
[V3A-FEAS] front_prune_test start_pos=1 candidate_size=2 candidate_ok=False candidate_fail_i=4 candidate_skeleton_len=6 candidate_arc_ids=[3613, 1844]
[V3A-FEAS] front_prune_test start_pos=2 candidate_size=1 candidate_ok=True candidate_fail_i=None candidate_skeleton_len=4 candidate_arc_ids=[1844]
[V3A-FEAS] smallest_observed_front_pruned_bad_size=2
[V3A-FEAS] smallest_observed_front_pruned_bad_arc_ids=[3613, 1844]
[V3A-FEAS] diagnostic only: active lazy cut remains unchanged in v3a
[V3A-FEAS] front_prune_tests_run=3
[V3A-FEAS] infeasible route detected
[V3A-FEAS] route_arc_ids=[6, 3542, 2391, 3595, 3630, 3613, 1844, 1686]
[V3A-FEAS] route_len=8 skeleton_len=18 fail_i=13
[V3A-FEAS] failed_skeleton_edge=C9->C16
[V3A-FEAS] covering_arc_pos=6 covering_arc_id=1844
[V3A-FEAS] current_full_route_cut_size=8
[V3A-FEAS] prefix_through_failure_size=7 prefix_arc_ids=[6, 3542, 2391, 3595, 3630, 3613, 1844]
[V3A-FEAS] front_prune_test start_pos=0 candidate_size=7 candidate_ok=False candidate_fail_i=13 candidate_skeleton_len=15 candidate_arc_ids=[6, 3542, 2391, 3595, 3630, 3613, 1844]
[V3A-FEAS] front_prune_test start_pos=1 candidate_size=6 candidate_ok=False candidate_fail_i=12 candidate_skeleton_len=14 candidate_arc_ids=[3542, 2391, 3595, 3630, 3613, 1844]
[V3A-FEAS] front_prune_test start_pos=2 candidate_size=5 candidate_ok=False candidate_fail_i=10 candidate_skeleton_len=12 candidate_arc_ids=[2391, 3595, 3630, 3613, 1844]
[V3A-FEAS] front_prune_test start_pos=3 candidate_size=4 candidate_ok=False candidate_fail_i=8 candidate_skeleton_len=10 candidate_arc_ids=[3595, 3630, 3613, 1844]
[V3A-FEAS] front_prune_test start_pos=4 candidate_size=3 candidate_ok=False candidate_fail_i=6 candidate_skeleton_len=8 candidate_arc_ids=[3630, 3613, 1844]
[V3A-FEAS] front_prune_test start_pos=5 candidate_size=2 candidate_ok=False candidate_fail_i=4 candidate_skeleton_len=6 candidate_arc_ids=[3613, 1844]
[V3A-FEAS] front_prune_test start_pos=6 candidate_size=1 candidate_ok=True candidate_fail_i=None candidate_skeleton_len=4 candidate_arc_ids=[1844]
[V3A-FEAS] smallest_observed_front_pruned_bad_size=2
[V3A-FEAS] smallest_observed_front_pruned_bad_arc_ids=[3613, 1844]
[V3A-FEAS] diagnostic only: active lazy cut remains unchanged in v3a
[V3A-FEAS] front_prune_tests_run=7
[V3A-FEAS] infeasible route detected
[V3A-FEAS] route_arc_ids=[0, 3595, 3632, 3542, 2403, 2443, 149]
[V3A-FEAS] route_len=7 skeleton_len=18 fail_i=8
[V3A-FEAS] failed_skeleton_edge=C5->C16
[V3A-FEAS] covering_arc_pos=4 covering_arc_id=2403
[V3A-FEAS] current_full_route_cut_size=7
[V3A-FEAS] prefix_through_failure_size=5 prefix_arc_ids=[0, 3595, 3632, 3542, 2403]
[V3A-FEAS] front_prune_test start_pos=0 candidate_size=5 candidate_ok=False candidate_fail_i=8 candidate_skeleton_len=10 candidate_arc_ids=[0, 3595, 3632, 3542, 2403]
[V3A-FEAS] front_prune_test start_pos=1 candidate_size=4 candidate_ok=False candidate_fail_i=7 candidate_skeleton_len=9 candidate_arc_ids=[3595, 3632, 3542, 2403]
[V3A-FEAS] front_prune_test start_pos=2 candidate_size=3 candidate_ok=True candidate_fail_i=None candidate_skeleton_len=7 candidate_arc_ids=[3632, 3542, 2403]
[V3A-FEAS] front_prune_test start_pos=3 candidate_size=2 candidate_ok=True candidate_fail_i=None candidate_skeleton_len=5 candidate_arc_ids=[3542, 2403]
[V3A-FEAS] front_prune_test start_pos=4 candidate_size=1 candidate_ok=True candidate_fail_i=None candidate_skeleton_len=3 candidate_arc_ids=[2403]
[V3A-FEAS] smallest_observed_front_pruned_bad_size=4
[V3A-FEAS] smallest_observed_front_pruned_bad_arc_ids=[3595, 3632, 3542, 2403]
[V3A-FEAS] diagnostic only: active lazy cut remains unchanged in v3a
[V3A-FEAS] front_prune_tests_run=5
[V3A-FEAS] infeasible route detected
[V3A-FEAS] route_arc_ids=[0, 3595, 3632, 3543, 2403, 1720, 3613, 1828]
[V3A-FEAS] route_len=8 skeleton_len=18 fail_i=8
[V3A-FEAS] failed_skeleton_edge=C5->C16
[V3A-FEAS] covering_arc_pos=4 covering_arc_id=2403
[V3A-FEAS] current_full_route_cut_size=8
[V3A-FEAS] prefix_through_failure_size=5 prefix_arc_ids=[0, 3595, 3632, 3543, 2403]
[V3A-FEAS] front_prune_test start_pos=0 candidate_size=5 candidate_ok=False candidate_fail_i=8 candidate_skeleton_len=10 candidate_arc_ids=[0, 3595, 3632, 3543, 2403]
[V3A-FEAS] front_prune_test start_pos=1 candidate_size=4 candidate_ok=False candidate_fail_i=7 candidate_skeleton_len=9 candidate_arc_ids=[3595, 3632, 3543, 2403]
[V3A-FEAS] front_prune_test start_pos=2 candidate_size=3 candidate_ok=True candidate_fail_i=None candidate_skeleton_len=7 candidate_arc_ids=[3632, 3543, 2403]
[V3A-FEAS] front_prune_test start_pos=3 candidate_size=2 candidate_ok=True candidate_fail_i=None candidate_skeleton_len=5 candidate_arc_ids=[3543, 2403]
[V3A-FEAS] front_prune_test start_pos=4 candidate_size=1 candidate_ok=True candidate_fail_i=None candidate_skeleton_len=3 candidate_arc_ids=[2403]
[V3A-FEAS] smallest_observed_front_pruned_bad_size=4
[V3A-FEAS] smallest_observed_front_pruned_bad_arc_ids=[3595, 3632, 3543, 2403]
[V3A-FEAS] diagnostic only: active lazy cut remains unchanged in v3a
[V3A-FEAS] front_prune_tests_run=5
[V3A-FEAS] infeasible route detected
[V3A-FEAS] route_arc_ids=[0, 3595, 3632, 3542, 2403, 2444, 149]
[V3A-FEAS] route_len=7 skeleton_len=18 fail_i=8
[V3A-FEAS] failed_skeleton_edge=C5->C16
[V3A-FEAS] covering_arc_pos=4 covering_arc_id=2403
[V3A-FEAS] current_full_route_cut_size=7
[V3A-FEAS] prefix_through_failure_size=5 prefix_arc_ids=[0, 3595, 3632, 3542, 2403]
[V3A-FEAS] front_prune_test start_pos=0 candidate_size=5 candidate_ok=False candidate_fail_i=8 candidate_skeleton_len=10 candidate_arc_ids=[0, 3595, 3632, 3542, 2403]
[V3A-FEAS] front_prune_test start_pos=1 candidate_size=4 candidate_ok=False candidate_fail_i=7 candidate_skeleton_len=9 candidate_arc_ids=[3595, 3632, 3542, 2403]
[V3A-FEAS] front_prune_test start_pos=2 candidate_size=3 candidate_ok=True candidate_fail_i=None candidate_skeleton_len=7 candidate_arc_ids=[3632, 3542, 2403]
[V3A-FEAS] front_prune_test start_pos=3 candidate_size=2 candidate_ok=True candidate_fail_i=None candidate_skeleton_len=5 candidate_arc_ids=[3542, 2403]
[V3A-FEAS] front_prune_test start_pos=4 candidate_size=1 candidate_ok=True candidate_fail_i=None candidate_skeleton_len=3 candidate_arc_ids=[2403]
[V3A-FEAS] smallest_observed_front_pruned_bad_size=4
[V3A-FEAS] smallest_observed_front_pruned_bad_arc_ids=[3595, 3632, 3542, 2403]
[V3A-FEAS] diagnostic only: active lazy cut remains unchanged in v3a
[V3A-FEAS] front_prune_tests_run=5
[V3A-FEAS] infeasible route detected
[V3A-FEAS] route_arc_ids=[0, 3595, 3632, 3542, 2403, 2444, 150]
[V3A-FEAS] route_len=7 skeleton_len=18 fail_i=8
[V3A-FEAS] failed_skeleton_edge=C5->C16
[V3A-FEAS] covering_arc_pos=4 covering_arc_id=2403
[V3A-FEAS] current_full_route_cut_size=7
[V3A-FEAS] prefix_through_failure_size=5 prefix_arc_ids=[0, 3595, 3632, 3542, 2403]
[V3A-FEAS] front_prune_test start_pos=0 candidate_size=5 candidate_ok=False candidate_fail_i=8 candidate_skeleton_len=10 candidate_arc_ids=[0, 3595, 3632, 3542, 2403]
[V3A-FEAS] front_prune_test start_pos=1 candidate_size=4 candidate_ok=False candidate_fail_i=7 candidate_skeleton_len=9 candidate_arc_ids=[3595, 3632, 3542, 2403]
[V3A-FEAS] front_prune_test start_pos=2 candidate_size=3 candidate_ok=True candidate_fail_i=None candidate_skeleton_len=7 candidate_arc_ids=[3632, 3542, 2403]
[V3A-FEAS] front_prune_test start_pos=3 candidate_size=2 candidate_ok=True candidate_fail_i=None candidate_skeleton_len=5 candidate_arc_ids=[3542, 2403]
[V3A-FEAS] front_prune_test start_pos=4 candidate_size=1 candidate_ok=True candidate_fail_i=None candidate_skeleton_len=3 candidate_arc_ids=[2403]
[V3A-FEAS] smallest_observed_front_pruned_bad_size=4
[V3A-FEAS] smallest_observed_front_pruned_bad_arc_ids=[3595, 3632, 3542, 2403]
[V3A-FEAS] diagnostic only: active lazy cut remains unchanged in v3a
[V3A-FEAS] front_prune_tests_run=5
[V3A-FEAS] infeasible route detected
[V3A-FEAS] route_arc_ids=[0, 3595, 3632, 3543, 2403, 2443, 150]
[V3A-FEAS] route_len=7 skeleton_len=18 fail_i=8
[V3A-FEAS] failed_skeleton_edge=C5->C16
[V3A-FEAS] covering_arc_pos=4 covering_arc_id=2403
[V3A-FEAS] current_full_route_cut_size=7
[V3A-FEAS] prefix_through_failure_size=5 prefix_arc_ids=[0, 3595, 3632, 3543, 2403]
[V3A-FEAS] front_prune_test start_pos=0 candidate_size=5 candidate_ok=False candidate_fail_i=8 candidate_skeleton_len=10 candidate_arc_ids=[0, 3595, 3632, 3543, 2403]
[V3A-FEAS] front_prune_test start_pos=1 candidate_size=4 candidate_ok=False candidate_fail_i=7 candidate_skeleton_len=9 candidate_arc_ids=[3595, 3632, 3543, 2403]
[V3A-FEAS] front_prune_test start_pos=2 candidate_size=3 candidate_ok=True candidate_fail_i=None candidate_skeleton_len=7 candidate_arc_ids=[3632, 3543, 2403]
[V3A-FEAS] front_prune_test start_pos=3 candidate_size=2 candidate_ok=True candidate_fail_i=None candidate_skeleton_len=5 candidate_arc_ids=[3543, 2403]
[V3A-FEAS] front_prune_test start_pos=4 candidate_size=1 candidate_ok=True candidate_fail_i=None candidate_skeleton_len=3 candidate_arc_ids=[2403]
[V3A-FEAS] smallest_observed_front_pruned_bad_size=4
[V3A-FEAS] smallest_observed_front_pruned_bad_arc_ids=[3595, 3632, 3543, 2403]
[V3A-FEAS] diagnostic only: active lazy cut remains unchanged in v3a
[V3A-FEAS] front_prune_tests_run=5
[V3A-FEAS] infeasible route detected
[V3A-FEAS] route_arc_ids=[0, 3595, 3632, 3542, 2397, 3084, 2251, 3570]
[V3A-FEAS] route_len=8 skeleton_len=18 fail_i=11
[V3A-FEAS] failed_skeleton_edge=C11->C16
[V3A-FEAS] covering_arc_pos=6 covering_arc_id=2251
[V3A-FEAS] current_full_route_cut_size=8
[V3A-FEAS] prefix_through_failure_size=7 prefix_arc_ids=[0, 3595, 3632, 3542, 2397, 3084, 2251]
[V3A-FEAS] front_prune_test start_pos=0 candidate_size=7 candidate_ok=False candidate_fail_i=11 candidate_skeleton_len=16 candidate_arc_ids=[0, 3595, 3632, 3542, 2397, 3084, 2251]
[V3A-FEAS] front_prune_test start_pos=1 candidate_size=6 candidate_ok=False candidate_fail_i=10 candidate_skeleton_len=15 candidate_arc_ids=[3595, 3632, 3542, 2397, 3084, 2251]
[V3A-FEAS] front_prune_test start_pos=2 candidate_size=5 candidate_ok=True candidate_fail_i=None candidate_skeleton_len=13 candidate_arc_ids=[3632, 3542, 2397, 3084, 2251]
[V3A-FEAS] front_prune_test start_pos=3 candidate_size=4 candidate_ok=True candidate_fail_i=None candidate_skeleton_len=11 candidate_arc_ids=[3542, 2397, 3084, 2251]
[V3A-FEAS] front_prune_test start_pos=4 candidate_size=3 candidate_ok=True candidate_fail_i=None candidate_skeleton_len=9 candidate_arc_ids=[2397, 3084, 2251]
[V3A-FEAS] front_prune_test start_pos=5 candidate_size=2 candidate_ok=True candidate_fail_i=None candidate_skeleton_len=7 candidate_arc_ids=[3084, 2251]
[V3A-FEAS] front_prune_test start_pos=6 candidate_size=1 candidate_ok=True candidate_fail_i=None candidate_skeleton_len=5 candidate_arc_ids=[2251]
[V3A-FEAS] smallest_observed_front_pruned_bad_size=6
[V3A-FEAS] smallest_observed_front_pruned_bad_arc_ids=[3595, 3632, 3542, 2397, 3084, 2251]
[V3A-FEAS] diagnostic only: active lazy cut remains unchanged in v3a
[V3A-FEAS] front_prune_tests_run=7
[V3A-FEAS] infeasible route detected
[V3A-FEAS] route_arc_ids=[0, 3595, 3632, 3542, 2397, 3084, 2251, 3571]
[V3A-FEAS] route_len=8 skeleton_len=18 fail_i=11
[V3A-FEAS] failed_skeleton_edge=C11->C16
[V3A-FEAS] covering_arc_pos=6 covering_arc_id=2251
[V3A-FEAS] current_full_route_cut_size=8
[V3A-FEAS] prefix_through_failure_size=7 prefix_arc_ids=[0, 3595, 3632, 3542, 2397, 3084, 2251]
[V3A-FEAS] front_prune_test start_pos=0 candidate_size=7 candidate_ok=False candidate_fail_i=11 candidate_skeleton_len=16 candidate_arc_ids=[0, 3595, 3632, 3542, 2397, 3084, 2251]
[V3A-FEAS] front_prune_test start_pos=1 candidate_size=6 candidate_ok=False candidate_fail_i=10 candidate_skeleton_len=15 candidate_arc_ids=[3595, 3632, 3542, 2397, 3084, 2251]
[V3A-FEAS] front_prune_test start_pos=2 candidate_size=5 candidate_ok=True candidate_fail_i=None candidate_skeleton_len=13 candidate_arc_ids=[3632, 3542, 2397, 3084, 2251]
[V3A-FEAS] front_prune_test start_pos=3 candidate_size=4 candidate_ok=True candidate_fail_i=None candidate_skeleton_len=11 candidate_arc_ids=[3542, 2397, 3084, 2251]
[V3A-FEAS] front_prune_test start_pos=4 candidate_size=3 candidate_ok=True candidate_fail_i=None candidate_skeleton_len=9 candidate_arc_ids=[2397, 3084, 2251]
[V3A-FEAS] front_prune_test start_pos=5 candidate_size=2 candidate_ok=True candidate_fail_i=None candidate_skeleton_len=7 candidate_arc_ids=[3084, 2251]
[V3A-FEAS] front_prune_test start_pos=6 candidate_size=1 candidate_ok=True candidate_fail_i=None candidate_skeleton_len=5 candidate_arc_ids=[2251]
[V3A-FEAS] smallest_observed_front_pruned_bad_size=6
[V3A-FEAS] smallest_observed_front_pruned_bad_arc_ids=[3595, 3632, 3542, 2397, 3084, 2251]
[V3A-FEAS] diagnostic only: active lazy cut remains unchanged in v3a
[V3A-FEAS] front_prune_tests_run=7
[V3A-FEAS] infeasible route detected
[V3A-FEAS] route_arc_ids=[0, 3595, 3632, 3542, 2397, 2576, 2459, 1911]
[V3A-FEAS] route_len=8 skeleton_len=18 fail_i=9
[V3A-FEAS] failed_skeleton_edge=C10->C16
[V3A-FEAS] covering_arc_pos=5 covering_arc_id=2576
[V3A-FEAS] current_full_route_cut_size=8
[V3A-FEAS] prefix_through_failure_size=6 prefix_arc_ids=[0, 3595, 3632, 3542, 2397, 2576]
[V3A-FEAS] front_prune_test start_pos=0 candidate_size=6 candidate_ok=False candidate_fail_i=9 candidate_skeleton_len=13 candidate_arc_ids=[0, 3595, 3632, 3542, 2397, 2576]
[V3A-FEAS] front_prune_test start_pos=1 candidate_size=5 candidate_ok=False candidate_fail_i=8 candidate_skeleton_len=12 candidate_arc_ids=[3595, 3632, 3542, 2397, 2576]
[V3A-FEAS] front_prune_test start_pos=2 candidate_size=4 candidate_ok=True candidate_fail_i=None candidate_skeleton_len=10 candidate_arc_ids=[3632, 3542, 2397, 2576]
[V3A-FEAS] front_prune_test start_pos=3 candidate_size=3 candidate_ok=True candidate_fail_i=None candidate_skeleton_len=8 candidate_arc_ids=[3542, 2397, 2576]
[V3A-FEAS] front_prune_test start_pos=4 candidate_size=2 candidate_ok=True candidate_fail_i=None candidate_skeleton_len=6 candidate_arc_ids=[2397, 2576]
[V3A-FEAS] front_prune_test start_pos=5 candidate_size=1 candidate_ok=True candidate_fail_i=None candidate_skeleton_len=4 candidate_arc_ids=[2576]
[V3A-FEAS] smallest_observed_front_pruned_bad_size=5
[V3A-FEAS] smallest_observed_front_pruned_bad_arc_ids=[3595, 3632, 3542, 2397, 2576]
[V3A-FEAS] diagnostic only: active lazy cut remains unchanged in v3a
[V3A-FEAS] front_prune_tests_run=6
[V3A-FEAS] infeasible route detected
[V3A-FEAS] route_arc_ids=[0, 3595, 3632, 3543, 2403, 2443, 149]
[V3A-FEAS] route_len=7 skeleton_len=18 fail_i=8
[V3A-FEAS] failed_skeleton_edge=C5->C16
[V3A-FEAS] covering_arc_pos=4 covering_arc_id=2403
[V3A-FEAS] current_full_route_cut_size=7
[V3A-FEAS] prefix_through_failure_size=5 prefix_arc_ids=[0, 3595, 3632, 3543, 2403]
[V3A-FEAS] front_prune_test start_pos=0 candidate_size=5 candidate_ok=False candidate_fail_i=8 candidate_skeleton_len=10 candidate_arc_ids=[0, 3595, 3632, 3543, 2403]
[V3A-FEAS] front_prune_test start_pos=1 candidate_size=4 candidate_ok=False candidate_fail_i=7 candidate_skeleton_len=9 candidate_arc_ids=[3595, 3632, 3543, 2403]
[V3A-FEAS] front_prune_test start_pos=2 candidate_size=3 candidate_ok=True candidate_fail_i=None candidate_skeleton_len=7 candidate_arc_ids=[3632, 3543, 2403]
[V3A-FEAS] front_prune_test start_pos=3 candidate_size=2 candidate_ok=True candidate_fail_i=None candidate_skeleton_len=5 candidate_arc_ids=[3543, 2403]
[V3A-FEAS] front_prune_test start_pos=4 candidate_size=1 candidate_ok=True candidate_fail_i=None candidate_skeleton_len=3 candidate_arc_ids=[2403]
[V3A-FEAS] smallest_observed_front_pruned_bad_size=4
[V3A-FEAS] smallest_observed_front_pruned_bad_arc_ids=[3595, 3632, 3543, 2403]
[V3A-FEAS] diagnostic only: active lazy cut remains unchanged in v3a
[V3A-FEAS] front_prune_tests_run=5
[V3A-FEAS] infeasible route detected
[V3A-FEAS] route_arc_ids=[0, 3595, 3632, 3543, 2403, 2444, 149]
[V3A-FEAS] route_len=7 skeleton_len=18 fail_i=8
[V3A-FEAS] failed_skeleton_edge=C5->C16
[V3A-FEAS] covering_arc_pos=4 covering_arc_id=2403
[V3A-FEAS] current_full_route_cut_size=7
[V3A-FEAS] prefix_through_failure_size=5 prefix_arc_ids=[0, 3595, 3632, 3543, 2403]
[V3A-FEAS] front_prune_test start_pos=0 candidate_size=5 candidate_ok=False candidate_fail_i=8 candidate_skeleton_len=10 candidate_arc_ids=[0, 3595, 3632, 3543, 2403]
[V3A-FEAS] front_prune_test start_pos=1 candidate_size=4 candidate_ok=False candidate_fail_i=7 candidate_skeleton_len=9 candidate_arc_ids=[3595, 3632, 3543, 2403]
[V3A-FEAS] front_prune_test start_pos=2 candidate_size=3 candidate_ok=True candidate_fail_i=None candidate_skeleton_len=7 candidate_arc_ids=[3632, 3543, 2403]
[V3A-FEAS] front_prune_test start_pos=3 candidate_size=2 candidate_ok=True candidate_fail_i=None candidate_skeleton_len=5 candidate_arc_ids=[3543, 2403]
[V3A-FEAS] front_prune_test start_pos=4 candidate_size=1 candidate_ok=True candidate_fail_i=None candidate_skeleton_len=3 candidate_arc_ids=[2403]
[V3A-FEAS] smallest_observed_front_pruned_bad_size=4
[V3A-FEAS] smallest_observed_front_pruned_bad_arc_ids=[3595, 3632, 3543, 2403]
[V3A-FEAS] diagnostic only: active lazy cut remains unchanged in v3a
[V3A-FEAS] front_prune_tests_run=5
[V3A-FEAS] infeasible route detected
[V3A-FEAS] route_arc_ids=[0, 3595, 3632, 3543, 2395, 1844, 2592, 1995]
[V3A-FEAS] route_len=8 skeleton_len=18 fail_i=11
[V3A-FEAS] failed_skeleton_edge=C9->C16
[V3A-FEAS] covering_arc_pos=5 covering_arc_id=1844
[V3A-FEAS] current_full_route_cut_size=8
[V3A-FEAS] prefix_through_failure_size=6 prefix_arc_ids=[0, 3595, 3632, 3543, 2395, 1844]
[V3A-FEAS] front_prune_test start_pos=0 candidate_size=6 candidate_ok=False candidate_fail_i=11 candidate_skeleton_len=13 candidate_arc_ids=[0, 3595, 3632, 3543, 2395, 1844]
[V3A-FEAS] front_prune_test start_pos=1 candidate_size=5 candidate_ok=False candidate_fail_i=10 candidate_skeleton_len=12 candidate_arc_ids=[3595, 3632, 3543, 2395, 1844]
[V3A-FEAS] front_prune_test start_pos=2 candidate_size=4 candidate_ok=False candidate_fail_i=8 candidate_skeleton_len=10 candidate_arc_ids=[3632, 3543, 2395, 1844]
[V3A-FEAS] front_prune_test start_pos=3 candidate_size=3 candidate_ok=False candidate_fail_i=6 candidate_skeleton_len=8 candidate_arc_ids=[3543, 2395, 1844]
[V3A-FEAS] front_prune_test start_pos=4 candidate_size=2 candidate_ok=False candidate_fail_i=4 candidate_skeleton_len=6 candidate_arc_ids=[2395, 1844]
[V3A-FEAS] front_prune_test start_pos=5 candidate_size=1 candidate_ok=True candidate_fail_i=None candidate_skeleton_len=4 candidate_arc_ids=[1844]
[V3A-FEAS] smallest_observed_front_pruned_bad_size=2
[V3A-FEAS] smallest_observed_front_pruned_bad_arc_ids=[2395, 1844]
[V3A-FEAS] diagnostic only: active lazy cut remains unchanged in v3a
[V3A-FEAS] front_prune_tests_run=6
[V3A-FEAS] infeasible route detected
[V3A-FEAS] route_arc_ids=[0, 3595, 3632, 3542, 2403, 1720, 3612, 1828]
[V3A-FEAS] route_len=8 skeleton_len=18 fail_i=8
[V3A-FEAS] failed_skeleton_edge=C5->C16
[V3A-FEAS] covering_arc_pos=4 covering_arc_id=2403
[V3A-FEAS] current_full_route_cut_size=8
[V3A-FEAS] prefix_through_failure_size=5 prefix_arc_ids=[0, 3595, 3632, 3542, 2403]
[V3A-FEAS] front_prune_test start_pos=0 candidate_size=5 candidate_ok=False candidate_fail_i=8 candidate_skeleton_len=10 candidate_arc_ids=[0, 3595, 3632, 3542, 2403]
[V3A-FEAS] front_prune_test start_pos=1 candidate_size=4 candidate_ok=False candidate_fail_i=7 candidate_skeleton_len=9 candidate_arc_ids=[3595, 3632, 3542, 2403]
[V3A-FEAS] front_prune_test start_pos=2 candidate_size=3 candidate_ok=True candidate_fail_i=None candidate_skeleton_len=7 candidate_arc_ids=[3632, 3542, 2403]
[V3A-FEAS] front_prune_test start_pos=3 candidate_size=2 candidate_ok=True candidate_fail_i=None candidate_skeleton_len=5 candidate_arc_ids=[3542, 2403]
[V3A-FEAS] front_prune_test start_pos=4 candidate_size=1 candidate_ok=True candidate_fail_i=None candidate_skeleton_len=3 candidate_arc_ids=[2403]
[V3A-FEAS] smallest_observed_front_pruned_bad_size=4
[V3A-FEAS] smallest_observed_front_pruned_bad_arc_ids=[3595, 3632, 3542, 2403]
[V3A-FEAS] diagnostic only: active lazy cut remains unchanged in v3a
[V3A-FEAS] front_prune_tests_run=5
[V3A-FEAS] infeasible route detected
[V3A-FEAS] route_arc_ids=[0, 3595, 3632, 3542, 2403, 1987, 1828]
[V3A-FEAS] route_len=7 skeleton_len=18 fail_i=8
[V3A-FEAS] failed_skeleton_edge=C5->C16
[V3A-FEAS] covering_arc_pos=4 covering_arc_id=2403
[V3A-FEAS] current_full_route_cut_size=7
[V3A-FEAS] prefix_through_failure_size=5 prefix_arc_ids=[0, 3595, 3632, 3542, 2403]
[V3A-FEAS] front_prune_test start_pos=0 candidate_size=5 candidate_ok=False candidate_fail_i=8 candidate_skeleton_len=10 candidate_arc_ids=[0, 3595, 3632, 3542, 2403]
[V3A-FEAS] front_prune_test start_pos=1 candidate_size=4 candidate_ok=False candidate_fail_i=7 candidate_skeleton_len=9 candidate_arc_ids=[3595, 3632, 3542, 2403]
[V3A-FEAS] front_prune_test start_pos=2 candidate_size=3 candidate_ok=True candidate_fail_i=None candidate_skeleton_len=7 candidate_arc_ids=[3632, 3542, 2403]
[V3A-FEAS] front_prune_test start_pos=3 candidate_size=2 candidate_ok=True candidate_fail_i=None candidate_skeleton_len=5 candidate_arc_ids=[3542, 2403]
[V3A-FEAS] front_prune_test start_pos=4 candidate_size=1 candidate_ok=True candidate_fail_i=None candidate_skeleton_len=3 candidate_arc_ids=[2403]
[V3A-FEAS] smallest_observed_front_pruned_bad_size=4
[V3A-FEAS] smallest_observed_front_pruned_bad_arc_ids=[3595, 3632, 3542, 2403]
[V3A-FEAS] diagnostic only: active lazy cut remains unchanged in v3a
[V3A-FEAS] front_prune_tests_run=5
[V3A-FEAS] infeasible route detected
[V3A-FEAS] route_arc_ids=[0, 3595, 3632, 3542, 2403, 1986, 1828]
[V3A-FEAS] route_len=7 skeleton_len=18 fail_i=8
[V3A-FEAS] failed_skeleton_edge=C5->C16
[V3A-FEAS] covering_arc_pos=4 covering_arc_id=2403
[V3A-FEAS] current_full_route_cut_size=7
[V3A-FEAS] prefix_through_failure_size=5 prefix_arc_ids=[0, 3595, 3632, 3542, 2403]
[V3A-FEAS] front_prune_test start_pos=0 candidate_size=5 candidate_ok=False candidate_fail_i=8 candidate_skeleton_len=10 candidate_arc_ids=[0, 3595, 3632, 3542, 2403]
[V3A-FEAS] front_prune_test start_pos=1 candidate_size=4 candidate_ok=False candidate_fail_i=7 candidate_skeleton_len=9 candidate_arc_ids=[3595, 3632, 3542, 2403]
[V3A-FEAS] front_prune_test start_pos=2 candidate_size=3 candidate_ok=True candidate_fail_i=None candidate_skeleton_len=7 candidate_arc_ids=[3632, 3542, 2403]
[V3A-FEAS] front_prune_test start_pos=3 candidate_size=2 candidate_ok=True candidate_fail_i=None candidate_skeleton_len=5 candidate_arc_ids=[3542, 2403]
[V3A-FEAS] front_prune_test start_pos=4 candidate_size=1 candidate_ok=True candidate_fail_i=None candidate_skeleton_len=3 candidate_arc_ids=[2403]
[V3A-FEAS] smallest_observed_front_pruned_bad_size=4
[V3A-FEAS] smallest_observed_front_pruned_bad_arc_ids=[3595, 3632, 3542, 2403]
[V3A-FEAS] diagnostic only: active lazy cut remains unchanged in v3a
[V3A-FEAS] front_prune_tests_run=5
[V3A-FEAS] infeasible route detected
[V3A-FEAS] route_arc_ids=[0, 3595, 3632, 3542, 2397, 3085, 3613, 3585, 1715]
[V3A-FEAS] route_len=9 skeleton_len=18 fail_i=14
[V3A-FEAS] failed_skeleton_edge=C9->C16
[V3A-FEAS] covering_arc_pos=7 covering_arc_id=3585
[V3A-FEAS] current_full_route_cut_size=9
[V3A-FEAS] prefix_through_failure_size=8 prefix_arc_ids=[0, 3595, 3632, 3542, 2397, 3085, 3613, 3585]
[V3A-FEAS] front_prune_test start_pos=0 candidate_size=8 candidate_ok=False candidate_fail_i=14 candidate_skeleton_len=16 candidate_arc_ids=[0, 3595, 3632, 3542, 2397, 3085, 3613, 3585]
[V3A-FEAS] front_prune_test start_pos=1 candidate_size=7 candidate_ok=False candidate_fail_i=13 candidate_skeleton_len=15 candidate_arc_ids=[3595, 3632, 3542, 2397, 3085, 3613, 3585]
[V3A-FEAS] front_prune_test start_pos=2 candidate_size=6 candidate_ok=False candidate_fail_i=11 candidate_skeleton_len=13 candidate_arc_ids=[3632, 3542, 2397, 3085, 3613, 3585]
[V3A-FEAS] front_prune_test start_pos=3 candidate_size=5 candidate_ok=False candidate_fail_i=9 candidate_skeleton_len=11 candidate_arc_ids=[3542, 2397, 3085, 3613, 3585]
[V3A-FEAS] front_prune_test start_pos=4 candidate_size=4 candidate_ok=False candidate_fail_i=7 candidate_skeleton_len=9 candidate_arc_ids=[2397, 3085, 3613, 3585]
[V3A-FEAS] front_prune_test start_pos=5 candidate_size=3 candidate_ok=False candidate_fail_i=5 candidate_skeleton_len=7 candidate_arc_ids=[3085, 3613, 3585]
[V3A-FEAS] front_prune_test start_pos=6 candidate_size=2 candidate_ok=False candidate_fail_i=3 candidate_skeleton_len=5 candidate_arc_ids=[3613, 3585]
[V3A-FEAS] front_prune_test start_pos=7 candidate_size=1 candidate_ok=True candidate_fail_i=None candidate_skeleton_len=3 candidate_arc_ids=[3585]
[V3A-FEAS] smallest_observed_front_pruned_bad_size=2
[V3A-FEAS] smallest_observed_front_pruned_bad_arc_ids=[3613, 3585]
[V3A-FEAS] diagnostic only: active lazy cut remains unchanged in v3a
[V3A-FEAS] front_prune_tests_run=8
[V3A-FEAS] infeasible route detected
[V3A-FEAS] route_arc_ids=[0, 3595, 3632, 3542, 2397, 2576, 2458, 1911]
[V3A-FEAS] route_len=8 skeleton_len=18 fail_i=9
[V3A-FEAS] failed_skeleton_edge=C10->C16
[V3A-FEAS] covering_arc_pos=5 covering_arc_id=2576
[V3A-FEAS] current_full_route_cut_size=8
[V3A-FEAS] prefix_through_failure_size=6 prefix_arc_ids=[0, 3595, 3632, 3542, 2397, 2576]
[V3A-FEAS] front_prune_test start_pos=0 candidate_size=6 candidate_ok=False candidate_fail_i=9 candidate_skeleton_len=13 candidate_arc_ids=[0, 3595, 3632, 3542, 2397, 2576]
[V3A-FEAS] front_prune_test start_pos=1 candidate_size=5 candidate_ok=False candidate_fail_i=8 candidate_skeleton_len=12 candidate_arc_ids=[3595, 3632, 3542, 2397, 2576]
[V3A-FEAS] front_prune_test start_pos=2 candidate_size=4 candidate_ok=True candidate_fail_i=None candidate_skeleton_len=10 candidate_arc_ids=[3632, 3542, 2397, 2576]
[V3A-FEAS] front_prune_test start_pos=3 candidate_size=3 candidate_ok=True candidate_fail_i=None candidate_skeleton_len=8 candidate_arc_ids=[3542, 2397, 2576]
[V3A-FEAS] front_prune_test start_pos=4 candidate_size=2 candidate_ok=True candidate_fail_i=None candidate_skeleton_len=6 candidate_arc_ids=[2397, 2576]
[V3A-FEAS] front_prune_test start_pos=5 candidate_size=1 candidate_ok=True candidate_fail_i=None candidate_skeleton_len=4 candidate_arc_ids=[2576]
[V3A-FEAS] smallest_observed_front_pruned_bad_size=5
[V3A-FEAS] smallest_observed_front_pruned_bad_arc_ids=[3595, 3632, 3542, 2397, 2576]
[V3A-FEAS] diagnostic only: active lazy cut remains unchanged in v3a
[V3A-FEAS] front_prune_tests_run=6
[V3A-FEAS] infeasible route detected
[V3A-FEAS] route_arc_ids=[0, 3595, 3632, 3542, 2395, 3579, 3614, 1657]
[V3A-FEAS] route_len=8 skeleton_len=18 fail_i=13
[V3A-FEAS] failed_skeleton_edge=C10->C16
[V3A-FEAS] covering_arc_pos=7 covering_arc_id=1657
[V3A-FEAS] current_full_route_cut_size=8
[V3A-FEAS] prefix_through_failure_size=8 prefix_arc_ids=[0, 3595, 3632, 3542, 2395, 3579, 3614, 1657]
[V3A-FEAS] front_prune_test start_pos=0 candidate_size=8 candidate_ok=False candidate_fail_i=13 candidate_skeleton_len=18 candidate_arc_ids=[0, 3595, 3632, 3542, 2395, 3579, 3614, 1657]
[V3A-FEAS] front_prune_test start_pos=1 candidate_size=7 candidate_ok=False candidate_fail_i=12 candidate_skeleton_len=17 candidate_arc_ids=[3595, 3632, 3542, 2395, 3579, 3614, 1657]
[V3A-FEAS] front_prune_test start_pos=2 candidate_size=6 candidate_ok=False candidate_fail_i=10 candidate_skeleton_len=15 candidate_arc_ids=[3632, 3542, 2395, 3579, 3614, 1657]
[V3A-FEAS] front_prune_test start_pos=3 candidate_size=5 candidate_ok=False candidate_fail_i=8 candidate_skeleton_len=13 candidate_arc_ids=[3542, 2395, 3579, 3614, 1657]
[V3A-FEAS] front_prune_test start_pos=4 candidate_size=4 candidate_ok=False candidate_fail_i=6 candidate_skeleton_len=11 candidate_arc_ids=[2395, 3579, 3614, 1657]
[V3A-FEAS] front_prune_test start_pos=5 candidate_size=3 candidate_ok=False candidate_fail_i=4 candidate_skeleton_len=9 candidate_arc_ids=[3579, 3614, 1657]
[V3A-FEAS] front_prune_test start_pos=6 candidate_size=2 candidate_ok=False candidate_fail_i=2 candidate_skeleton_len=7 candidate_arc_ids=[3614, 1657]
[V3A-FEAS] front_prune_test start_pos=7 candidate_size=1 candidate_ok=True candidate_fail_i=None candidate_skeleton_len=5 candidate_arc_ids=[1657]
[V3A-FEAS] smallest_observed_front_pruned_bad_size=2
[V3A-FEAS] smallest_observed_front_pruned_bad_arc_ids=[3614, 1657]
[V3A-FEAS] diagnostic only: active lazy cut remains unchanged in v3a
[V3A-FEAS] front_prune_tests_run=8
[V3A-FEAS] infeasible route detected
[V3A-FEAS] route_arc_ids=[0, 3595, 3632, 3542, 2403, 2443, 2759, 2058]
[V3A-FEAS] route_len=8 skeleton_len=18 fail_i=8
[V3A-FEAS] failed_skeleton_edge=C5->C16
[V3A-FEAS] covering_arc_pos=4 covering_arc_id=2403
[V3A-FEAS] current_full_route_cut_size=8
[V3A-FEAS] prefix_through_failure_size=5 prefix_arc_ids=[0, 3595, 3632, 3542, 2403]
[V3A-FEAS] front_prune_test start_pos=0 candidate_size=5 candidate_ok=False candidate_fail_i=8 candidate_skeleton_len=10 candidate_arc_ids=[0, 3595, 3632, 3542, 2403]
[V3A-FEAS] front_prune_test start_pos=1 candidate_size=4 candidate_ok=False candidate_fail_i=7 candidate_skeleton_len=9 candidate_arc_ids=[3595, 3632, 3542, 2403]
[V3A-FEAS] front_prune_test start_pos=2 candidate_size=3 candidate_ok=True candidate_fail_i=None candidate_skeleton_len=7 candidate_arc_ids=[3632, 3542, 2403]
[V3A-FEAS] front_prune_test start_pos=3 candidate_size=2 candidate_ok=True candidate_fail_i=None candidate_skeleton_len=5 candidate_arc_ids=[3542, 2403]
[V3A-FEAS] front_prune_test start_pos=4 candidate_size=1 candidate_ok=True candidate_fail_i=None candidate_skeleton_len=3 candidate_arc_ids=[2403]
[V3A-FEAS] smallest_observed_front_pruned_bad_size=4
[V3A-FEAS] smallest_observed_front_pruned_bad_arc_ids=[3595, 3632, 3542, 2403]
[V3A-FEAS] diagnostic only: active lazy cut remains unchanged in v3a
[V3A-FEAS] front_prune_tests_run=5
[V3A-FEAS] infeasible route detected
[V3A-FEAS] route_arc_ids=[0, 3595, 3632, 3542, 2397, 3085, 3611, 3585, 1715]
[V3A-FEAS] route_len=9 skeleton_len=18 fail_i=14
[V3A-FEAS] failed_skeleton_edge=C9->C16
[V3A-FEAS] covering_arc_pos=7 covering_arc_id=3585
[V3A-FEAS] current_full_route_cut_size=9
[V3A-FEAS] prefix_through_failure_size=8 prefix_arc_ids=[0, 3595, 3632, 3542, 2397, 3085, 3611, 3585]
[V3A-FEAS] front_prune_test start_pos=0 candidate_size=8 candidate_ok=False candidate_fail_i=14 candidate_skeleton_len=16 candidate_arc_ids=[0, 3595, 3632, 3542, 2397, 3085, 3611, 3585]
[V3A-FEAS] front_prune_test start_pos=1 candidate_size=7 candidate_ok=False candidate_fail_i=13 candidate_skeleton_len=15 candidate_arc_ids=[3595, 3632, 3542, 2397, 3085, 3611, 3585]
[V3A-FEAS] front_prune_test start_pos=2 candidate_size=6 candidate_ok=False candidate_fail_i=11 candidate_skeleton_len=13 candidate_arc_ids=[3632, 3542, 2397, 3085, 3611, 3585]
[V3A-FEAS] front_prune_test start_pos=3 candidate_size=5 candidate_ok=False candidate_fail_i=9 candidate_skeleton_len=11 candidate_arc_ids=[3542, 2397, 3085, 3611, 3585]
[V3A-FEAS] front_prune_test start_pos=4 candidate_size=4 candidate_ok=False candidate_fail_i=7 candidate_skeleton_len=9 candidate_arc_ids=[2397, 3085, 3611, 3585]
[V3A-FEAS] front_prune_test start_pos=5 candidate_size=3 candidate_ok=False candidate_fail_i=5 candidate_skeleton_len=7 candidate_arc_ids=[3085, 3611, 3585]
[V3A-FEAS] front_prune_test start_pos=6 candidate_size=2 candidate_ok=False candidate_fail_i=3 candidate_skeleton_len=5 candidate_arc_ids=[3611, 3585]
[V3A-FEAS] front_prune_test start_pos=7 candidate_size=1 candidate_ok=True candidate_fail_i=None candidate_skeleton_len=3 candidate_arc_ids=[3585]
[V3A-FEAS] smallest_observed_front_pruned_bad_size=2
[V3A-FEAS] smallest_observed_front_pruned_bad_arc_ids=[3611, 3585]
[V3A-FEAS] diagnostic only: active lazy cut remains unchanged in v3a
[V3A-FEAS] front_prune_tests_run=8
[V3A-FEAS] infeasible route detected
[V3A-FEAS] route_arc_ids=[0, 3595, 3632, 3542, 2397, 3084, 3123, 1911]
[V3A-FEAS] route_len=8 skeleton_len=18 fail_i=11
[V3A-FEAS] failed_skeleton_edge=C11->C16
[V3A-FEAS] covering_arc_pos=6 covering_arc_id=3123
[V3A-FEAS] current_full_route_cut_size=8
[V3A-FEAS] prefix_through_failure_size=7 prefix_arc_ids=[0, 3595, 3632, 3542, 2397, 3084, 3123]
[V3A-FEAS] front_prune_test start_pos=0 candidate_size=7 candidate_ok=False candidate_fail_i=11 candidate_skeleton_len=15 candidate_arc_ids=[0, 3595, 3632, 3542, 2397, 3084, 3123]
[V3A-FEAS] front_prune_test start_pos=1 candidate_size=6 candidate_ok=False candidate_fail_i=10 candidate_skeleton_len=14 candidate_arc_ids=[3595, 3632, 3542, 2397, 3084, 3123]
[V3A-FEAS] front_prune_test start_pos=2 candidate_size=5 candidate_ok=True candidate_fail_i=None candidate_skeleton_len=12 candidate_arc_ids=[3632, 3542, 2397, 3084, 3123]
[V3A-FEAS] front_prune_test start_pos=3 candidate_size=4 candidate_ok=True candidate_fail_i=None candidate_skeleton_len=10 candidate_arc_ids=[3542, 2397, 3084, 3123]
[V3A-FEAS] front_prune_test start_pos=4 candidate_size=3 candidate_ok=True candidate_fail_i=None candidate_skeleton_len=8 candidate_arc_ids=[2397, 3084, 3123]
[V3A-FEAS] front_prune_test start_pos=5 candidate_size=2 candidate_ok=True candidate_fail_i=None candidate_skeleton_len=6 candidate_arc_ids=[3084, 3123]
[V3A-FEAS] front_prune_test start_pos=6 candidate_size=1 candidate_ok=True candidate_fail_i=None candidate_skeleton_len=4 candidate_arc_ids=[3123]
[V3A-FEAS] smallest_observed_front_pruned_bad_size=6
[V3A-FEAS] smallest_observed_front_pruned_bad_arc_ids=[3595, 3632, 3542, 2397, 3084, 3123]
[V3A-FEAS] diagnostic only: active lazy cut remains unchanged in v3a
[V3A-FEAS] front_prune_tests_run=7
[V3A-FEAS] infeasible route detected
[V3A-FEAS] route_arc_ids=[0, 3595, 3632, 3542, 2397, 1669, 3611, 3570]
[V3A-FEAS] route_len=8 skeleton_len=18 fail_i=9
[V3A-FEAS] failed_skeleton_edge=C10->C16
[V3A-FEAS] covering_arc_pos=5 covering_arc_id=1669
[V3A-FEAS] current_full_route_cut_size=8
[V3A-FEAS] prefix_through_failure_size=6 prefix_arc_ids=[0, 3595, 3632, 3542, 2397, 1669]
[V3A-FEAS] front_prune_test start_pos=0 candidate_size=6 candidate_ok=False candidate_fail_i=9 candidate_skeleton_len=14 candidate_arc_ids=[0, 3595, 3632, 3542, 2397, 1669]
[V3A-FEAS] front_prune_test start_pos=1 candidate_size=5 candidate_ok=False candidate_fail_i=8 candidate_skeleton_len=13 candidate_arc_ids=[3595, 3632, 3542, 2397, 1669]
[V3A-FEAS] front_prune_test start_pos=2 candidate_size=4 candidate_ok=True candidate_fail_i=None candidate_skeleton_len=11 candidate_arc_ids=[3632, 3542, 2397, 1669]
[V3A-FEAS] front_prune_test start_pos=3 candidate_size=3 candidate_ok=True candidate_fail_i=None candidate_skeleton_len=9 candidate_arc_ids=[3542, 2397, 1669]
[V3A-FEAS] front_prune_test start_pos=4 candidate_size=2 candidate_ok=True candidate_fail_i=None candidate_skeleton_len=7 candidate_arc_ids=[2397, 1669]
[V3A-FEAS] front_prune_test start_pos=5 candidate_size=1 candidate_ok=True candidate_fail_i=None candidate_skeleton_len=5 candidate_arc_ids=[1669]
[V3A-FEAS] smallest_observed_front_pruned_bad_size=5
[V3A-FEAS] smallest_observed_front_pruned_bad_arc_ids=[3595, 3632, 3542, 2397, 1669]
[V3A-FEAS] diagnostic only: active lazy cut remains unchanged in v3a
[V3A-FEAS] front_prune_tests_run=6
[V3A-FEAS] infeasible route detected
[V3A-FEAS] route_arc_ids=[0, 3595, 3632, 3542, 2397, 3093, 1720, 3611, 3571]
[V3A-FEAS] route_len=9 skeleton_len=18 fail_i=10
[V3A-FEAS] failed_skeleton_edge=C12->C16
[V3A-FEAS] covering_arc_pos=5 covering_arc_id=3093
[V3A-FEAS] current_full_route_cut_size=9
[V3A-FEAS] prefix_through_failure_size=6 prefix_arc_ids=[0, 3595, 3632, 3542, 2397, 3093]
[V3A-FEAS] front_prune_test start_pos=0 candidate_size=6 candidate_ok=False candidate_fail_i=10 candidate_skeleton_len=12 candidate_arc_ids=[0, 3595, 3632, 3542, 2397, 3093]
[V3A-FEAS] front_prune_test start_pos=1 candidate_size=5 candidate_ok=False candidate_fail_i=9 candidate_skeleton_len=11 candidate_arc_ids=[3595, 3632, 3542, 2397, 3093]
[V3A-FEAS] front_prune_test start_pos=2 candidate_size=4 candidate_ok=True candidate_fail_i=None candidate_skeleton_len=9 candidate_arc_ids=[3632, 3542, 2397, 3093]
[V3A-FEAS] front_prune_test start_pos=3 candidate_size=3 candidate_ok=True candidate_fail_i=None candidate_skeleton_len=7 candidate_arc_ids=[3542, 2397, 3093]
[V3A-FEAS] front_prune_test start_pos=4 candidate_size=2 candidate_ok=True candidate_fail_i=None candidate_skeleton_len=5 candidate_arc_ids=[2397, 3093]
[V3A-FEAS] front_prune_test start_pos=5 candidate_size=1 candidate_ok=True candidate_fail_i=None candidate_skeleton_len=3 candidate_arc_ids=[3093]
[V3A-FEAS] smallest_observed_front_pruned_bad_size=5
[V3A-FEAS] smallest_observed_front_pruned_bad_arc_ids=[3595, 3632, 3542, 2397, 3093]
[V3A-FEAS] diagnostic only: active lazy cut remains unchanged in v3a
[V3A-FEAS] front_prune_tests_run=6
[V3A-FEAS] infeasible route detected
[V3A-FEAS] route_arc_ids=[0, 3595, 3632, 3543, 2399, 2251, 1828]
[V3A-FEAS] route_len=7 skeleton_len=18 fail_i=9
[V3A-FEAS] failed_skeleton_edge=C11->C16
[V3A-FEAS] covering_arc_pos=5 covering_arc_id=2251
[V3A-FEAS] current_full_route_cut_size=7
[V3A-FEAS] prefix_through_failure_size=6 prefix_arc_ids=[0, 3595, 3632, 3543, 2399, 2251]
[V3A-FEAS] front_prune_test start_pos=0 candidate_size=6 candidate_ok=False candidate_fail_i=9 candidate_skeleton_len=14 candidate_arc_ids=[0, 3595, 3632, 3543, 2399, 2251]
[V3A-FEAS] front_prune_test start_pos=1 candidate_size=5 candidate_ok=False candidate_fail_i=8 candidate_skeleton_len=13 candidate_arc_ids=[3595, 3632, 3543, 2399, 2251]
[V3A-FEAS] front_prune_test start_pos=2 candidate_size=4 candidate_ok=True candidate_fail_i=None candidate_skeleton_len=11 candidate_arc_ids=[3632, 3543, 2399, 2251]
[V3A-FEAS] front_prune_test start_pos=3 candidate_size=3 candidate_ok=True candidate_fail_i=None candidate_skeleton_len=9 candidate_arc_ids=[3543, 2399, 2251]
[V3A-FEAS] front_prune_test start_pos=4 candidate_size=2 candidate_ok=True candidate_fail_i=None candidate_skeleton_len=7 candidate_arc_ids=[2399, 2251]
[V3A-FEAS] front_prune_test start_pos=5 candidate_size=1 candidate_ok=True candidate_fail_i=None candidate_skeleton_len=5 candidate_arc_ids=[2251]
[V3A-FEAS] smallest_observed_front_pruned_bad_size=5
[V3A-FEAS] smallest_observed_front_pruned_bad_arc_ids=[3595, 3632, 3543, 2399, 2251]
[V3A-FEAS] diagnostic only: active lazy cut remains unchanged in v3a
[V3A-FEAS] front_prune_tests_run=6
[V3A-FEAS] infeasible route detected
[V3A-FEAS] route_arc_ids=[0, 3595, 3632, 3543, 2397, 1669, 3611, 3571]
[V3A-FEAS] route_len=8 skeleton_len=18 fail_i=9
[V3A-FEAS] failed_skeleton_edge=C10->C16
[V3A-FEAS] covering_arc_pos=5 covering_arc_id=1669
[V3A-FEAS] current_full_route_cut_size=8
[V3A-FEAS] prefix_through_failure_size=6 prefix_arc_ids=[0, 3595, 3632, 3543, 2397, 1669]
[V3A-FEAS] front_prune_test start_pos=0 candidate_size=6 candidate_ok=False candidate_fail_i=9 candidate_skeleton_len=14 candidate_arc_ids=[0, 3595, 3632, 3543, 2397, 1669]
[V3A-FEAS] front_prune_test start_pos=1 candidate_size=5 candidate_ok=False candidate_fail_i=8 candidate_skeleton_len=13 candidate_arc_ids=[3595, 3632, 3543, 2397, 1669]
[V3A-FEAS] front_prune_test start_pos=2 candidate_size=4 candidate_ok=True candidate_fail_i=None candidate_skeleton_len=11 candidate_arc_ids=[3632, 3543, 2397, 1669]
[V3A-FEAS] front_prune_test start_pos=3 candidate_size=3 candidate_ok=True candidate_fail_i=None candidate_skeleton_len=9 candidate_arc_ids=[3543, 2397, 1669]
[V3A-FEAS] front_prune_test start_pos=4 candidate_size=2 candidate_ok=True candidate_fail_i=None candidate_skeleton_len=7 candidate_arc_ids=[2397, 1669]
[V3A-FEAS] front_prune_test start_pos=5 candidate_size=1 candidate_ok=True candidate_fail_i=None candidate_skeleton_len=5 candidate_arc_ids=[1669]
[V3A-FEAS] smallest_observed_front_pruned_bad_size=5
[V3A-FEAS] smallest_observed_front_pruned_bad_arc_ids=[3595, 3632, 3543, 2397, 1669]
[V3A-FEAS] diagnostic only: active lazy cut remains unchanged in v3a
[V3A-FEAS] front_prune_tests_run=6
[V3A-FEAS] infeasible route detected
[V3A-FEAS] route_arc_ids=[0, 3595, 3632, 3542, 2397, 1668, 3611, 3570]
[V3A-FEAS] route_len=8 skeleton_len=18 fail_i=9
[V3A-FEAS] failed_skeleton_edge=C10->C16
[V3A-FEAS] covering_arc_pos=5 covering_arc_id=1668
[V3A-FEAS] current_full_route_cut_size=8
[V3A-FEAS] prefix_through_failure_size=6 prefix_arc_ids=[0, 3595, 3632, 3542, 2397, 1668]
[V3A-FEAS] front_prune_test start_pos=0 candidate_size=6 candidate_ok=False candidate_fail_i=9 candidate_skeleton_len=14 candidate_arc_ids=[0, 3595, 3632, 3542, 2397, 1668]
[V3A-FEAS] front_prune_test start_pos=1 candidate_size=5 candidate_ok=False candidate_fail_i=8 candidate_skeleton_len=13 candidate_arc_ids=[3595, 3632, 3542, 2397, 1668]
[V3A-FEAS] front_prune_test start_pos=2 candidate_size=4 candidate_ok=True candidate_fail_i=None candidate_skeleton_len=11 candidate_arc_ids=[3632, 3542, 2397, 1668]
[V3A-FEAS] front_prune_test start_pos=3 candidate_size=3 candidate_ok=True candidate_fail_i=None candidate_skeleton_len=9 candidate_arc_ids=[3542, 2397, 1668]
[V3A-FEAS] front_prune_test start_pos=4 candidate_size=2 candidate_ok=True candidate_fail_i=None candidate_skeleton_len=7 candidate_arc_ids=[2397, 1668]
[V3A-FEAS] front_prune_test start_pos=5 candidate_size=1 candidate_ok=True candidate_fail_i=None candidate_skeleton_len=5 candidate_arc_ids=[1668]
[V3A-FEAS] smallest_observed_front_pruned_bad_size=5
[V3A-FEAS] smallest_observed_front_pruned_bad_arc_ids=[3595, 3632, 3542, 2397, 1668]
[V3A-FEAS] diagnostic only: active lazy cut remains unchanged in v3a
[V3A-FEAS] front_prune_tests_run=6
[V3A-FEAS] infeasible route detected
[V3A-FEAS] route_arc_ids=[0, 3595, 3632, 3542, 2399, 2251, 1828]
[V3A-FEAS] route_len=7 skeleton_len=18 fail_i=9
[V3A-FEAS] failed_skeleton_edge=C11->C16
[V3A-FEAS] covering_arc_pos=5 covering_arc_id=2251
[V3A-FEAS] current_full_route_cut_size=7
[V3A-FEAS] prefix_through_failure_size=6 prefix_arc_ids=[0, 3595, 3632, 3542, 2399, 2251]
[V3A-FEAS] front_prune_test start_pos=0 candidate_size=6 candidate_ok=False candidate_fail_i=9 candidate_skeleton_len=14 candidate_arc_ids=[0, 3595, 3632, 3542, 2399, 2251]
[V3A-FEAS] front_prune_test start_pos=1 candidate_size=5 candidate_ok=False candidate_fail_i=8 candidate_skeleton_len=13 candidate_arc_ids=[3595, 3632, 3542, 2399, 2251]
[V3A-FEAS] front_prune_test start_pos=2 candidate_size=4 candidate_ok=True candidate_fail_i=None candidate_skeleton_len=11 candidate_arc_ids=[3632, 3542, 2399, 2251]
[V3A-FEAS] front_prune_test start_pos=3 candidate_size=3 candidate_ok=True candidate_fail_i=None candidate_skeleton_len=9 candidate_arc_ids=[3542, 2399, 2251]
[V3A-FEAS] front_prune_test start_pos=4 candidate_size=2 candidate_ok=True candidate_fail_i=None candidate_skeleton_len=7 candidate_arc_ids=[2399, 2251]
[V3A-FEAS] front_prune_test start_pos=5 candidate_size=1 candidate_ok=True candidate_fail_i=None candidate_skeleton_len=5 candidate_arc_ids=[2251]
[V3A-FEAS] smallest_observed_front_pruned_bad_size=5
[V3A-FEAS] smallest_observed_front_pruned_bad_arc_ids=[3595, 3632, 3542, 2399, 2251]
[V3A-FEAS] diagnostic only: active lazy cut remains unchanged in v3a
[V3A-FEAS] front_prune_tests_run=6
[V3A-FEAS] infeasible route detected
[V3A-FEAS] route_arc_ids=[0, 3595, 3632, 3542, 2399, 3123, 149]
[V3A-FEAS] route_len=7 skeleton_len=18 fail_i=9
[V3A-FEAS] failed_skeleton_edge=C11->C16
[V3A-FEAS] covering_arc_pos=5 covering_arc_id=3123
[V3A-FEAS] current_full_route_cut_size=7
[V3A-FEAS] prefix_through_failure_size=6 prefix_arc_ids=[0, 3595, 3632, 3542, 2399, 3123]
[V3A-FEAS] front_prune_test start_pos=0 candidate_size=6 candidate_ok=False candidate_fail_i=9 candidate_skeleton_len=13 candidate_arc_ids=[0, 3595, 3632, 3542, 2399, 3123]
[V3A-FEAS] front_prune_test start_pos=1 candidate_size=5 candidate_ok=False candidate_fail_i=8 candidate_skeleton_len=12 candidate_arc_ids=[3595, 3632, 3542, 2399, 3123]
[V3A-FEAS] front_prune_test start_pos=2 candidate_size=4 candidate_ok=True candidate_fail_i=None candidate_skeleton_len=10 candidate_arc_ids=[3632, 3542, 2399, 3123]
[V3A-FEAS] front_prune_test start_pos=3 candidate_size=3 candidate_ok=True candidate_fail_i=None candidate_skeleton_len=8 candidate_arc_ids=[3542, 2399, 3123]
[V3A-FEAS] front_prune_test start_pos=4 candidate_size=2 candidate_ok=True candidate_fail_i=None candidate_skeleton_len=6 candidate_arc_ids=[2399, 3123]
[V3A-FEAS] front_prune_test start_pos=5 candidate_size=1 candidate_ok=True candidate_fail_i=None candidate_skeleton_len=4 candidate_arc_ids=[3123]
[V3A-FEAS] smallest_observed_front_pruned_bad_size=5
[V3A-FEAS] smallest_observed_front_pruned_bad_arc_ids=[3595, 3632, 3542, 2399, 3123]
[V3A-FEAS] diagnostic only: active lazy cut remains unchanged in v3a
[V3A-FEAS] front_prune_tests_run=6
[V3A-FEAS] infeasible route detected
[V3A-FEAS] route_arc_ids=[0, 3595, 3632, 3542, 2399, 3612, 1844, 1686]
[V3A-FEAS] route_len=8 skeleton_len=18 fail_i=13
[V3A-FEAS] failed_skeleton_edge=C9->C16
[V3A-FEAS] covering_arc_pos=6 covering_arc_id=1844
[V3A-FEAS] current_full_route_cut_size=8
[V3A-FEAS] prefix_through_failure_size=7 prefix_arc_ids=[0, 3595, 3632, 3542, 2399, 3612, 1844]
[V3A-FEAS] front_prune_test start_pos=0 candidate_size=7 candidate_ok=False candidate_fail_i=13 candidate_skeleton_len=15 candidate_arc_ids=[0, 3595, 3632, 3542, 2399, 3612, 1844]
[V3A-FEAS] front_prune_test start_pos=1 candidate_size=6 candidate_ok=False candidate_fail_i=12 candidate_skeleton_len=14 candidate_arc_ids=[3595, 3632, 3542, 2399, 3612, 1844]
[V3A-FEAS] front_prune_test start_pos=2 candidate_size=5 candidate_ok=False candidate_fail_i=10 candidate_skeleton_len=12 candidate_arc_ids=[3632, 3542, 2399, 3612, 1844]
[V3A-FEAS] front_prune_test start_pos=3 candidate_size=4 candidate_ok=False candidate_fail_i=8 candidate_skeleton_len=10 candidate_arc_ids=[3542, 2399, 3612, 1844]
[V3A-FEAS] front_prune_test start_pos=4 candidate_size=3 candidate_ok=False candidate_fail_i=6 candidate_skeleton_len=8 candidate_arc_ids=[2399, 3612, 1844]
[V3A-FEAS] front_prune_test start_pos=5 candidate_size=2 candidate_ok=False candidate_fail_i=4 candidate_skeleton_len=6 candidate_arc_ids=[3612, 1844]
[V3A-FEAS] front_prune_test start_pos=6 candidate_size=1 candidate_ok=True candidate_fail_i=None candidate_skeleton_len=4 candidate_arc_ids=[1844]
[V3A-FEAS] smallest_observed_front_pruned_bad_size=2
[V3A-FEAS] smallest_observed_front_pruned_bad_arc_ids=[3612, 1844]
[V3A-FEAS] diagnostic only: active lazy cut remains unchanged in v3a
[V3A-FEAS] front_prune_tests_run=7
[V3A-FEAS] infeasible route detected
[V3A-FEAS] route_arc_ids=[0, 3595, 3632, 3542, 2399, 3122, 150]
[V3A-FEAS] route_len=7 skeleton_len=18 fail_i=9
[V3A-FEAS] failed_skeleton_edge=C11->C16
[V3A-FEAS] covering_arc_pos=5 covering_arc_id=3122
[V3A-FEAS] current_full_route_cut_size=7
[V3A-FEAS] prefix_through_failure_size=6 prefix_arc_ids=[0, 3595, 3632, 3542, 2399, 3122]
[V3A-FEAS] front_prune_test start_pos=0 candidate_size=6 candidate_ok=False candidate_fail_i=9 candidate_skeleton_len=13 candidate_arc_ids=[0, 3595, 3632, 3542, 2399, 3122]
[V3A-FEAS] front_prune_test start_pos=1 candidate_size=5 candidate_ok=False candidate_fail_i=8 candidate_skeleton_len=12 candidate_arc_ids=[3595, 3632, 3542, 2399, 3122]
[V3A-FEAS] front_prune_test start_pos=2 candidate_size=4 candidate_ok=True candidate_fail_i=None candidate_skeleton_len=10 candidate_arc_ids=[3632, 3542, 2399, 3122]
[V3A-FEAS] front_prune_test start_pos=3 candidate_size=3 candidate_ok=True candidate_fail_i=None candidate_skeleton_len=8 candidate_arc_ids=[3542, 2399, 3122]
[V3A-FEAS] front_prune_test start_pos=4 candidate_size=2 candidate_ok=True candidate_fail_i=None candidate_skeleton_len=6 candidate_arc_ids=[2399, 3122]
[V3A-FEAS] front_prune_test start_pos=5 candidate_size=1 candidate_ok=True candidate_fail_i=None candidate_skeleton_len=4 candidate_arc_ids=[3122]
[V3A-FEAS] smallest_observed_front_pruned_bad_size=5
[V3A-FEAS] smallest_observed_front_pruned_bad_arc_ids=[3595, 3632, 3542, 2399, 3122]
[V3A-FEAS] diagnostic only: active lazy cut remains unchanged in v3a
[V3A-FEAS] front_prune_tests_run=6
[V3A-FEAS] infeasible route detected
[V3A-FEAS] route_arc_ids=[0, 3595, 3632, 3542, 2399, 3124, 150]
[V3A-FEAS] route_len=7 skeleton_len=18 fail_i=9
[V3A-FEAS] failed_skeleton_edge=C11->C16
[V3A-FEAS] covering_arc_pos=5 covering_arc_id=3124
[V3A-FEAS] current_full_route_cut_size=7
[V3A-FEAS] prefix_through_failure_size=6 prefix_arc_ids=[0, 3595, 3632, 3542, 2399, 3124]
[V3A-FEAS] front_prune_test start_pos=0 candidate_size=6 candidate_ok=False candidate_fail_i=9 candidate_skeleton_len=13 candidate_arc_ids=[0, 3595, 3632, 3542, 2399, 3124]
[V3A-FEAS] front_prune_test start_pos=1 candidate_size=5 candidate_ok=False candidate_fail_i=8 candidate_skeleton_len=12 candidate_arc_ids=[3595, 3632, 3542, 2399, 3124]
[V3A-FEAS] front_prune_test start_pos=2 candidate_size=4 candidate_ok=True candidate_fail_i=None candidate_skeleton_len=10 candidate_arc_ids=[3632, 3542, 2399, 3124]
[V3A-FEAS] front_prune_test start_pos=3 candidate_size=3 candidate_ok=True candidate_fail_i=None candidate_skeleton_len=8 candidate_arc_ids=[3542, 2399, 3124]
[V3A-FEAS] front_prune_test start_pos=4 candidate_size=2 candidate_ok=True candidate_fail_i=None candidate_skeleton_len=6 candidate_arc_ids=[2399, 3124]
[V3A-FEAS] front_prune_test start_pos=5 candidate_size=1 candidate_ok=True candidate_fail_i=None candidate_skeleton_len=4 candidate_arc_ids=[3124]
[V3A-FEAS] smallest_observed_front_pruned_bad_size=5
[V3A-FEAS] smallest_observed_front_pruned_bad_arc_ids=[3595, 3632, 3542, 2399, 3124]
[V3A-FEAS] diagnostic only: active lazy cut remains unchanged in v3a
[V3A-FEAS] front_prune_tests_run=6
[V3A-FEAS] infeasible route detected
[V3A-FEAS] route_arc_ids=[0, 3595, 3632, 3543, 2399, 3123, 150]
[V3A-FEAS] route_len=7 skeleton_len=18 fail_i=9
[V3A-FEAS] failed_skeleton_edge=C11->C16
[V3A-FEAS] covering_arc_pos=5 covering_arc_id=3123
[V3A-FEAS] current_full_route_cut_size=7
[V3A-FEAS] prefix_through_failure_size=6 prefix_arc_ids=[0, 3595, 3632, 3543, 2399, 3123]
[V3A-FEAS] front_prune_test start_pos=0 candidate_size=6 candidate_ok=False candidate_fail_i=9 candidate_skeleton_len=13 candidate_arc_ids=[0, 3595, 3632, 3543, 2399, 3123]
[V3A-FEAS] front_prune_test start_pos=1 candidate_size=5 candidate_ok=False candidate_fail_i=8 candidate_skeleton_len=12 candidate_arc_ids=[3595, 3632, 3543, 2399, 3123]
[V3A-FEAS] front_prune_test start_pos=2 candidate_size=4 candidate_ok=True candidate_fail_i=None candidate_skeleton_len=10 candidate_arc_ids=[3632, 3543, 2399, 3123]
[V3A-FEAS] front_prune_test start_pos=3 candidate_size=3 candidate_ok=True candidate_fail_i=None candidate_skeleton_len=8 candidate_arc_ids=[3543, 2399, 3123]
[V3A-FEAS] front_prune_test start_pos=4 candidate_size=2 candidate_ok=True candidate_fail_i=None candidate_skeleton_len=6 candidate_arc_ids=[2399, 3123]
[V3A-FEAS] front_prune_test start_pos=5 candidate_size=1 candidate_ok=True candidate_fail_i=None candidate_skeleton_len=4 candidate_arc_ids=[3123]
[V3A-FEAS] smallest_observed_front_pruned_bad_size=5
[V3A-FEAS] smallest_observed_front_pruned_bad_arc_ids=[3595, 3632, 3543, 2399, 3123]
[V3A-FEAS] diagnostic only: active lazy cut remains unchanged in v3a
[V3A-FEAS] front_prune_tests_run=6
[V3A-FEAS] infeasible route detected
[V3A-FEAS] route_arc_ids=[0, 3595, 3632, 3542, 2399, 3123, 2759, 2058]
[V3A-FEAS] route_len=8 skeleton_len=18 fail_i=9
[V3A-FEAS] failed_skeleton_edge=C11->C16
[V3A-FEAS] covering_arc_pos=5 covering_arc_id=3123
[V3A-FEAS] current_full_route_cut_size=8
[V3A-FEAS] prefix_through_failure_size=6 prefix_arc_ids=[0, 3595, 3632, 3542, 2399, 3123]
[V3A-FEAS] front_prune_test start_pos=0 candidate_size=6 candidate_ok=False candidate_fail_i=9 candidate_skeleton_len=13 candidate_arc_ids=[0, 3595, 3632, 3542, 2399, 3123]
[V3A-FEAS] front_prune_test start_pos=1 candidate_size=5 candidate_ok=False candidate_fail_i=8 candidate_skeleton_len=12 candidate_arc_ids=[3595, 3632, 3542, 2399, 3123]
[V3A-FEAS] front_prune_test start_pos=2 candidate_size=4 candidate_ok=True candidate_fail_i=None candidate_skeleton_len=10 candidate_arc_ids=[3632, 3542, 2399, 3123]
[V3A-FEAS] front_prune_test start_pos=3 candidate_size=3 candidate_ok=True candidate_fail_i=None candidate_skeleton_len=8 candidate_arc_ids=[3542, 2399, 3123]
[V3A-FEAS] front_prune_test start_pos=4 candidate_size=2 candidate_ok=True candidate_fail_i=None candidate_skeleton_len=6 candidate_arc_ids=[2399, 3123]
[V3A-FEAS] front_prune_test start_pos=5 candidate_size=1 candidate_ok=True candidate_fail_i=None candidate_skeleton_len=4 candidate_arc_ids=[3123]
[V3A-FEAS] smallest_observed_front_pruned_bad_size=5
[V3A-FEAS] smallest_observed_front_pruned_bad_arc_ids=[3595, 3632, 3542, 2399, 3123]
[V3A-FEAS] diagnostic only: active lazy cut remains unchanged in v3a
[V3A-FEAS] front_prune_tests_run=6
[V3A-FEAS] infeasible route detected
[V3A-FEAS] route_arc_ids=[0, 3595, 3632, 3542, 2397, 3093, 1720, 3613, 3571]
[V3A-FEAS] route_len=9 skeleton_len=18 fail_i=10
[V3A-FEAS] failed_skeleton_edge=C12->C16
[V3A-FEAS] covering_arc_pos=5 covering_arc_id=3093
[V3A-FEAS] current_full_route_cut_size=9
[V3A-FEAS] prefix_through_failure_size=6 prefix_arc_ids=[0, 3595, 3632, 3542, 2397, 3093]
[V3A-FEAS] front_prune_test start_pos=0 candidate_size=6 candidate_ok=False candidate_fail_i=10 candidate_skeleton_len=12 candidate_arc_ids=[0, 3595, 3632, 3542, 2397, 3093]
[V3A-FEAS] front_prune_test start_pos=1 candidate_size=5 candidate_ok=False candidate_fail_i=9 candidate_skeleton_len=11 candidate_arc_ids=[3595, 3632, 3542, 2397, 3093]
[V3A-FEAS] front_prune_test start_pos=2 candidate_size=4 candidate_ok=True candidate_fail_i=None candidate_skeleton_len=9 candidate_arc_ids=[3632, 3542, 2397, 3093]
[V3A-FEAS] front_prune_test start_pos=3 candidate_size=3 candidate_ok=True candidate_fail_i=None candidate_skeleton_len=7 candidate_arc_ids=[3542, 2397, 3093]
[V3A-FEAS] front_prune_test start_pos=4 candidate_size=2 candidate_ok=True candidate_fail_i=None candidate_skeleton_len=5 candidate_arc_ids=[2397, 3093]
[V3A-FEAS] front_prune_test start_pos=5 candidate_size=1 candidate_ok=True candidate_fail_i=None candidate_skeleton_len=3 candidate_arc_ids=[3093]
[V3A-FEAS] smallest_observed_front_pruned_bad_size=5
[V3A-FEAS] smallest_observed_front_pruned_bad_arc_ids=[3595, 3632, 3542, 2397, 3093]
[V3A-FEAS] diagnostic only: active lazy cut remains unchanged in v3a
[V3A-FEAS] front_prune_tests_run=6
[V3A-FEAS] infeasible route detected
[V3A-FEAS] route_arc_ids=[6, 3543, 2391, 3595, 3630, 3611, 1844, 1686]
[V3A-FEAS] route_len=8 skeleton_len=18 fail_i=13
[V3A-FEAS] failed_skeleton_edge=C9->C16
[V3A-FEAS] covering_arc_pos=6 covering_arc_id=1844
[V3A-FEAS] current_full_route_cut_size=8
[V3A-FEAS] prefix_through_failure_size=7 prefix_arc_ids=[6, 3543, 2391, 3595, 3630, 3611, 1844]
[V3A-FEAS] front_prune_test start_pos=0 candidate_size=7 candidate_ok=False candidate_fail_i=13 candidate_skeleton_len=15 candidate_arc_ids=[6, 3543, 2391, 3595, 3630, 3611, 1844]
[V3A-FEAS] front_prune_test start_pos=1 candidate_size=6 candidate_ok=False candidate_fail_i=12 candidate_skeleton_len=14 candidate_arc_ids=[3543, 2391, 3595, 3630, 3611, 1844]
[V3A-FEAS] front_prune_test start_pos=2 candidate_size=5 candidate_ok=False candidate_fail_i=10 candidate_skeleton_len=12 candidate_arc_ids=[2391, 3595, 3630, 3611, 1844]
[V3A-FEAS] front_prune_test start_pos=3 candidate_size=4 candidate_ok=False candidate_fail_i=8 candidate_skeleton_len=10 candidate_arc_ids=[3595, 3630, 3611, 1844]
[V3A-FEAS] front_prune_test start_pos=4 candidate_size=3 candidate_ok=False candidate_fail_i=6 candidate_skeleton_len=8 candidate_arc_ids=[3630, 3611, 1844]
[V3A-FEAS] front_prune_test start_pos=5 candidate_size=2 candidate_ok=False candidate_fail_i=4 candidate_skeleton_len=6 candidate_arc_ids=[3611, 1844]
[V3A-FEAS] front_prune_test start_pos=6 candidate_size=1 candidate_ok=True candidate_fail_i=None candidate_skeleton_len=4 candidate_arc_ids=[1844]
[V3A-FEAS] smallest_observed_front_pruned_bad_size=2
[V3A-FEAS] smallest_observed_front_pruned_bad_arc_ids=[3611, 1844]
[V3A-FEAS] diagnostic only: active lazy cut remains unchanged in v3a
[V3A-FEAS] front_prune_tests_run=7
[V3A-FEAS] infeasible route detected
[V3A-FEAS] route_arc_ids=[0, 3595, 3632, 3542, 2403, 1986, 3577, 3072]
[V3A-FEAS] route_len=8 skeleton_len=18 fail_i=8
[V3A-FEAS] failed_skeleton_edge=C5->C16
[V3A-FEAS] covering_arc_pos=4 covering_arc_id=2403
[V3A-FEAS] current_full_route_cut_size=8
[V3A-FEAS] prefix_through_failure_size=5 prefix_arc_ids=[0, 3595, 3632, 3542, 2403]
[V3A-FEAS] front_prune_test start_pos=0 candidate_size=5 candidate_ok=False candidate_fail_i=8 candidate_skeleton_len=10 candidate_arc_ids=[0, 3595, 3632, 3542, 2403]
[V3A-FEAS] front_prune_test start_pos=1 candidate_size=4 candidate_ok=False candidate_fail_i=7 candidate_skeleton_len=9 candidate_arc_ids=[3595, 3632, 3542, 2403]
[V3A-FEAS] front_prune_test start_pos=2 candidate_size=3 candidate_ok=True candidate_fail_i=None candidate_skeleton_len=7 candidate_arc_ids=[3632, 3542, 2403]
[V3A-FEAS] front_prune_test start_pos=3 candidate_size=2 candidate_ok=True candidate_fail_i=None candidate_skeleton_len=5 candidate_arc_ids=[3542, 2403]
[V3A-FEAS] front_prune_test start_pos=4 candidate_size=1 candidate_ok=True candidate_fail_i=None candidate_skeleton_len=3 candidate_arc_ids=[2403]
[V3A-FEAS] smallest_observed_front_pruned_bad_size=4
[V3A-FEAS] smallest_observed_front_pruned_bad_arc_ids=[3595, 3632, 3542, 2403]
[V3A-FEAS] diagnostic only: active lazy cut remains unchanged in v3a
[V3A-FEAS] front_prune_tests_run=5
[V3A-FEAS] infeasible route detected
[V3A-FEAS] route_arc_ids=[0, 3595, 3632, 3542, 2403, 1720, 3611, 3576, 3072]
[V3A-FEAS] route_len=9 skeleton_len=18 fail_i=8
[V3A-FEAS] failed_skeleton_edge=C5->C16
[V3A-FEAS] covering_arc_pos=4 covering_arc_id=2403
[V3A-FEAS] current_full_route_cut_size=9
[V3A-FEAS] prefix_through_failure_size=5 prefix_arc_ids=[0, 3595, 3632, 3542, 2403]
[V3A-FEAS] front_prune_test start_pos=0 candidate_size=5 candidate_ok=False candidate_fail_i=8 candidate_skeleton_len=10 candidate_arc_ids=[0, 3595, 3632, 3542, 2403]
[V3A-FEAS] front_prune_test start_pos=1 candidate_size=4 candidate_ok=False candidate_fail_i=7 candidate_skeleton_len=9 candidate_arc_ids=[3595, 3632, 3542, 2403]
[V3A-FEAS] front_prune_test start_pos=2 candidate_size=3 candidate_ok=True candidate_fail_i=None candidate_skeleton_len=7 candidate_arc_ids=[3632, 3542, 2403]
[V3A-FEAS] front_prune_test start_pos=3 candidate_size=2 candidate_ok=True candidate_fail_i=None candidate_skeleton_len=5 candidate_arc_ids=[3542, 2403]
[V3A-FEAS] front_prune_test start_pos=4 candidate_size=1 candidate_ok=True candidate_fail_i=None candidate_skeleton_len=3 candidate_arc_ids=[2403]
[V3A-FEAS] smallest_observed_front_pruned_bad_size=4
[V3A-FEAS] smallest_observed_front_pruned_bad_arc_ids=[3595, 3632, 3542, 2403]
[V3A-FEAS] diagnostic only: active lazy cut remains unchanged in v3a
[V3A-FEAS] front_prune_tests_run=5
[V3A-FEAS] infeasible route detected
[V3A-FEAS] route_arc_ids=[0, 3595, 3632, 3543, 2399, 3611, 1845, 1685]
[V3A-FEAS] route_len=8 skeleton_len=18 fail_i=13
[V3A-FEAS] failed_skeleton_edge=C9->C16
[V3A-FEAS] covering_arc_pos=6 covering_arc_id=1845
[V3A-FEAS] current_full_route_cut_size=8
[V3A-FEAS] prefix_through_failure_size=7 prefix_arc_ids=[0, 3595, 3632, 3543, 2399, 3611, 1845]
[V3A-FEAS] front_prune_test start_pos=0 candidate_size=7 candidate_ok=False candidate_fail_i=13 candidate_skeleton_len=15 candidate_arc_ids=[0, 3595, 3632, 3543, 2399, 3611, 1845]
[V3A-FEAS] front_prune_test start_pos=1 candidate_size=6 candidate_ok=False candidate_fail_i=12 candidate_skeleton_len=14 candidate_arc_ids=[3595, 3632, 3543, 2399, 3611, 1845]
[V3A-FEAS] front_prune_test start_pos=2 candidate_size=5 candidate_ok=False candidate_fail_i=10 candidate_skeleton_len=12 candidate_arc_ids=[3632, 3543, 2399, 3611, 1845]
[V3A-FEAS] front_prune_test start_pos=3 candidate_size=4 candidate_ok=False candidate_fail_i=8 candidate_skeleton_len=10 candidate_arc_ids=[3543, 2399, 3611, 1845]
[V3A-FEAS] front_prune_test start_pos=4 candidate_size=3 candidate_ok=False candidate_fail_i=6 candidate_skeleton_len=8 candidate_arc_ids=[2399, 3611, 1845]
[V3A-FEAS] front_prune_test start_pos=5 candidate_size=2 candidate_ok=False candidate_fail_i=4 candidate_skeleton_len=6 candidate_arc_ids=[3611, 1845]
[V3A-FEAS] front_prune_test start_pos=6 candidate_size=1 candidate_ok=True candidate_fail_i=None candidate_skeleton_len=4 candidate_arc_ids=[1845]
[V3A-FEAS] smallest_observed_front_pruned_bad_size=2
[V3A-FEAS] smallest_observed_front_pruned_bad_arc_ids=[3611, 1845]
[V3A-FEAS] diagnostic only: active lazy cut remains unchanged in v3a
[V3A-FEAS] front_prune_tests_run=7
[V3A-FEAS] infeasible route detected
[V3A-FEAS] route_arc_ids=[0, 3595, 3632, 3543, 2397, 3085, 2251, 3571]
[V3A-FEAS] route_len=8 skeleton_len=18 fail_i=11
[V3A-FEAS] failed_skeleton_edge=C11->C16
[V3A-FEAS] covering_arc_pos=6 covering_arc_id=2251
[V3A-FEAS] current_full_route_cut_size=8
[V3A-FEAS] prefix_through_failure_size=7 prefix_arc_ids=[0, 3595, 3632, 3543, 2397, 3085, 2251]
[V3A-FEAS] front_prune_test start_pos=0 candidate_size=7 candidate_ok=False candidate_fail_i=11 candidate_skeleton_len=16 candidate_arc_ids=[0, 3595, 3632, 3543, 2397, 3085, 2251]
[V3A-FEAS] front_prune_test start_pos=1 candidate_size=6 candidate_ok=False candidate_fail_i=10 candidate_skeleton_len=15 candidate_arc_ids=[3595, 3632, 3543, 2397, 3085, 2251]
[V3A-FEAS] front_prune_test start_pos=2 candidate_size=5 candidate_ok=True candidate_fail_i=None candidate_skeleton_len=13 candidate_arc_ids=[3632, 3543, 2397, 3085, 2251]
[V3A-FEAS] front_prune_test start_pos=3 candidate_size=4 candidate_ok=True candidate_fail_i=None candidate_skeleton_len=11 candidate_arc_ids=[3543, 2397, 3085, 2251]
[V3A-FEAS] front_prune_test start_pos=4 candidate_size=3 candidate_ok=True candidate_fail_i=None candidate_skeleton_len=9 candidate_arc_ids=[2397, 3085, 2251]
[V3A-FEAS] front_prune_test start_pos=5 candidate_size=2 candidate_ok=True candidate_fail_i=None candidate_skeleton_len=7 candidate_arc_ids=[3085, 2251]
[V3A-FEAS] front_prune_test start_pos=6 candidate_size=1 candidate_ok=True candidate_fail_i=None candidate_skeleton_len=5 candidate_arc_ids=[2251]
[V3A-FEAS] smallest_observed_front_pruned_bad_size=6
[V3A-FEAS] smallest_observed_front_pruned_bad_arc_ids=[3595, 3632, 3543, 2397, 3085, 2251]
[V3A-FEAS] diagnostic only: active lazy cut remains unchanged in v3a
[V3A-FEAS] front_prune_tests_run=7
[V3A-FEAS] infeasible route detected
[V3A-FEAS] route_arc_ids=[0, 3595, 3632, 3542, 2395, 3585, 1720, 3614, 3072]
[V3A-FEAS] route_len=9 skeleton_len=18 fail_i=10
[V3A-FEAS] failed_skeleton_edge=C9->C16
[V3A-FEAS] covering_arc_pos=5 covering_arc_id=3585
[V3A-FEAS] current_full_route_cut_size=9
[V3A-FEAS] prefix_through_failure_size=6 prefix_arc_ids=[0, 3595, 3632, 3542, 2395, 3585]
[V3A-FEAS] front_prune_test start_pos=0 candidate_size=6 candidate_ok=False candidate_fail_i=10 candidate_skeleton_len=12 candidate_arc_ids=[0, 3595, 3632, 3542, 2395, 3585]
[V3A-FEAS] front_prune_test start_pos=1 candidate_size=5 candidate_ok=False candidate_fail_i=9 candidate_skeleton_len=11 candidate_arc_ids=[3595, 3632, 3542, 2395, 3585]
[V3A-FEAS] front_prune_test start_pos=2 candidate_size=4 candidate_ok=False candidate_fail_i=7 candidate_skeleton_len=9 candidate_arc_ids=[3632, 3542, 2395, 3585]
[V3A-FEAS] front_prune_test start_pos=3 candidate_size=3 candidate_ok=False candidate_fail_i=5 candidate_skeleton_len=7 candidate_arc_ids=[3542, 2395, 3585]
[V3A-FEAS] front_prune_test start_pos=4 candidate_size=2 candidate_ok=False candidate_fail_i=3 candidate_skeleton_len=5 candidate_arc_ids=[2395, 3585]
[V3A-FEAS] front_prune_test start_pos=5 candidate_size=1 candidate_ok=True candidate_fail_i=None candidate_skeleton_len=3 candidate_arc_ids=[3585]
[V3A-FEAS] smallest_observed_front_pruned_bad_size=2
[V3A-FEAS] smallest_observed_front_pruned_bad_arc_ids=[2395, 3585]
[V3A-FEAS] diagnostic only: active lazy cut remains unchanged in v3a
[V3A-FEAS] front_prune_tests_run=6
[V3A-FEAS] infeasible route detected
[V3A-FEAS] route_arc_ids=[0, 3595, 3632, 3542, 2399, 3612, 1844, 1685]
[V3A-FEAS] route_len=8 skeleton_len=18 fail_i=13
[V3A-FEAS] failed_skeleton_edge=C9->C16
[V3A-FEAS] covering_arc_pos=6 covering_arc_id=1844
[V3A-FEAS] current_full_route_cut_size=8
[V3A-FEAS] prefix_through_failure_size=7 prefix_arc_ids=[0, 3595, 3632, 3542, 2399, 3612, 1844]
[V3A-FEAS] front_prune_test start_pos=0 candidate_size=7 candidate_ok=False candidate_fail_i=13 candidate_skeleton_len=15 candidate_arc_ids=[0, 3595, 3632, 3542, 2399, 3612, 1844]
[V3A-FEAS] front_prune_test start_pos=1 candidate_size=6 candidate_ok=False candidate_fail_i=12 candidate_skeleton_len=14 candidate_arc_ids=[3595, 3632, 3542, 2399, 3612, 1844]
[V3A-FEAS] front_prune_test start_pos=2 candidate_size=5 candidate_ok=False candidate_fail_i=10 candidate_skeleton_len=12 candidate_arc_ids=[3632, 3542, 2399, 3612, 1844]
[V3A-FEAS] front_prune_test start_pos=3 candidate_size=4 candidate_ok=False candidate_fail_i=8 candidate_skeleton_len=10 candidate_arc_ids=[3542, 2399, 3612, 1844]
[V3A-FEAS] front_prune_test start_pos=4 candidate_size=3 candidate_ok=False candidate_fail_i=6 candidate_skeleton_len=8 candidate_arc_ids=[2399, 3612, 1844]
[V3A-FEAS] front_prune_test start_pos=5 candidate_size=2 candidate_ok=False candidate_fail_i=4 candidate_skeleton_len=6 candidate_arc_ids=[3612, 1844]
[V3A-FEAS] front_prune_test start_pos=6 candidate_size=1 candidate_ok=True candidate_fail_i=None candidate_skeleton_len=4 candidate_arc_ids=[1844]
[V3A-FEAS] smallest_observed_front_pruned_bad_size=2
[V3A-FEAS] smallest_observed_front_pruned_bad_arc_ids=[3612, 1844]
[V3A-FEAS] diagnostic only: active lazy cut remains unchanged in v3a
[V3A-FEAS] front_prune_tests_run=7
[V3A-FEAS] infeasible route detected
[V3A-FEAS] route_arc_ids=[0, 3595, 3632, 3542, 2399, 2250, 1828]
[V3A-FEAS] route_len=7 skeleton_len=18 fail_i=9
[V3A-FEAS] failed_skeleton_edge=C11->C16
[V3A-FEAS] covering_arc_pos=5 covering_arc_id=2250
[V3A-FEAS] current_full_route_cut_size=7
[V3A-FEAS] prefix_through_failure_size=6 prefix_arc_ids=[0, 3595, 3632, 3542, 2399, 2250]
[V3A-FEAS] front_prune_test start_pos=0 candidate_size=6 candidate_ok=False candidate_fail_i=9 candidate_skeleton_len=14 candidate_arc_ids=[0, 3595, 3632, 3542, 2399, 2250]
[V3A-FEAS] front_prune_test start_pos=1 candidate_size=5 candidate_ok=False candidate_fail_i=8 candidate_skeleton_len=13 candidate_arc_ids=[3595, 3632, 3542, 2399, 2250]
[V3A-FEAS] front_prune_test start_pos=2 candidate_size=4 candidate_ok=True candidate_fail_i=None candidate_skeleton_len=11 candidate_arc_ids=[3632, 3542, 2399, 2250]
[V3A-FEAS] front_prune_test start_pos=3 candidate_size=3 candidate_ok=True candidate_fail_i=None candidate_skeleton_len=9 candidate_arc_ids=[3542, 2399, 2250]
[V3A-FEAS] front_prune_test start_pos=4 candidate_size=2 candidate_ok=True candidate_fail_i=None candidate_skeleton_len=7 candidate_arc_ids=[2399, 2250]
[V3A-FEAS] front_prune_test start_pos=5 candidate_size=1 candidate_ok=True candidate_fail_i=None candidate_skeleton_len=5 candidate_arc_ids=[2250]
[V3A-FEAS] smallest_observed_front_pruned_bad_size=5
[V3A-FEAS] smallest_observed_front_pruned_bad_arc_ids=[3595, 3632, 3542, 2399, 2250]
[V3A-FEAS] diagnostic only: active lazy cut remains unchanged in v3a
[V3A-FEAS] front_prune_tests_run=6
[V3A-FEAS] infeasible route detected
[V3A-FEAS] route_arc_ids=[0, 3595, 3632, 3542, 2397, 3084, 3611, 3584, 1715]
[V3A-FEAS] route_len=9 skeleton_len=18 fail_i=14
[V3A-FEAS] failed_skeleton_edge=C9->C16
[V3A-FEAS] covering_arc_pos=7 covering_arc_id=3584
[V3A-FEAS] current_full_route_cut_size=9
[V3A-FEAS] prefix_through_failure_size=8 prefix_arc_ids=[0, 3595, 3632, 3542, 2397, 3084, 3611, 3584]
[V3A-FEAS] front_prune_test start_pos=0 candidate_size=8 candidate_ok=False candidate_fail_i=14 candidate_skeleton_len=16 candidate_arc_ids=[0, 3595, 3632, 3542, 2397, 3084, 3611, 3584]
[V3A-FEAS] front_prune_test start_pos=1 candidate_size=7 candidate_ok=False candidate_fail_i=13 candidate_skeleton_len=15 candidate_arc_ids=[3595, 3632, 3542, 2397, 3084, 3611, 3584]
[V3A-FEAS] front_prune_test start_pos=2 candidate_size=6 candidate_ok=False candidate_fail_i=11 candidate_skeleton_len=13 candidate_arc_ids=[3632, 3542, 2397, 3084, 3611, 3584]
[V3A-FEAS] front_prune_test start_pos=3 candidate_size=5 candidate_ok=False candidate_fail_i=9 candidate_skeleton_len=11 candidate_arc_ids=[3542, 2397, 3084, 3611, 3584]
[V3A-FEAS] front_prune_test start_pos=4 candidate_size=4 candidate_ok=False candidate_fail_i=7 candidate_skeleton_len=9 candidate_arc_ids=[2397, 3084, 3611, 3584]
[V3A-FEAS] front_prune_test start_pos=5 candidate_size=3 candidate_ok=False candidate_fail_i=5 candidate_skeleton_len=7 candidate_arc_ids=[3084, 3611, 3584]
[V3A-FEAS] front_prune_test start_pos=6 candidate_size=2 candidate_ok=False candidate_fail_i=3 candidate_skeleton_len=5 candidate_arc_ids=[3611, 3584]
[V3A-FEAS] front_prune_test start_pos=7 candidate_size=1 candidate_ok=True candidate_fail_i=None candidate_skeleton_len=3 candidate_arc_ids=[3584]
[V3A-FEAS] smallest_observed_front_pruned_bad_size=2
[V3A-FEAS] smallest_observed_front_pruned_bad_arc_ids=[3611, 3584]
[V3A-FEAS] diagnostic only: active lazy cut remains unchanged in v3a
[V3A-FEAS] front_prune_tests_run=8
[V3A-FEAS] infeasible route detected
[V3A-FEAS] route_arc_ids=[0, 3595, 3632, 3542, 2399, 3122, 149]
[V3A-FEAS] route_len=7 skeleton_len=18 fail_i=9
[V3A-FEAS] failed_skeleton_edge=C11->C16
[V3A-FEAS] covering_arc_pos=5 covering_arc_id=3122
[V3A-FEAS] current_full_route_cut_size=7
[V3A-FEAS] prefix_through_failure_size=6 prefix_arc_ids=[0, 3595, 3632, 3542, 2399, 3122]
[V3A-FEAS] front_prune_test start_pos=0 candidate_size=6 candidate_ok=False candidate_fail_i=9 candidate_skeleton_len=13 candidate_arc_ids=[0, 3595, 3632, 3542, 2399, 3122]
[V3A-FEAS] front_prune_test start_pos=1 candidate_size=5 candidate_ok=False candidate_fail_i=8 candidate_skeleton_len=12 candidate_arc_ids=[3595, 3632, 3542, 2399, 3122]
[V3A-FEAS] front_prune_test start_pos=2 candidate_size=4 candidate_ok=True candidate_fail_i=None candidate_skeleton_len=10 candidate_arc_ids=[3632, 3542, 2399, 3122]
[V3A-FEAS] front_prune_test start_pos=3 candidate_size=3 candidate_ok=True candidate_fail_i=None candidate_skeleton_len=8 candidate_arc_ids=[3542, 2399, 3122]
[V3A-FEAS] front_prune_test start_pos=4 candidate_size=2 candidate_ok=True candidate_fail_i=None candidate_skeleton_len=6 candidate_arc_ids=[2399, 3122]
[V3A-FEAS] front_prune_test start_pos=5 candidate_size=1 candidate_ok=True candidate_fail_i=None candidate_skeleton_len=4 candidate_arc_ids=[3122]
[V3A-FEAS] smallest_observed_front_pruned_bad_size=5
[V3A-FEAS] smallest_observed_front_pruned_bad_arc_ids=[3595, 3632, 3542, 2399, 3122]
[V3A-FEAS] diagnostic only: active lazy cut remains unchanged in v3a
[V3A-FEAS] front_prune_tests_run=6
[V3A-FEAS] infeasible route detected
[V3A-FEAS] route_arc_ids=[0, 3595, 3632, 3542, 2397, 2577, 2459, 1910]
[V3A-FEAS] route_len=8 skeleton_len=18 fail_i=9
[V3A-FEAS] failed_skeleton_edge=C10->C16
[V3A-FEAS] covering_arc_pos=5 covering_arc_id=2577
[V3A-FEAS] current_full_route_cut_size=8
[V3A-FEAS] prefix_through_failure_size=6 prefix_arc_ids=[0, 3595, 3632, 3542, 2397, 2577]
[V3A-FEAS] front_prune_test start_pos=0 candidate_size=6 candidate_ok=False candidate_fail_i=9 candidate_skeleton_len=13 candidate_arc_ids=[0, 3595, 3632, 3542, 2397, 2577]
[V3A-FEAS] front_prune_test start_pos=1 candidate_size=5 candidate_ok=False candidate_fail_i=8 candidate_skeleton_len=12 candidate_arc_ids=[3595, 3632, 3542, 2397, 2577]
[V3A-FEAS] front_prune_test start_pos=2 candidate_size=4 candidate_ok=True candidate_fail_i=None candidate_skeleton_len=10 candidate_arc_ids=[3632, 3542, 2397, 2577]
[V3A-FEAS] front_prune_test start_pos=3 candidate_size=3 candidate_ok=True candidate_fail_i=None candidate_skeleton_len=8 candidate_arc_ids=[3542, 2397, 2577]
[V3A-FEAS] front_prune_test start_pos=4 candidate_size=2 candidate_ok=True candidate_fail_i=None candidate_skeleton_len=6 candidate_arc_ids=[2397, 2577]
[V3A-FEAS] front_prune_test start_pos=5 candidate_size=1 candidate_ok=True candidate_fail_i=None candidate_skeleton_len=4 candidate_arc_ids=[2577]
[V3A-FEAS] smallest_observed_front_pruned_bad_size=5
[V3A-FEAS] smallest_observed_front_pruned_bad_arc_ids=[3595, 3632, 3542, 2397, 2577]
[V3A-FEAS] diagnostic only: active lazy cut remains unchanged in v3a
[V3A-FEAS] front_prune_tests_run=6
[V3A-FEAS] infeasible route detected
[V3A-FEAS] route_arc_ids=[0, 3595, 3632, 3542, 2397, 3084, 3611, 3411]
[V3A-FEAS] route_len=8 skeleton_len=18 fail_i=13
[V3A-FEAS] failed_skeleton_edge=C7->C16
[V3A-FEAS] covering_arc_pos=7 covering_arc_id=3411
[V3A-FEAS] current_full_route_cut_size=8
[V3A-FEAS] prefix_through_failure_size=8 prefix_arc_ids=[0, 3595, 3632, 3542, 2397, 3084, 3611, 3411]
[V3A-FEAS] front_prune_test start_pos=0 candidate_size=8 candidate_ok=False candidate_fail_i=13 candidate_skeleton_len=18 candidate_arc_ids=[0, 3595, 3632, 3542, 2397, 3084, 3611, 3411]
[V3A-FEAS] front_prune_test start_pos=1 candidate_size=7 candidate_ok=False candidate_fail_i=12 candidate_skeleton_len=17 candidate_arc_ids=[3595, 3632, 3542, 2397, 3084, 3611, 3411]
[V3A-FEAS] front_prune_test start_pos=2 candidate_size=6 candidate_ok=False candidate_fail_i=10 candidate_skeleton_len=15 candidate_arc_ids=[3632, 3542, 2397, 3084, 3611, 3411]
[V3A-FEAS] front_prune_test start_pos=3 candidate_size=5 candidate_ok=False candidate_fail_i=8 candidate_skeleton_len=13 candidate_arc_ids=[3542, 2397, 3084, 3611, 3411]
[V3A-FEAS] front_prune_test start_pos=4 candidate_size=4 candidate_ok=False candidate_fail_i=6 candidate_skeleton_len=11 candidate_arc_ids=[2397, 3084, 3611, 3411]
[V3A-FEAS] front_prune_test start_pos=5 candidate_size=3 candidate_ok=False candidate_fail_i=4 candidate_skeleton_len=9 candidate_arc_ids=[3084, 3611, 3411]
[V3A-FEAS] front_prune_test start_pos=6 candidate_size=2 candidate_ok=False candidate_fail_i=2 candidate_skeleton_len=7 candidate_arc_ids=[3611, 3411]
[V3A-FEAS] front_prune_test start_pos=7 candidate_size=1 candidate_ok=True candidate_fail_i=None candidate_skeleton_len=5 candidate_arc_ids=[3411]
[V3A-FEAS] smallest_observed_front_pruned_bad_size=2
[V3A-FEAS] smallest_observed_front_pruned_bad_arc_ids=[3611, 3411]
[V3A-FEAS] diagnostic only: active lazy cut remains unchanged in v3a
[V3A-FEAS] front_prune_tests_run=8
[V3A-FEAS] infeasible route detected
[V3A-FEAS] route_arc_ids=[0, 3595, 3632, 3543, 2397, 3084, 3611, 3585, 1715]
[V3A-FEAS] route_len=9 skeleton_len=18 fail_i=14
[V3A-FEAS] failed_skeleton_edge=C9->C16
[V3A-FEAS] covering_arc_pos=7 covering_arc_id=3585
[V3A-FEAS] current_full_route_cut_size=9
[V3A-FEAS] prefix_through_failure_size=8 prefix_arc_ids=[0, 3595, 3632, 3543, 2397, 3084, 3611, 3585]
[V3A-FEAS] front_prune_test start_pos=0 candidate_size=8 candidate_ok=False candidate_fail_i=14 candidate_skeleton_len=16 candidate_arc_ids=[0, 3595, 3632, 3543, 2397, 3084, 3611, 3585]
[V3A-FEAS] front_prune_test start_pos=1 candidate_size=7 candidate_ok=False candidate_fail_i=13 candidate_skeleton_len=15 candidate_arc_ids=[3595, 3632, 3543, 2397, 3084, 3611, 3585]
[V3A-FEAS] front_prune_test start_pos=2 candidate_size=6 candidate_ok=False candidate_fail_i=11 candidate_skeleton_len=13 candidate_arc_ids=[3632, 3543, 2397, 3084, 3611, 3585]
[V3A-FEAS] front_prune_test start_pos=3 candidate_size=5 candidate_ok=False candidate_fail_i=9 candidate_skeleton_len=11 candidate_arc_ids=[3543, 2397, 3084, 3611, 3585]
[V3A-FEAS] front_prune_test start_pos=4 candidate_size=4 candidate_ok=False candidate_fail_i=7 candidate_skeleton_len=9 candidate_arc_ids=[2397, 3084, 3611, 3585]
[V3A-FEAS] front_prune_test start_pos=5 candidate_size=3 candidate_ok=False candidate_fail_i=5 candidate_skeleton_len=7 candidate_arc_ids=[3084, 3611, 3585]
[V3A-FEAS] front_prune_test start_pos=6 candidate_size=2 candidate_ok=False candidate_fail_i=3 candidate_skeleton_len=5 candidate_arc_ids=[3611, 3585]
[V3A-FEAS] front_prune_test start_pos=7 candidate_size=1 candidate_ok=True candidate_fail_i=None candidate_skeleton_len=3 candidate_arc_ids=[3585]
[V3A-FEAS] smallest_observed_front_pruned_bad_size=2
[V3A-FEAS] smallest_observed_front_pruned_bad_arc_ids=[3611, 3585]
[V3A-FEAS] diagnostic only: active lazy cut remains unchanged in v3a
[V3A-FEAS] front_prune_tests_run=8
[V3A-FEAS] infeasible route detected
[V3A-FEAS] route_arc_ids=[0, 3595, 3632, 3542, 2399, 2249, 1828]
[V3A-FEAS] route_len=7 skeleton_len=18 fail_i=9
[V3A-FEAS] failed_skeleton_edge=C11->C16
[V3A-FEAS] covering_arc_pos=5 covering_arc_id=2249
[V3A-FEAS] current_full_route_cut_size=7
[V3A-FEAS] prefix_through_failure_size=6 prefix_arc_ids=[0, 3595, 3632, 3542, 2399, 2249]
[V3A-FEAS] front_prune_test start_pos=0 candidate_size=6 candidate_ok=False candidate_fail_i=9 candidate_skeleton_len=14 candidate_arc_ids=[0, 3595, 3632, 3542, 2399, 2249]
[V3A-FEAS] front_prune_test start_pos=1 candidate_size=5 candidate_ok=False candidate_fail_i=8 candidate_skeleton_len=13 candidate_arc_ids=[3595, 3632, 3542, 2399, 2249]
[V3A-FEAS] front_prune_test start_pos=2 candidate_size=4 candidate_ok=True candidate_fail_i=None candidate_skeleton_len=11 candidate_arc_ids=[3632, 3542, 2399, 2249]
[V3A-FEAS] front_prune_test start_pos=3 candidate_size=3 candidate_ok=True candidate_fail_i=None candidate_skeleton_len=9 candidate_arc_ids=[3542, 2399, 2249]
[V3A-FEAS] front_prune_test start_pos=4 candidate_size=2 candidate_ok=True candidate_fail_i=None candidate_skeleton_len=7 candidate_arc_ids=[2399, 2249]
[V3A-FEAS] front_prune_test start_pos=5 candidate_size=1 candidate_ok=True candidate_fail_i=None candidate_skeleton_len=5 candidate_arc_ids=[2249]
[V3A-FEAS] smallest_observed_front_pruned_bad_size=5
[V3A-FEAS] smallest_observed_front_pruned_bad_arc_ids=[3595, 3632, 3542, 2399, 2249]
[V3A-FEAS] diagnostic only: active lazy cut remains unchanged in v3a
[V3A-FEAS] front_prune_tests_run=6
[V3A-FEAS] infeasible route detected
[V3A-FEAS] route_arc_ids=[0, 3595, 3632, 3542, 2399, 2250, 3577, 3072]
[V3A-FEAS] route_len=8 skeleton_len=18 fail_i=9
[V3A-FEAS] failed_skeleton_edge=C11->C16
[V3A-FEAS] covering_arc_pos=5 covering_arc_id=2250
[V3A-FEAS] current_full_route_cut_size=8
[V3A-FEAS] prefix_through_failure_size=6 prefix_arc_ids=[0, 3595, 3632, 3542, 2399, 2250]
[V3A-FEAS] front_prune_test start_pos=0 candidate_size=6 candidate_ok=False candidate_fail_i=9 candidate_skeleton_len=14 candidate_arc_ids=[0, 3595, 3632, 3542, 2399, 2250]
[V3A-FEAS] front_prune_test start_pos=1 candidate_size=5 candidate_ok=False candidate_fail_i=8 candidate_skeleton_len=13 candidate_arc_ids=[3595, 3632, 3542, 2399, 2250]
[V3A-FEAS] front_prune_test start_pos=2 candidate_size=4 candidate_ok=True candidate_fail_i=None candidate_skeleton_len=11 candidate_arc_ids=[3632, 3542, 2399, 2250]
[V3A-FEAS] front_prune_test start_pos=3 candidate_size=3 candidate_ok=True candidate_fail_i=None candidate_skeleton_len=9 candidate_arc_ids=[3542, 2399, 2250]
[V3A-FEAS] front_prune_test start_pos=4 candidate_size=2 candidate_ok=True candidate_fail_i=None candidate_skeleton_len=7 candidate_arc_ids=[2399, 2250]
[V3A-FEAS] front_prune_test start_pos=5 candidate_size=1 candidate_ok=True candidate_fail_i=None candidate_skeleton_len=5 candidate_arc_ids=[2250]
[V3A-FEAS] smallest_observed_front_pruned_bad_size=5
[V3A-FEAS] smallest_observed_front_pruned_bad_arc_ids=[3595, 3632, 3542, 2399, 2250]
[V3A-FEAS] diagnostic only: active lazy cut remains unchanged in v3a
[V3A-FEAS] front_prune_tests_run=6
[V3A-FEAS] infeasible route detected
[V3A-FEAS] route_arc_ids=[0, 3595, 3632, 3543, 2399, 3122, 150]
[V3A-FEAS] route_len=7 skeleton_len=18 fail_i=9
[V3A-FEAS] failed_skeleton_edge=C11->C16
[V3A-FEAS] covering_arc_pos=5 covering_arc_id=3122
[V3A-FEAS] current_full_route_cut_size=7
[V3A-FEAS] prefix_through_failure_size=6 prefix_arc_ids=[0, 3595, 3632, 3543, 2399, 3122]
[V3A-FEAS] front_prune_test start_pos=0 candidate_size=6 candidate_ok=False candidate_fail_i=9 candidate_skeleton_len=13 candidate_arc_ids=[0, 3595, 3632, 3543, 2399, 3122]
[V3A-FEAS] front_prune_test start_pos=1 candidate_size=5 candidate_ok=False candidate_fail_i=8 candidate_skeleton_len=12 candidate_arc_ids=[3595, 3632, 3543, 2399, 3122]
[V3A-FEAS] front_prune_test start_pos=2 candidate_size=4 candidate_ok=True candidate_fail_i=None candidate_skeleton_len=10 candidate_arc_ids=[3632, 3543, 2399, 3122]
[V3A-FEAS] front_prune_test start_pos=3 candidate_size=3 candidate_ok=True candidate_fail_i=None candidate_skeleton_len=8 candidate_arc_ids=[3543, 2399, 3122]
[V3A-FEAS] front_prune_test start_pos=4 candidate_size=2 candidate_ok=True candidate_fail_i=None candidate_skeleton_len=6 candidate_arc_ids=[2399, 3122]
[V3A-FEAS] front_prune_test start_pos=5 candidate_size=1 candidate_ok=True candidate_fail_i=None candidate_skeleton_len=4 candidate_arc_ids=[3122]
[V3A-FEAS] smallest_observed_front_pruned_bad_size=5
[V3A-FEAS] smallest_observed_front_pruned_bad_arc_ids=[3595, 3632, 3543, 2399, 3122]
[V3A-FEAS] diagnostic only: active lazy cut remains unchanged in v3a
[V3A-FEAS] front_prune_tests_run=6
[V3A-FEAS] infeasible route detected
[V3A-FEAS] route_arc_ids=[0, 3595, 3632, 3542, 2399, 3122, 2759, 2058]
[V3A-FEAS] route_len=8 skeleton_len=18 fail_i=9
[V3A-FEAS] failed_skeleton_edge=C11->C16
[V3A-FEAS] covering_arc_pos=5 covering_arc_id=3122
[V3A-FEAS] current_full_route_cut_size=8
[V3A-FEAS] prefix_through_failure_size=6 prefix_arc_ids=[0, 3595, 3632, 3542, 2399, 3122]
[V3A-FEAS] front_prune_test start_pos=0 candidate_size=6 candidate_ok=False candidate_fail_i=9 candidate_skeleton_len=13 candidate_arc_ids=[0, 3595, 3632, 3542, 2399, 3122]
[V3A-FEAS] front_prune_test start_pos=1 candidate_size=5 candidate_ok=False candidate_fail_i=8 candidate_skeleton_len=12 candidate_arc_ids=[3595, 3632, 3542, 2399, 3122]
[V3A-FEAS] front_prune_test start_pos=2 candidate_size=4 candidate_ok=True candidate_fail_i=None candidate_skeleton_len=10 candidate_arc_ids=[3632, 3542, 2399, 3122]
[V3A-FEAS] front_prune_test start_pos=3 candidate_size=3 candidate_ok=True candidate_fail_i=None candidate_skeleton_len=8 candidate_arc_ids=[3542, 2399, 3122]
[V3A-FEAS] front_prune_test start_pos=4 candidate_size=2 candidate_ok=True candidate_fail_i=None candidate_skeleton_len=6 candidate_arc_ids=[2399, 3122]
[V3A-FEAS] front_prune_test start_pos=5 candidate_size=1 candidate_ok=True candidate_fail_i=None candidate_skeleton_len=4 candidate_arc_ids=[3122]
[V3A-FEAS] smallest_observed_front_pruned_bad_size=5
[V3A-FEAS] smallest_observed_front_pruned_bad_arc_ids=[3595, 3632, 3542, 2399, 3122]
[V3A-FEAS] diagnostic only: active lazy cut remains unchanged in v3a
[V3A-FEAS] front_prune_tests_run=6
[V3A-FEAS] infeasible route detected
[V3A-FEAS] route_arc_ids=[6, 3542, 2391, 3595, 3629, 2577, 2459, 1911]
[V3A-FEAS] route_len=8 skeleton_len=18 fail_i=9
[V3A-FEAS] failed_skeleton_edge=C10->C16
[V3A-FEAS] covering_arc_pos=5 covering_arc_id=2577
[V3A-FEAS] current_full_route_cut_size=8
[V3A-FEAS] prefix_through_failure_size=6 prefix_arc_ids=[6, 3542, 2391, 3595, 3629, 2577]
[V3A-FEAS] front_prune_test start_pos=0 candidate_size=6 candidate_ok=False candidate_fail_i=9 candidate_skeleton_len=13 candidate_arc_ids=[6, 3542, 2391, 3595, 3629, 2577]
[V3A-FEAS] front_prune_test start_pos=1 candidate_size=5 candidate_ok=False candidate_fail_i=8 candidate_skeleton_len=12 candidate_arc_ids=[3542, 2391, 3595, 3629, 2577]
[V3A-FEAS] front_prune_test start_pos=2 candidate_size=4 candidate_ok=False candidate_fail_i=6 candidate_skeleton_len=10 candidate_arc_ids=[2391, 3595, 3629, 2577]
[V3A-FEAS] front_prune_test start_pos=3 candidate_size=3 candidate_ok=False candidate_fail_i=4 candidate_skeleton_len=8 candidate_arc_ids=[3595, 3629, 2577]
[V3A-FEAS] front_prune_test start_pos=4 candidate_size=2 candidate_ok=True candidate_fail_i=None candidate_skeleton_len=6 candidate_arc_ids=[3629, 2577]
[V3A-FEAS] front_prune_test start_pos=5 candidate_size=1 candidate_ok=True candidate_fail_i=None candidate_skeleton_len=4 candidate_arc_ids=[2577]
[V3A-FEAS] smallest_observed_front_pruned_bad_size=3
[V3A-FEAS] smallest_observed_front_pruned_bad_arc_ids=[3595, 3629, 2577]
[V3A-FEAS] diagnostic only: active lazy cut remains unchanged in v3a
[V3A-FEAS] front_prune_tests_run=6
[V3A-FEAS] infeasible route detected
[V3A-FEAS] route_arc_ids=[0, 3595, 3632, 3543, 2397, 2577, 2459, 1911]
[V3A-FEAS] route_len=8 skeleton_len=18 fail_i=9
[V3A-FEAS] failed_skeleton_edge=C10->C16
[V3A-FEAS] covering_arc_pos=5 covering_arc_id=2577
[V3A-FEAS] current_full_route_cut_size=8
[V3A-FEAS] prefix_through_failure_size=6 prefix_arc_ids=[0, 3595, 3632, 3543, 2397, 2577]
[V3A-FEAS] front_prune_test start_pos=0 candidate_size=6 candidate_ok=False candidate_fail_i=9 candidate_skeleton_len=13 candidate_arc_ids=[0, 3595, 3632, 3543, 2397, 2577]
[V3A-FEAS] front_prune_test start_pos=1 candidate_size=5 candidate_ok=False candidate_fail_i=8 candidate_skeleton_len=12 candidate_arc_ids=[3595, 3632, 3543, 2397, 2577]
[V3A-FEAS] front_prune_test start_pos=2 candidate_size=4 candidate_ok=True candidate_fail_i=None candidate_skeleton_len=10 candidate_arc_ids=[3632, 3543, 2397, 2577]
[V3A-FEAS] front_prune_test start_pos=3 candidate_size=3 candidate_ok=True candidate_fail_i=None candidate_skeleton_len=8 candidate_arc_ids=[3543, 2397, 2577]
[V3A-FEAS] front_prune_test start_pos=4 candidate_size=2 candidate_ok=True candidate_fail_i=None candidate_skeleton_len=6 candidate_arc_ids=[2397, 2577]
[V3A-FEAS] front_prune_test start_pos=5 candidate_size=1 candidate_ok=True candidate_fail_i=None candidate_skeleton_len=4 candidate_arc_ids=[2577]
[V3A-FEAS] smallest_observed_front_pruned_bad_size=5
[V3A-FEAS] smallest_observed_front_pruned_bad_arc_ids=[3595, 3632, 3543, 2397, 2577]
[V3A-FEAS] diagnostic only: active lazy cut remains unchanged in v3a
[V3A-FEAS] front_prune_tests_run=6
[V3A-FEAS] infeasible route detected
[V3A-FEAS] route_arc_ids=[0, 3595, 3632, 3543, 2403, 1720, 3612, 1828]
[V3A-FEAS] route_len=8 skeleton_len=18 fail_i=8
[V3A-FEAS] failed_skeleton_edge=C5->C16
[V3A-FEAS] covering_arc_pos=4 covering_arc_id=2403
[V3A-FEAS] current_full_route_cut_size=8
[V3A-FEAS] prefix_through_failure_size=5 prefix_arc_ids=[0, 3595, 3632, 3543, 2403]
[V3A-FEAS] front_prune_test start_pos=0 candidate_size=5 candidate_ok=False candidate_fail_i=8 candidate_skeleton_len=10 candidate_arc_ids=[0, 3595, 3632, 3543, 2403]
[V3A-FEAS] front_prune_test start_pos=1 candidate_size=4 candidate_ok=False candidate_fail_i=7 candidate_skeleton_len=9 candidate_arc_ids=[3595, 3632, 3543, 2403]
[V3A-FEAS] front_prune_test start_pos=2 candidate_size=3 candidate_ok=True candidate_fail_i=None candidate_skeleton_len=7 candidate_arc_ids=[3632, 3543, 2403]
[V3A-FEAS] front_prune_test start_pos=3 candidate_size=2 candidate_ok=True candidate_fail_i=None candidate_skeleton_len=5 candidate_arc_ids=[3543, 2403]
[V3A-FEAS] front_prune_test start_pos=4 candidate_size=1 candidate_ok=True candidate_fail_i=None candidate_skeleton_len=3 candidate_arc_ids=[2403]
[V3A-FEAS] smallest_observed_front_pruned_bad_size=4
[V3A-FEAS] smallest_observed_front_pruned_bad_arc_ids=[3595, 3632, 3543, 2403]
[V3A-FEAS] diagnostic only: active lazy cut remains unchanged in v3a
[V3A-FEAS] front_prune_tests_run=5
[V3A-FEAS] infeasible route detected
[V3A-FEAS] route_arc_ids=[0, 3595, 3632, 3542, 2399, 3611, 3585, 1719, 3072]
[V3A-FEAS] route_len=9 skeleton_len=18 fail_i=12
[V3A-FEAS] failed_skeleton_edge=C9->C16
[V3A-FEAS] covering_arc_pos=6 covering_arc_id=3585
[V3A-FEAS] current_full_route_cut_size=9
[V3A-FEAS] prefix_through_failure_size=7 prefix_arc_ids=[0, 3595, 3632, 3542, 2399, 3611, 3585]
[V3A-FEAS] front_prune_test start_pos=0 candidate_size=7 candidate_ok=False candidate_fail_i=12 candidate_skeleton_len=14 candidate_arc_ids=[0, 3595, 3632, 3542, 2399, 3611, 3585]
[V3A-FEAS] front_prune_test start_pos=1 candidate_size=6 candidate_ok=False candidate_fail_i=11 candidate_skeleton_len=13 candidate_arc_ids=[3595, 3632, 3542, 2399, 3611, 3585]
[V3A-FEAS] front_prune_test start_pos=2 candidate_size=5 candidate_ok=False candidate_fail_i=9 candidate_skeleton_len=11 candidate_arc_ids=[3632, 3542, 2399, 3611, 3585]
[V3A-FEAS] front_prune_test start_pos=3 candidate_size=4 candidate_ok=False candidate_fail_i=7 candidate_skeleton_len=9 candidate_arc_ids=[3542, 2399, 3611, 3585]
[V3A-FEAS] front_prune_test start_pos=4 candidate_size=3 candidate_ok=False candidate_fail_i=5 candidate_skeleton_len=7 candidate_arc_ids=[2399, 3611, 3585]
[V3A-FEAS] front_prune_test start_pos=5 candidate_size=2 candidate_ok=False candidate_fail_i=3 candidate_skeleton_len=5 candidate_arc_ids=[3611, 3585]
[V3A-FEAS] front_prune_test start_pos=6 candidate_size=1 candidate_ok=True candidate_fail_i=None candidate_skeleton_len=3 candidate_arc_ids=[3585]
[V3A-FEAS] smallest_observed_front_pruned_bad_size=2
[V3A-FEAS] smallest_observed_front_pruned_bad_arc_ids=[3611, 3585]
[V3A-FEAS] diagnostic only: active lazy cut remains unchanged in v3a
[V3A-FEAS] front_prune_tests_run=7
[V3A-FEAS] infeasible route detected
[V3A-FEAS] route_arc_ids=[4, 3613, 1845, 1698, 3543, 2391, 3595, 3626]
[V3A-FEAS] route_len=8 skeleton_len=18 fail_i=5
[V3A-FEAS] failed_skeleton_edge=C9->C16
[V3A-FEAS] covering_arc_pos=2 covering_arc_id=1845
[V3A-FEAS] current_full_route_cut_size=8
[V3A-FEAS] prefix_through_failure_size=3 prefix_arc_ids=[4, 3613, 1845]
[V3A-FEAS] front_prune_test start_pos=0 candidate_size=3 candidate_ok=False candidate_fail_i=5 candidate_skeleton_len=7 candidate_arc_ids=[4, 3613, 1845]
[V3A-FEAS] front_prune_test start_pos=1 candidate_size=2 candidate_ok=False candidate_fail_i=4 candidate_skeleton_len=6 candidate_arc_ids=[3613, 1845]
[V3A-FEAS] front_prune_test start_pos=2 candidate_size=1 candidate_ok=True candidate_fail_i=None candidate_skeleton_len=4 candidate_arc_ids=[1845]
[V3A-FEAS] smallest_observed_front_pruned_bad_size=2
[V3A-FEAS] smallest_observed_front_pruned_bad_arc_ids=[3613, 1845]
[V3A-FEAS] diagnostic only: active lazy cut remains unchanged in v3a
[V3A-FEAS] front_prune_tests_run=3
[V3A-FEAS] infeasible route detected
[V3A-FEAS] route_arc_ids=[0, 3595, 3632, 3543, 2397, 1668, 3611, 3571]
[V3A-FEAS] route_len=8 skeleton_len=18 fail_i=9
[V3A-FEAS] failed_skeleton_edge=C10->C16
[V3A-FEAS] covering_arc_pos=5 covering_arc_id=1668
[V3A-FEAS] current_full_route_cut_size=8
[V3A-FEAS] prefix_through_failure_size=6 prefix_arc_ids=[0, 3595, 3632, 3543, 2397, 1668]
[V3A-FEAS] front_prune_test start_pos=0 candidate_size=6 candidate_ok=False candidate_fail_i=9 candidate_skeleton_len=14 candidate_arc_ids=[0, 3595, 3632, 3543, 2397, 1668]
[V3A-FEAS] front_prune_test start_pos=1 candidate_size=5 candidate_ok=False candidate_fail_i=8 candidate_skeleton_len=13 candidate_arc_ids=[3595, 3632, 3543, 2397, 1668]
[V3A-FEAS] front_prune_test start_pos=2 candidate_size=4 candidate_ok=True candidate_fail_i=None candidate_skeleton_len=11 candidate_arc_ids=[3632, 3543, 2397, 1668]
[V3A-FEAS] front_prune_test start_pos=3 candidate_size=3 candidate_ok=True candidate_fail_i=None candidate_skeleton_len=9 candidate_arc_ids=[3543, 2397, 1668]
[V3A-FEAS] front_prune_test start_pos=4 candidate_size=2 candidate_ok=True candidate_fail_i=None candidate_skeleton_len=7 candidate_arc_ids=[2397, 1668]
[V3A-FEAS] front_prune_test start_pos=5 candidate_size=1 candidate_ok=True candidate_fail_i=None candidate_skeleton_len=5 candidate_arc_ids=[1668]
[V3A-FEAS] smallest_observed_front_pruned_bad_size=5
[V3A-FEAS] smallest_observed_front_pruned_bad_arc_ids=[3595, 3632, 3543, 2397, 1668]
[V3A-FEAS] diagnostic only: active lazy cut remains unchanged in v3a
[V3A-FEAS] front_prune_tests_run=6
[V3A-FEAS] infeasible route detected
[V3A-FEAS] route_arc_ids=[0, 3595, 3632, 3542, 2397, 1670, 3611, 3571]
[V3A-FEAS] route_len=8 skeleton_len=18 fail_i=9
[V3A-FEAS] failed_skeleton_edge=C10->C16
[V3A-FEAS] covering_arc_pos=5 covering_arc_id=1670
[V3A-FEAS] current_full_route_cut_size=8
[V3A-FEAS] prefix_through_failure_size=6 prefix_arc_ids=[0, 3595, 3632, 3542, 2397, 1670]
[V3A-FEAS] front_prune_test start_pos=0 candidate_size=6 candidate_ok=False candidate_fail_i=9 candidate_skeleton_len=14 candidate_arc_ids=[0, 3595, 3632, 3542, 2397, 1670]
[V3A-FEAS] front_prune_test start_pos=1 candidate_size=5 candidate_ok=False candidate_fail_i=8 candidate_skeleton_len=13 candidate_arc_ids=[3595, 3632, 3542, 2397, 1670]
[V3A-FEAS] front_prune_test start_pos=2 candidate_size=4 candidate_ok=True candidate_fail_i=None candidate_skeleton_len=11 candidate_arc_ids=[3632, 3542, 2397, 1670]
[V3A-FEAS] front_prune_test start_pos=3 candidate_size=3 candidate_ok=True candidate_fail_i=None candidate_skeleton_len=9 candidate_arc_ids=[3542, 2397, 1670]
[V3A-FEAS] front_prune_test start_pos=4 candidate_size=2 candidate_ok=True candidate_fail_i=None candidate_skeleton_len=7 candidate_arc_ids=[2397, 1670]
[V3A-FEAS] front_prune_test start_pos=5 candidate_size=1 candidate_ok=True candidate_fail_i=None candidate_skeleton_len=5 candidate_arc_ids=[1670]
[V3A-FEAS] smallest_observed_front_pruned_bad_size=5
[V3A-FEAS] smallest_observed_front_pruned_bad_arc_ids=[3595, 3632, 3542, 2397, 1670]
[V3A-FEAS] diagnostic only: active lazy cut remains unchanged in v3a
[V3A-FEAS] front_prune_tests_run=6
[V3A-FEAS] infeasible route detected
[V3A-FEAS] route_arc_ids=[0, 3595, 3632, 3543, 2399, 3613, 1844, 1685]
[V3A-FEAS] route_len=8 skeleton_len=18 fail_i=13
[V3A-FEAS] failed_skeleton_edge=C9->C16
[V3A-FEAS] covering_arc_pos=6 covering_arc_id=1844
[V3A-FEAS] current_full_route_cut_size=8
[V3A-FEAS] prefix_through_failure_size=7 prefix_arc_ids=[0, 3595, 3632, 3543, 2399, 3613, 1844]
[V3A-FEAS] front_prune_test start_pos=0 candidate_size=7 candidate_ok=False candidate_fail_i=13 candidate_skeleton_len=15 candidate_arc_ids=[0, 3595, 3632, 3543, 2399, 3613, 1844]
[V3A-FEAS] front_prune_test start_pos=1 candidate_size=6 candidate_ok=False candidate_fail_i=12 candidate_skeleton_len=14 candidate_arc_ids=[3595, 3632, 3543, 2399, 3613, 1844]
[V3A-FEAS] front_prune_test start_pos=2 candidate_size=5 candidate_ok=False candidate_fail_i=10 candidate_skeleton_len=12 candidate_arc_ids=[3632, 3543, 2399, 3613, 1844]
[V3A-FEAS] front_prune_test start_pos=3 candidate_size=4 candidate_ok=False candidate_fail_i=8 candidate_skeleton_len=10 candidate_arc_ids=[3543, 2399, 3613, 1844]
[V3A-FEAS] front_prune_test start_pos=4 candidate_size=3 candidate_ok=False candidate_fail_i=6 candidate_skeleton_len=8 candidate_arc_ids=[2399, 3613, 1844]
[V3A-FEAS] front_prune_test start_pos=5 candidate_size=2 candidate_ok=False candidate_fail_i=4 candidate_skeleton_len=6 candidate_arc_ids=[3613, 1844]
[V3A-FEAS] front_prune_test start_pos=6 candidate_size=1 candidate_ok=True candidate_fail_i=None candidate_skeleton_len=4 candidate_arc_ids=[1844]
[V3A-FEAS] smallest_observed_front_pruned_bad_size=2
[V3A-FEAS] smallest_observed_front_pruned_bad_arc_ids=[3613, 1844]
[V3A-FEAS] diagnostic only: active lazy cut remains unchanged in v3a
[V3A-FEAS] front_prune_tests_run=7
[V3A-FEAS] infeasible route detected
[V3A-FEAS] route_arc_ids=[4, 3613, 1844, 1698, 3543, 2391, 3595, 3626]
[V3A-FEAS] route_len=8 skeleton_len=18 fail_i=5
[V3A-FEAS] failed_skeleton_edge=C9->C16
[V3A-FEAS] covering_arc_pos=2 covering_arc_id=1844
[V3A-FEAS] current_full_route_cut_size=8
[V3A-FEAS] prefix_through_failure_size=3 prefix_arc_ids=[4, 3613, 1844]
[V3A-FEAS] front_prune_test start_pos=0 candidate_size=3 candidate_ok=False candidate_fail_i=5 candidate_skeleton_len=7 candidate_arc_ids=[4, 3613, 1844]
[V3A-FEAS] front_prune_test start_pos=1 candidate_size=2 candidate_ok=False candidate_fail_i=4 candidate_skeleton_len=6 candidate_arc_ids=[3613, 1844]
[V3A-FEAS] front_prune_test start_pos=2 candidate_size=1 candidate_ok=True candidate_fail_i=None candidate_skeleton_len=4 candidate_arc_ids=[1844]
[V3A-FEAS] smallest_observed_front_pruned_bad_size=2
[V3A-FEAS] smallest_observed_front_pruned_bad_arc_ids=[3613, 1844]
[V3A-FEAS] diagnostic only: active lazy cut remains unchanged in v3a
[V3A-FEAS] front_prune_tests_run=3
[V3A-FEAS] infeasible route detected
[V3A-FEAS] route_arc_ids=[0, 3595, 3632, 3542, 2397, 3084, 3613, 3584, 1715]
[V3A-FEAS] route_len=9 skeleton_len=18 fail_i=14
[V3A-FEAS] failed_skeleton_edge=C9->C16
[V3A-FEAS] covering_arc_pos=7 covering_arc_id=3584
[V3A-FEAS] current_full_route_cut_size=9
[V3A-FEAS] prefix_through_failure_size=8 prefix_arc_ids=[0, 3595, 3632, 3542, 2397, 3084, 3613, 3584]
[V3A-FEAS] front_prune_test start_pos=0 candidate_size=8 candidate_ok=False candidate_fail_i=14 candidate_skeleton_len=16 candidate_arc_ids=[0, 3595, 3632, 3542, 2397, 3084, 3613, 3584]
[V3A-FEAS] front_prune_test start_pos=1 candidate_size=7 candidate_ok=False candidate_fail_i=13 candidate_skeleton_len=15 candidate_arc_ids=[3595, 3632, 3542, 2397, 3084, 3613, 3584]
[V3A-FEAS] front_prune_test start_pos=2 candidate_size=6 candidate_ok=False candidate_fail_i=11 candidate_skeleton_len=13 candidate_arc_ids=[3632, 3542, 2397, 3084, 3613, 3584]
[V3A-FEAS] front_prune_test start_pos=3 candidate_size=5 candidate_ok=False candidate_fail_i=9 candidate_skeleton_len=11 candidate_arc_ids=[3542, 2397, 3084, 3613, 3584]
[V3A-FEAS] front_prune_test start_pos=4 candidate_size=4 candidate_ok=False candidate_fail_i=7 candidate_skeleton_len=9 candidate_arc_ids=[2397, 3084, 3613, 3584]
[V3A-FEAS] front_prune_test start_pos=5 candidate_size=3 candidate_ok=False candidate_fail_i=5 candidate_skeleton_len=7 candidate_arc_ids=[3084, 3613, 3584]
[V3A-FEAS] front_prune_test start_pos=6 candidate_size=2 candidate_ok=False candidate_fail_i=3 candidate_skeleton_len=5 candidate_arc_ids=[3613, 3584]
[V3A-FEAS] front_prune_test start_pos=7 candidate_size=1 candidate_ok=True candidate_fail_i=None candidate_skeleton_len=3 candidate_arc_ids=[3584]
[V3A-FEAS] smallest_observed_front_pruned_bad_size=2
[V3A-FEAS] smallest_observed_front_pruned_bad_arc_ids=[3613, 3584]
[V3A-FEAS] diagnostic only: active lazy cut remains unchanged in v3a
[V3A-FEAS] front_prune_tests_run=8
[V3A-FEAS] infeasible route detected
[V3A-FEAS] route_arc_ids=[0, 3595, 3632, 3542, 2397, 2577, 2458, 1910]
[V3A-FEAS] route_len=8 skeleton_len=18 fail_i=9
[V3A-FEAS] failed_skeleton_edge=C10->C16
[V3A-FEAS] covering_arc_pos=5 covering_arc_id=2577
[V3A-FEAS] current_full_route_cut_size=8
[V3A-FEAS] prefix_through_failure_size=6 prefix_arc_ids=[0, 3595, 3632, 3542, 2397, 2577]
[V3A-FEAS] front_prune_test start_pos=0 candidate_size=6 candidate_ok=False candidate_fail_i=9 candidate_skeleton_len=13 candidate_arc_ids=[0, 3595, 3632, 3542, 2397, 2577]
[V3A-FEAS] front_prune_test start_pos=1 candidate_size=5 candidate_ok=False candidate_fail_i=8 candidate_skeleton_len=12 candidate_arc_ids=[3595, 3632, 3542, 2397, 2577]
[V3A-FEAS] front_prune_test start_pos=2 candidate_size=4 candidate_ok=True candidate_fail_i=None candidate_skeleton_len=10 candidate_arc_ids=[3632, 3542, 2397, 2577]
[V3A-FEAS] front_prune_test start_pos=3 candidate_size=3 candidate_ok=True candidate_fail_i=None candidate_skeleton_len=8 candidate_arc_ids=[3542, 2397, 2577]
[V3A-FEAS] front_prune_test start_pos=4 candidate_size=2 candidate_ok=True candidate_fail_i=None candidate_skeleton_len=6 candidate_arc_ids=[2397, 2577]
[V3A-FEAS] front_prune_test start_pos=5 candidate_size=1 candidate_ok=True candidate_fail_i=None candidate_skeleton_len=4 candidate_arc_ids=[2577]
[V3A-FEAS] smallest_observed_front_pruned_bad_size=5
[V3A-FEAS] smallest_observed_front_pruned_bad_arc_ids=[3595, 3632, 3542, 2397, 2577]
[V3A-FEAS] diagnostic only: active lazy cut remains unchanged in v3a
[V3A-FEAS] front_prune_tests_run=6
[V3A-FEAS] infeasible route detected
[V3A-FEAS] route_arc_ids=[0, 3595, 3632, 3543, 2403, 2444, 150]
[V3A-FEAS] route_len=7 skeleton_len=18 fail_i=8
[V3A-FEAS] failed_skeleton_edge=C5->C16
[V3A-FEAS] covering_arc_pos=4 covering_arc_id=2403
[V3A-FEAS] current_full_route_cut_size=7
[V3A-FEAS] prefix_through_failure_size=5 prefix_arc_ids=[0, 3595, 3632, 3543, 2403]
[V3A-FEAS] front_prune_test start_pos=0 candidate_size=5 candidate_ok=False candidate_fail_i=8 candidate_skeleton_len=10 candidate_arc_ids=[0, 3595, 3632, 3543, 2403]
[V3A-FEAS] front_prune_test start_pos=1 candidate_size=4 candidate_ok=False candidate_fail_i=7 candidate_skeleton_len=9 candidate_arc_ids=[3595, 3632, 3543, 2403]
[V3A-FEAS] front_prune_test start_pos=2 candidate_size=3 candidate_ok=True candidate_fail_i=None candidate_skeleton_len=7 candidate_arc_ids=[3632, 3543, 2403]
[V3A-FEAS] front_prune_test start_pos=3 candidate_size=2 candidate_ok=True candidate_fail_i=None candidate_skeleton_len=5 candidate_arc_ids=[3543, 2403]
[V3A-FEAS] front_prune_test start_pos=4 candidate_size=1 candidate_ok=True candidate_fail_i=None candidate_skeleton_len=3 candidate_arc_ids=[2403]
[V3A-FEAS] smallest_observed_front_pruned_bad_size=4
[V3A-FEAS] smallest_observed_front_pruned_bad_arc_ids=[3595, 3632, 3543, 2403]
[V3A-FEAS] diagnostic only: active lazy cut remains unchanged in v3a
[V3A-FEAS] front_prune_tests_run=5
[V3A-FEAS] infeasible route detected
[V3A-FEAS] route_arc_ids=[0, 3595, 3632, 3543, 2397, 3084, 3613, 3585, 1715]
[V3A-FEAS] route_len=9 skeleton_len=18 fail_i=14
[V3A-FEAS] failed_skeleton_edge=C9->C16
[V3A-FEAS] covering_arc_pos=7 covering_arc_id=3585
[V3A-FEAS] current_full_route_cut_size=9
[V3A-FEAS] prefix_through_failure_size=8 prefix_arc_ids=[0, 3595, 3632, 3543, 2397, 3084, 3613, 3585]
[V3A-FEAS] front_prune_test start_pos=0 candidate_size=8 candidate_ok=False candidate_fail_i=14 candidate_skeleton_len=16 candidate_arc_ids=[0, 3595, 3632, 3543, 2397, 3084, 3613, 3585]
[V3A-FEAS] front_prune_test start_pos=1 candidate_size=7 candidate_ok=False candidate_fail_i=13 candidate_skeleton_len=15 candidate_arc_ids=[3595, 3632, 3543, 2397, 3084, 3613, 3585]
[V3A-FEAS] front_prune_test start_pos=2 candidate_size=6 candidate_ok=False candidate_fail_i=11 candidate_skeleton_len=13 candidate_arc_ids=[3632, 3543, 2397, 3084, 3613, 3585]
[V3A-FEAS] front_prune_test start_pos=3 candidate_size=5 candidate_ok=False candidate_fail_i=9 candidate_skeleton_len=11 candidate_arc_ids=[3543, 2397, 3084, 3613, 3585]
[V3A-FEAS] front_prune_test start_pos=4 candidate_size=4 candidate_ok=False candidate_fail_i=7 candidate_skeleton_len=9 candidate_arc_ids=[2397, 3084, 3613, 3585]
[V3A-FEAS] front_prune_test start_pos=5 candidate_size=3 candidate_ok=False candidate_fail_i=5 candidate_skeleton_len=7 candidate_arc_ids=[3084, 3613, 3585]
[V3A-FEAS] front_prune_test start_pos=6 candidate_size=2 candidate_ok=False candidate_fail_i=3 candidate_skeleton_len=5 candidate_arc_ids=[3613, 3585]
[V3A-FEAS] front_prune_test start_pos=7 candidate_size=1 candidate_ok=True candidate_fail_i=None candidate_skeleton_len=3 candidate_arc_ids=[3585]
[V3A-FEAS] smallest_observed_front_pruned_bad_size=2
[V3A-FEAS] smallest_observed_front_pruned_bad_arc_ids=[3613, 3585]
[V3A-FEAS] diagnostic only: active lazy cut remains unchanged in v3a
[V3A-FEAS] front_prune_tests_run=8
[V3A-FEAS] infeasible route detected
[V3A-FEAS] route_arc_ids=[0, 3595, 3632, 3542, 2397, 3084, 3613, 3411]
[V3A-FEAS] route_len=8 skeleton_len=18 fail_i=13
[V3A-FEAS] failed_skeleton_edge=C7->C16
[V3A-FEAS] covering_arc_pos=7 covering_arc_id=3411
[V3A-FEAS] current_full_route_cut_size=8
[V3A-FEAS] prefix_through_failure_size=8 prefix_arc_ids=[0, 3595, 3632, 3542, 2397, 3084, 3613, 3411]
[V3A-FEAS] front_prune_test start_pos=0 candidate_size=8 candidate_ok=False candidate_fail_i=13 candidate_skeleton_len=18 candidate_arc_ids=[0, 3595, 3632, 3542, 2397, 3084, 3613, 3411]
[V3A-FEAS] front_prune_test start_pos=1 candidate_size=7 candidate_ok=False candidate_fail_i=12 candidate_skeleton_len=17 candidate_arc_ids=[3595, 3632, 3542, 2397, 3084, 3613, 3411]
[V3A-FEAS] front_prune_test start_pos=2 candidate_size=6 candidate_ok=False candidate_fail_i=10 candidate_skeleton_len=15 candidate_arc_ids=[3632, 3542, 2397, 3084, 3613, 3411]
[V3A-FEAS] front_prune_test start_pos=3 candidate_size=5 candidate_ok=False candidate_fail_i=8 candidate_skeleton_len=13 candidate_arc_ids=[3542, 2397, 3084, 3613, 3411]
[V3A-FEAS] front_prune_test start_pos=4 candidate_size=4 candidate_ok=False candidate_fail_i=6 candidate_skeleton_len=11 candidate_arc_ids=[2397, 3084, 3613, 3411]
[V3A-FEAS] front_prune_test start_pos=5 candidate_size=3 candidate_ok=False candidate_fail_i=4 candidate_skeleton_len=9 candidate_arc_ids=[3084, 3613, 3411]
[V3A-FEAS] front_prune_test start_pos=6 candidate_size=2 candidate_ok=False candidate_fail_i=2 candidate_skeleton_len=7 candidate_arc_ids=[3613, 3411]
[V3A-FEAS] front_prune_test start_pos=7 candidate_size=1 candidate_ok=True candidate_fail_i=None candidate_skeleton_len=5 candidate_arc_ids=[3411]
[V3A-FEAS] smallest_observed_front_pruned_bad_size=2
[V3A-FEAS] smallest_observed_front_pruned_bad_arc_ids=[3613, 3411]
[V3A-FEAS] diagnostic only: active lazy cut remains unchanged in v3a
[V3A-FEAS] front_prune_tests_run=8
[V3A-FEAS] infeasible route detected
[V3A-FEAS] route_arc_ids=[0, 3595, 3632, 3542, 2397, 1668, 3613, 3570]
[V3A-FEAS] route_len=8 skeleton_len=18 fail_i=9
[V3A-FEAS] failed_skeleton_edge=C10->C16
[V3A-FEAS] covering_arc_pos=5 covering_arc_id=1668
[V3A-FEAS] current_full_route_cut_size=8
[V3A-FEAS] prefix_through_failure_size=6 prefix_arc_ids=[0, 3595, 3632, 3542, 2397, 1668]
[V3A-FEAS] front_prune_test start_pos=0 candidate_size=6 candidate_ok=False candidate_fail_i=9 candidate_skeleton_len=14 candidate_arc_ids=[0, 3595, 3632, 3542, 2397, 1668]
[V3A-FEAS] front_prune_test start_pos=1 candidate_size=5 candidate_ok=False candidate_fail_i=8 candidate_skeleton_len=13 candidate_arc_ids=[3595, 3632, 3542, 2397, 1668]
[V3A-FEAS] front_prune_test start_pos=2 candidate_size=4 candidate_ok=True candidate_fail_i=None candidate_skeleton_len=11 candidate_arc_ids=[3632, 3542, 2397, 1668]
[V3A-FEAS] front_prune_test start_pos=3 candidate_size=3 candidate_ok=True candidate_fail_i=None candidate_skeleton_len=9 candidate_arc_ids=[3542, 2397, 1668]
[V3A-FEAS] front_prune_test start_pos=4 candidate_size=2 candidate_ok=True candidate_fail_i=None candidate_skeleton_len=7 candidate_arc_ids=[2397, 1668]
[V3A-FEAS] front_prune_test start_pos=5 candidate_size=1 candidate_ok=True candidate_fail_i=None candidate_skeleton_len=5 candidate_arc_ids=[1668]
[V3A-FEAS] smallest_observed_front_pruned_bad_size=5
[V3A-FEAS] smallest_observed_front_pruned_bad_arc_ids=[3595, 3632, 3542, 2397, 1668]
[V3A-FEAS] diagnostic only: active lazy cut remains unchanged in v3a
[V3A-FEAS] front_prune_tests_run=6
[V3A-FEAS] infeasible route detected
[V3A-FEAS] route_arc_ids=[0, 3595, 3632, 3542, 2397, 2577, 2003, 3571]
[V3A-FEAS] route_len=8 skeleton_len=18 fail_i=9
[V3A-FEAS] failed_skeleton_edge=C10->C16
[V3A-FEAS] covering_arc_pos=5 covering_arc_id=2577
[V3A-FEAS] current_full_route_cut_size=8
[V3A-FEAS] prefix_through_failure_size=6 prefix_arc_ids=[0, 3595, 3632, 3542, 2397, 2577]
[V3A-FEAS] front_prune_test start_pos=0 candidate_size=6 candidate_ok=False candidate_fail_i=9 candidate_skeleton_len=13 candidate_arc_ids=[0, 3595, 3632, 3542, 2397, 2577]
[V3A-FEAS] front_prune_test start_pos=1 candidate_size=5 candidate_ok=False candidate_fail_i=8 candidate_skeleton_len=12 candidate_arc_ids=[3595, 3632, 3542, 2397, 2577]
[V3A-FEAS] front_prune_test start_pos=2 candidate_size=4 candidate_ok=True candidate_fail_i=None candidate_skeleton_len=10 candidate_arc_ids=[3632, 3542, 2397, 2577]
[V3A-FEAS] front_prune_test start_pos=3 candidate_size=3 candidate_ok=True candidate_fail_i=None candidate_skeleton_len=8 candidate_arc_ids=[3542, 2397, 2577]
[V3A-FEAS] front_prune_test start_pos=4 candidate_size=2 candidate_ok=True candidate_fail_i=None candidate_skeleton_len=6 candidate_arc_ids=[2397, 2577]
[V3A-FEAS] front_prune_test start_pos=5 candidate_size=1 candidate_ok=True candidate_fail_i=None candidate_skeleton_len=4 candidate_arc_ids=[2577]
[V3A-FEAS] smallest_observed_front_pruned_bad_size=5
[V3A-FEAS] smallest_observed_front_pruned_bad_arc_ids=[3595, 3632, 3542, 2397, 2577]
[V3A-FEAS] diagnostic only: active lazy cut remains unchanged in v3a
[V3A-FEAS] front_prune_tests_run=6
[V3A-FEAS] infeasible route detected
[V3A-FEAS] route_arc_ids=[0, 3595, 3632, 3542, 2397, 2577, 2004, 3571]
[V3A-FEAS] route_len=8 skeleton_len=18 fail_i=9
[V3A-FEAS] failed_skeleton_edge=C10->C16
[V3A-FEAS] covering_arc_pos=5 covering_arc_id=2577
[V3A-FEAS] current_full_route_cut_size=8
[V3A-FEAS] prefix_through_failure_size=6 prefix_arc_ids=[0, 3595, 3632, 3542, 2397, 2577]
[V3A-FEAS] front_prune_test start_pos=0 candidate_size=6 candidate_ok=False candidate_fail_i=9 candidate_skeleton_len=13 candidate_arc_ids=[0, 3595, 3632, 3542, 2397, 2577]
[V3A-FEAS] front_prune_test start_pos=1 candidate_size=5 candidate_ok=False candidate_fail_i=8 candidate_skeleton_len=12 candidate_arc_ids=[3595, 3632, 3542, 2397, 2577]
[V3A-FEAS] front_prune_test start_pos=2 candidate_size=4 candidate_ok=True candidate_fail_i=None candidate_skeleton_len=10 candidate_arc_ids=[3632, 3542, 2397, 2577]
[V3A-FEAS] front_prune_test start_pos=3 candidate_size=3 candidate_ok=True candidate_fail_i=None candidate_skeleton_len=8 candidate_arc_ids=[3542, 2397, 2577]
[V3A-FEAS] front_prune_test start_pos=4 candidate_size=2 candidate_ok=True candidate_fail_i=None candidate_skeleton_len=6 candidate_arc_ids=[2397, 2577]
[V3A-FEAS] front_prune_test start_pos=5 candidate_size=1 candidate_ok=True candidate_fail_i=None candidate_skeleton_len=4 candidate_arc_ids=[2577]
[V3A-FEAS] smallest_observed_front_pruned_bad_size=5
[V3A-FEAS] smallest_observed_front_pruned_bad_arc_ids=[3595, 3632, 3542, 2397, 2577]
[V3A-FEAS] diagnostic only: active lazy cut remains unchanged in v3a
[V3A-FEAS] front_prune_tests_run=6
[V3A-FEAS] infeasible route detected
[V3A-FEAS] route_arc_ids=[0, 3595, 3632, 3542, 2397, 2577, 2005, 3571]
[V3A-FEAS] route_len=8 skeleton_len=18 fail_i=9
[V3A-FEAS] failed_skeleton_edge=C10->C16
[V3A-FEAS] covering_arc_pos=5 covering_arc_id=2577
[V3A-FEAS] current_full_route_cut_size=8
[V3A-FEAS] prefix_through_failure_size=6 prefix_arc_ids=[0, 3595, 3632, 3542, 2397, 2577]
[V3A-FEAS] front_prune_test start_pos=0 candidate_size=6 candidate_ok=False candidate_fail_i=9 candidate_skeleton_len=13 candidate_arc_ids=[0, 3595, 3632, 3542, 2397, 2577]
[V3A-FEAS] front_prune_test start_pos=1 candidate_size=5 candidate_ok=False candidate_fail_i=8 candidate_skeleton_len=12 candidate_arc_ids=[3595, 3632, 3542, 2397, 2577]
[V3A-FEAS] front_prune_test start_pos=2 candidate_size=4 candidate_ok=True candidate_fail_i=None candidate_skeleton_len=10 candidate_arc_ids=[3632, 3542, 2397, 2577]
[V3A-FEAS] front_prune_test start_pos=3 candidate_size=3 candidate_ok=True candidate_fail_i=None candidate_skeleton_len=8 candidate_arc_ids=[3542, 2397, 2577]
[V3A-FEAS] front_prune_test start_pos=4 candidate_size=2 candidate_ok=True candidate_fail_i=None candidate_skeleton_len=6 candidate_arc_ids=[2397, 2577]
[V3A-FEAS] front_prune_test start_pos=5 candidate_size=1 candidate_ok=True candidate_fail_i=None candidate_skeleton_len=4 candidate_arc_ids=[2577]
[V3A-FEAS] smallest_observed_front_pruned_bad_size=5
[V3A-FEAS] smallest_observed_front_pruned_bad_arc_ids=[3595, 3632, 3542, 2397, 2577]
[V3A-FEAS] diagnostic only: active lazy cut remains unchanged in v3a
[V3A-FEAS] front_prune_tests_run=6
[V3A-FEAS] infeasible route detected
[V3A-FEAS] route_arc_ids=[0, 3595, 3632, 3542, 2397, 2577, 2457, 1911]
[V3A-FEAS] route_len=8 skeleton_len=18 fail_i=9
[V3A-FEAS] failed_skeleton_edge=C10->C16
[V3A-FEAS] covering_arc_pos=5 covering_arc_id=2577
[V3A-FEAS] current_full_route_cut_size=8
[V3A-FEAS] prefix_through_failure_size=6 prefix_arc_ids=[0, 3595, 3632, 3542, 2397, 2577]
[V3A-FEAS] front_prune_test start_pos=0 candidate_size=6 candidate_ok=False candidate_fail_i=9 candidate_skeleton_len=13 candidate_arc_ids=[0, 3595, 3632, 3542, 2397, 2577]
[V3A-FEAS] front_prune_test start_pos=1 candidate_size=5 candidate_ok=False candidate_fail_i=8 candidate_skeleton_len=12 candidate_arc_ids=[3595, 3632, 3542, 2397, 2577]
[V3A-FEAS] front_prune_test start_pos=2 candidate_size=4 candidate_ok=True candidate_fail_i=None candidate_skeleton_len=10 candidate_arc_ids=[3632, 3542, 2397, 2577]
[V3A-FEAS] front_prune_test start_pos=3 candidate_size=3 candidate_ok=True candidate_fail_i=None candidate_skeleton_len=8 candidate_arc_ids=[3542, 2397, 2577]
[V3A-FEAS] front_prune_test start_pos=4 candidate_size=2 candidate_ok=True candidate_fail_i=None candidate_skeleton_len=6 candidate_arc_ids=[2397, 2577]
[V3A-FEAS] front_prune_test start_pos=5 candidate_size=1 candidate_ok=True candidate_fail_i=None candidate_skeleton_len=4 candidate_arc_ids=[2577]
[V3A-FEAS] smallest_observed_front_pruned_bad_size=5
[V3A-FEAS] smallest_observed_front_pruned_bad_arc_ids=[3595, 3632, 3542, 2397, 2577]
[V3A-FEAS] diagnostic only: active lazy cut remains unchanged in v3a
[V3A-FEAS] front_prune_tests_run=6
[V3A-FEAS] infeasible route detected
[V3A-FEAS] route_arc_ids=[0, 3595, 3632, 3543, 2397, 2577, 2458, 1911]
[V3A-FEAS] route_len=8 skeleton_len=18 fail_i=9
[V3A-FEAS] failed_skeleton_edge=C10->C16
[V3A-FEAS] covering_arc_pos=5 covering_arc_id=2577
[V3A-FEAS] current_full_route_cut_size=8
[V3A-FEAS] prefix_through_failure_size=6 prefix_arc_ids=[0, 3595, 3632, 3543, 2397, 2577]
[V3A-FEAS] front_prune_test start_pos=0 candidate_size=6 candidate_ok=False candidate_fail_i=9 candidate_skeleton_len=13 candidate_arc_ids=[0, 3595, 3632, 3543, 2397, 2577]
[V3A-FEAS] front_prune_test start_pos=1 candidate_size=5 candidate_ok=False candidate_fail_i=8 candidate_skeleton_len=12 candidate_arc_ids=[3595, 3632, 3543, 2397, 2577]
[V3A-FEAS] front_prune_test start_pos=2 candidate_size=4 candidate_ok=True candidate_fail_i=None candidate_skeleton_len=10 candidate_arc_ids=[3632, 3543, 2397, 2577]
[V3A-FEAS] front_prune_test start_pos=3 candidate_size=3 candidate_ok=True candidate_fail_i=None candidate_skeleton_len=8 candidate_arc_ids=[3543, 2397, 2577]
[V3A-FEAS] front_prune_test start_pos=4 candidate_size=2 candidate_ok=True candidate_fail_i=None candidate_skeleton_len=6 candidate_arc_ids=[2397, 2577]
[V3A-FEAS] front_prune_test start_pos=5 candidate_size=1 candidate_ok=True candidate_fail_i=None candidate_skeleton_len=4 candidate_arc_ids=[2577]
[V3A-FEAS] smallest_observed_front_pruned_bad_size=5
[V3A-FEAS] smallest_observed_front_pruned_bad_arc_ids=[3595, 3632, 3543, 2397, 2577]
[V3A-FEAS] diagnostic only: active lazy cut remains unchanged in v3a
[V3A-FEAS] front_prune_tests_run=6
[V3A-FEAS] infeasible route detected
[V3A-FEAS] route_arc_ids=[0, 3595, 3632, 3542, 2403, 2443, 151]
[V3A-FEAS] route_len=7 skeleton_len=18 fail_i=8
[V3A-FEAS] failed_skeleton_edge=C5->C16
[V3A-FEAS] covering_arc_pos=4 covering_arc_id=2403
[V3A-FEAS] current_full_route_cut_size=7
[V3A-FEAS] prefix_through_failure_size=5 prefix_arc_ids=[0, 3595, 3632, 3542, 2403]
[V3A-FEAS] front_prune_test start_pos=0 candidate_size=5 candidate_ok=False candidate_fail_i=8 candidate_skeleton_len=10 candidate_arc_ids=[0, 3595, 3632, 3542, 2403]
[V3A-FEAS] front_prune_test start_pos=1 candidate_size=4 candidate_ok=False candidate_fail_i=7 candidate_skeleton_len=9 candidate_arc_ids=[3595, 3632, 3542, 2403]
[V3A-FEAS] front_prune_test start_pos=2 candidate_size=3 candidate_ok=True candidate_fail_i=None candidate_skeleton_len=7 candidate_arc_ids=[3632, 3542, 2403]
[V3A-FEAS] front_prune_test start_pos=3 candidate_size=2 candidate_ok=True candidate_fail_i=None candidate_skeleton_len=5 candidate_arc_ids=[3542, 2403]
[V3A-FEAS] front_prune_test start_pos=4 candidate_size=1 candidate_ok=True candidate_fail_i=None candidate_skeleton_len=3 candidate_arc_ids=[2403]
[V3A-FEAS] smallest_observed_front_pruned_bad_size=4
[V3A-FEAS] smallest_observed_front_pruned_bad_arc_ids=[3595, 3632, 3542, 2403]
[V3A-FEAS] diagnostic only: active lazy cut remains unchanged in v3a
[V3A-FEAS] front_prune_tests_run=5
[V3A-FEAS] infeasible route detected
[V3A-FEAS] route_arc_ids=[0, 3595, 3632, 3542, 2403, 1720, 3613, 3577, 3072]
[V3A-FEAS] route_len=9 skeleton_len=18 fail_i=8
[V3A-FEAS] failed_skeleton_edge=C5->C16
[V3A-FEAS] covering_arc_pos=4 covering_arc_id=2403
[V3A-FEAS] current_full_route_cut_size=9
[V3A-FEAS] prefix_through_failure_size=5 prefix_arc_ids=[0, 3595, 3632, 3542, 2403]
[V3A-FEAS] front_prune_test start_pos=0 candidate_size=5 candidate_ok=False candidate_fail_i=8 candidate_skeleton_len=10 candidate_arc_ids=[0, 3595, 3632, 3542, 2403]
[V3A-FEAS] front_prune_test start_pos=1 candidate_size=4 candidate_ok=False candidate_fail_i=7 candidate_skeleton_len=9 candidate_arc_ids=[3595, 3632, 3542, 2403]
[V3A-FEAS] front_prune_test start_pos=2 candidate_size=3 candidate_ok=True candidate_fail_i=None candidate_skeleton_len=7 candidate_arc_ids=[3632, 3542, 2403]
[V3A-FEAS] front_prune_test start_pos=3 candidate_size=2 candidate_ok=True candidate_fail_i=None candidate_skeleton_len=5 candidate_arc_ids=[3542, 2403]
[V3A-FEAS] front_prune_test start_pos=4 candidate_size=1 candidate_ok=True candidate_fail_i=None candidate_skeleton_len=3 candidate_arc_ids=[2403]
[V3A-FEAS] smallest_observed_front_pruned_bad_size=4
[V3A-FEAS] smallest_observed_front_pruned_bad_arc_ids=[3595, 3632, 3542, 2403]
[V3A-FEAS] diagnostic only: active lazy cut remains unchanged in v3a
[V3A-FEAS] front_prune_tests_run=5
[V3A-FEAS] infeasible route detected
[V3A-FEAS] route_arc_ids=[0, 3595, 3632, 3542, 2395, 1845, 1693, 3604]
[V3A-FEAS] route_len=8 skeleton_len=18 fail_i=11
[V3A-FEAS] failed_skeleton_edge=C9->C16
[V3A-FEAS] covering_arc_pos=5 covering_arc_id=1845
[V3A-FEAS] current_full_route_cut_size=8
[V3A-FEAS] prefix_through_failure_size=6 prefix_arc_ids=[0, 3595, 3632, 3542, 2395, 1845]
[V3A-FEAS] front_prune_test start_pos=0 candidate_size=6 candidate_ok=False candidate_fail_i=11 candidate_skeleton_len=13 candidate_arc_ids=[0, 3595, 3632, 3542, 2395, 1845]
[V3A-FEAS] front_prune_test start_pos=1 candidate_size=5 candidate_ok=False candidate_fail_i=10 candidate_skeleton_len=12 candidate_arc_ids=[3595, 3632, 3542, 2395, 1845]
[V3A-FEAS] front_prune_test start_pos=2 candidate_size=4 candidate_ok=False candidate_fail_i=8 candidate_skeleton_len=10 candidate_arc_ids=[3632, 3542, 2395, 1845]
[V3A-FEAS] front_prune_test start_pos=3 candidate_size=3 candidate_ok=False candidate_fail_i=6 candidate_skeleton_len=8 candidate_arc_ids=[3542, 2395, 1845]
[V3A-FEAS] front_prune_test start_pos=4 candidate_size=2 candidate_ok=False candidate_fail_i=4 candidate_skeleton_len=6 candidate_arc_ids=[2395, 1845]
[V3A-FEAS] front_prune_test start_pos=5 candidate_size=1 candidate_ok=True candidate_fail_i=None candidate_skeleton_len=4 candidate_arc_ids=[1845]
[V3A-FEAS] smallest_observed_front_pruned_bad_size=2
[V3A-FEAS] smallest_observed_front_pruned_bad_arc_ids=[2395, 1845]
[V3A-FEAS] diagnostic only: active lazy cut remains unchanged in v3a
[V3A-FEAS] front_prune_tests_run=6
[V3A-FEAS] infeasible route detected
[V3A-FEAS] route_arc_ids=[0, 3595, 3632, 3543, 2397, 1668, 3613, 3571]
[V3A-FEAS] route_len=8 skeleton_len=18 fail_i=9
[V3A-FEAS] failed_skeleton_edge=C10->C16
[V3A-FEAS] covering_arc_pos=5 covering_arc_id=1668
[V3A-FEAS] current_full_route_cut_size=8
[V3A-FEAS] prefix_through_failure_size=6 prefix_arc_ids=[0, 3595, 3632, 3543, 2397, 1668]
[V3A-FEAS] front_prune_test start_pos=0 candidate_size=6 candidate_ok=False candidate_fail_i=9 candidate_skeleton_len=14 candidate_arc_ids=[0, 3595, 3632, 3543, 2397, 1668]
[V3A-FEAS] front_prune_test start_pos=1 candidate_size=5 candidate_ok=False candidate_fail_i=8 candidate_skeleton_len=13 candidate_arc_ids=[3595, 3632, 3543, 2397, 1668]
[V3A-FEAS] front_prune_test start_pos=2 candidate_size=4 candidate_ok=True candidate_fail_i=None candidate_skeleton_len=11 candidate_arc_ids=[3632, 3543, 2397, 1668]
[V3A-FEAS] front_prune_test start_pos=3 candidate_size=3 candidate_ok=True candidate_fail_i=None candidate_skeleton_len=9 candidate_arc_ids=[3543, 2397, 1668]
[V3A-FEAS] front_prune_test start_pos=4 candidate_size=2 candidate_ok=True candidate_fail_i=None candidate_skeleton_len=7 candidate_arc_ids=[2397, 1668]
[V3A-FEAS] front_prune_test start_pos=5 candidate_size=1 candidate_ok=True candidate_fail_i=None candidate_skeleton_len=5 candidate_arc_ids=[1668]
[V3A-FEAS] smallest_observed_front_pruned_bad_size=5
[V3A-FEAS] smallest_observed_front_pruned_bad_arc_ids=[3595, 3632, 3543, 2397, 1668]
[V3A-FEAS] diagnostic only: active lazy cut remains unchanged in v3a
[V3A-FEAS] front_prune_tests_run=6
[V3A-FEAS] infeasible route detected
[V3A-FEAS] route_arc_ids=[6, 3542, 2391, 3595, 3628, 1845, 1694, 3602]
[V3A-FEAS] route_len=8 skeleton_len=18 fail_i=11
[V3A-FEAS] failed_skeleton_edge=C9->C16
[V3A-FEAS] covering_arc_pos=5 covering_arc_id=1845
[V3A-FEAS] current_full_route_cut_size=8
[V3A-FEAS] prefix_through_failure_size=6 prefix_arc_ids=[6, 3542, 2391, 3595, 3628, 1845]
[V3A-FEAS] front_prune_test start_pos=0 candidate_size=6 candidate_ok=False candidate_fail_i=11 candidate_skeleton_len=13 candidate_arc_ids=[6, 3542, 2391, 3595, 3628, 1845]
[V3A-FEAS] front_prune_test start_pos=1 candidate_size=5 candidate_ok=False candidate_fail_i=10 candidate_skeleton_len=12 candidate_arc_ids=[3542, 2391, 3595, 3628, 1845]
[V3A-FEAS] front_prune_test start_pos=2 candidate_size=4 candidate_ok=False candidate_fail_i=8 candidate_skeleton_len=10 candidate_arc_ids=[2391, 3595, 3628, 1845]
[V3A-FEAS] front_prune_test start_pos=3 candidate_size=3 candidate_ok=False candidate_fail_i=6 candidate_skeleton_len=8 candidate_arc_ids=[3595, 3628, 1845]
[V3A-FEAS] front_prune_test start_pos=4 candidate_size=2 candidate_ok=False candidate_fail_i=4 candidate_skeleton_len=6 candidate_arc_ids=[3628, 1845]
[V3A-FEAS] front_prune_test start_pos=5 candidate_size=1 candidate_ok=True candidate_fail_i=None candidate_skeleton_len=4 candidate_arc_ids=[1845]
[V3A-FEAS] smallest_observed_front_pruned_bad_size=2
[V3A-FEAS] smallest_observed_front_pruned_bad_arc_ids=[3628, 1845]
[V3A-FEAS] diagnostic only: active lazy cut remains unchanged in v3a
[V3A-FEAS] front_prune_tests_run=6
[V3A-FEAS] infeasible route detected
[V3A-FEAS] route_arc_ids=[0, 3595, 3632, 3542, 2395, 1845, 1694, 3603]
[V3A-FEAS] route_len=8 skeleton_len=18 fail_i=11
[V3A-FEAS] failed_skeleton_edge=C9->C16
[V3A-FEAS] covering_arc_pos=5 covering_arc_id=1845
[V3A-FEAS] current_full_route_cut_size=8
[V3A-FEAS] prefix_through_failure_size=6 prefix_arc_ids=[0, 3595, 3632, 3542, 2395, 1845]
[V3A-FEAS] front_prune_test start_pos=0 candidate_size=6 candidate_ok=False candidate_fail_i=11 candidate_skeleton_len=13 candidate_arc_ids=[0, 3595, 3632, 3542, 2395, 1845]
[V3A-FEAS] front_prune_test start_pos=1 candidate_size=5 candidate_ok=False candidate_fail_i=10 candidate_skeleton_len=12 candidate_arc_ids=[3595, 3632, 3542, 2395, 1845]
[V3A-FEAS] front_prune_test start_pos=2 candidate_size=4 candidate_ok=False candidate_fail_i=8 candidate_skeleton_len=10 candidate_arc_ids=[3632, 3542, 2395, 1845]
[V3A-FEAS] front_prune_test start_pos=3 candidate_size=3 candidate_ok=False candidate_fail_i=6 candidate_skeleton_len=8 candidate_arc_ids=[3542, 2395, 1845]
[V3A-FEAS] front_prune_test start_pos=4 candidate_size=2 candidate_ok=False candidate_fail_i=4 candidate_skeleton_len=6 candidate_arc_ids=[2395, 1845]
[V3A-FEAS] front_prune_test start_pos=5 candidate_size=1 candidate_ok=True candidate_fail_i=None candidate_skeleton_len=4 candidate_arc_ids=[1845]
[V3A-FEAS] smallest_observed_front_pruned_bad_size=2
[V3A-FEAS] smallest_observed_front_pruned_bad_arc_ids=[2395, 1845]
[V3A-FEAS] diagnostic only: active lazy cut remains unchanged in v3a
[V3A-FEAS] front_prune_tests_run=6
[V3A-FEAS] infeasible route detected
[V3A-FEAS] route_arc_ids=[0, 3595, 3632, 3542, 2397, 3085, 3611, 3584, 1715]
[V3A-FEAS] route_len=9 skeleton_len=18 fail_i=14
[V3A-FEAS] failed_skeleton_edge=C9->C16
[V3A-FEAS] covering_arc_pos=7 covering_arc_id=3584
[V3A-FEAS] current_full_route_cut_size=9
[V3A-FEAS] prefix_through_failure_size=8 prefix_arc_ids=[0, 3595, 3632, 3542, 2397, 3085, 3611, 3584]
[V3A-FEAS] front_prune_test start_pos=0 candidate_size=8 candidate_ok=False candidate_fail_i=14 candidate_skeleton_len=16 candidate_arc_ids=[0, 3595, 3632, 3542, 2397, 3085, 3611, 3584]
[V3A-FEAS] front_prune_test start_pos=1 candidate_size=7 candidate_ok=False candidate_fail_i=13 candidate_skeleton_len=15 candidate_arc_ids=[3595, 3632, 3542, 2397, 3085, 3611, 3584]
[V3A-FEAS] front_prune_test start_pos=2 candidate_size=6 candidate_ok=False candidate_fail_i=11 candidate_skeleton_len=13 candidate_arc_ids=[3632, 3542, 2397, 3085, 3611, 3584]
[V3A-FEAS] front_prune_test start_pos=3 candidate_size=5 candidate_ok=False candidate_fail_i=9 candidate_skeleton_len=11 candidate_arc_ids=[3542, 2397, 3085, 3611, 3584]
[V3A-FEAS] front_prune_test start_pos=4 candidate_size=4 candidate_ok=False candidate_fail_i=7 candidate_skeleton_len=9 candidate_arc_ids=[2397, 3085, 3611, 3584]
[V3A-FEAS] front_prune_test start_pos=5 candidate_size=3 candidate_ok=False candidate_fail_i=5 candidate_skeleton_len=7 candidate_arc_ids=[3085, 3611, 3584]
[V3A-FEAS] front_prune_test start_pos=6 candidate_size=2 candidate_ok=False candidate_fail_i=3 candidate_skeleton_len=5 candidate_arc_ids=[3611, 3584]
[V3A-FEAS] front_prune_test start_pos=7 candidate_size=1 candidate_ok=True candidate_fail_i=None candidate_skeleton_len=3 candidate_arc_ids=[3584]
[V3A-FEAS] smallest_observed_front_pruned_bad_size=2
[V3A-FEAS] smallest_observed_front_pruned_bad_arc_ids=[3611, 3584]
[V3A-FEAS] diagnostic only: active lazy cut remains unchanged in v3a
[V3A-FEAS] front_prune_tests_run=8
[V3A-FEAS] infeasible route detected
[V3A-FEAS] route_arc_ids=[0, 3595, 3632, 3542, 2395, 1844, 1693, 3604]
[V3A-FEAS] route_len=8 skeleton_len=18 fail_i=11
[V3A-FEAS] failed_skeleton_edge=C9->C16
[V3A-FEAS] covering_arc_pos=5 covering_arc_id=1844
[V3A-FEAS] current_full_route_cut_size=8
[V3A-FEAS] prefix_through_failure_size=6 prefix_arc_ids=[0, 3595, 3632, 3542, 2395, 1844]
[V3A-FEAS] front_prune_test start_pos=0 candidate_size=6 candidate_ok=False candidate_fail_i=11 candidate_skeleton_len=13 candidate_arc_ids=[0, 3595, 3632, 3542, 2395, 1844]
[V3A-FEAS] front_prune_test start_pos=1 candidate_size=5 candidate_ok=False candidate_fail_i=10 candidate_skeleton_len=12 candidate_arc_ids=[3595, 3632, 3542, 2395, 1844]
[V3A-FEAS] front_prune_test start_pos=2 candidate_size=4 candidate_ok=False candidate_fail_i=8 candidate_skeleton_len=10 candidate_arc_ids=[3632, 3542, 2395, 1844]
[V3A-FEAS] front_prune_test start_pos=3 candidate_size=3 candidate_ok=False candidate_fail_i=6 candidate_skeleton_len=8 candidate_arc_ids=[3542, 2395, 1844]
[V3A-FEAS] front_prune_test start_pos=4 candidate_size=2 candidate_ok=False candidate_fail_i=4 candidate_skeleton_len=6 candidate_arc_ids=[2395, 1844]
[V3A-FEAS] front_prune_test start_pos=5 candidate_size=1 candidate_ok=True candidate_fail_i=None candidate_skeleton_len=4 candidate_arc_ids=[1844]
[V3A-FEAS] smallest_observed_front_pruned_bad_size=2
[V3A-FEAS] smallest_observed_front_pruned_bad_arc_ids=[2395, 1844]
[V3A-FEAS] diagnostic only: active lazy cut remains unchanged in v3a
[V3A-FEAS] front_prune_tests_run=6
[V3A-FEAS] infeasible route detected
[V3A-FEAS] route_arc_ids=[0, 3595, 3632, 3542, 2403, 2444, 151]
[V3A-FEAS] route_len=7 skeleton_len=18 fail_i=8
[V3A-FEAS] failed_skeleton_edge=C5->C16
[V3A-FEAS] covering_arc_pos=4 covering_arc_id=2403
[V3A-FEAS] current_full_route_cut_size=7
[V3A-FEAS] prefix_through_failure_size=5 prefix_arc_ids=[0, 3595, 3632, 3542, 2403]
[V3A-FEAS] front_prune_test start_pos=0 candidate_size=5 candidate_ok=False candidate_fail_i=8 candidate_skeleton_len=10 candidate_arc_ids=[0, 3595, 3632, 3542, 2403]
[V3A-FEAS] front_prune_test start_pos=1 candidate_size=4 candidate_ok=False candidate_fail_i=7 candidate_skeleton_len=9 candidate_arc_ids=[3595, 3632, 3542, 2403]
[V3A-FEAS] front_prune_test start_pos=2 candidate_size=3 candidate_ok=True candidate_fail_i=None candidate_skeleton_len=7 candidate_arc_ids=[3632, 3542, 2403]
[V3A-FEAS] front_prune_test start_pos=3 candidate_size=2 candidate_ok=True candidate_fail_i=None candidate_skeleton_len=5 candidate_arc_ids=[3542, 2403]
[V3A-FEAS] front_prune_test start_pos=4 candidate_size=1 candidate_ok=True candidate_fail_i=None candidate_skeleton_len=3 candidate_arc_ids=[2403]
[V3A-FEAS] smallest_observed_front_pruned_bad_size=4
[V3A-FEAS] smallest_observed_front_pruned_bad_arc_ids=[3595, 3632, 3542, 2403]
[V3A-FEAS] diagnostic only: active lazy cut remains unchanged in v3a
[V3A-FEAS] front_prune_tests_run=5
[V3A-FEAS] infeasible route detected
[V3A-FEAS] route_arc_ids=[6, 3542, 2391, 3595, 3628, 1845, 1694, 3604]
[V3A-FEAS] route_len=8 skeleton_len=18 fail_i=11
[V3A-FEAS] failed_skeleton_edge=C9->C16
[V3A-FEAS] covering_arc_pos=5 covering_arc_id=1845
[V3A-FEAS] current_full_route_cut_size=8
[V3A-FEAS] prefix_through_failure_size=6 prefix_arc_ids=[6, 3542, 2391, 3595, 3628, 1845]
[V3A-FEAS] front_prune_test start_pos=0 candidate_size=6 candidate_ok=False candidate_fail_i=11 candidate_skeleton_len=13 candidate_arc_ids=[6, 3542, 2391, 3595, 3628, 1845]
[V3A-FEAS] front_prune_test start_pos=1 candidate_size=5 candidate_ok=False candidate_fail_i=10 candidate_skeleton_len=12 candidate_arc_ids=[3542, 2391, 3595, 3628, 1845]
[V3A-FEAS] front_prune_test start_pos=2 candidate_size=4 candidate_ok=False candidate_fail_i=8 candidate_skeleton_len=10 candidate_arc_ids=[2391, 3595, 3628, 1845]
[V3A-FEAS] front_prune_test start_pos=3 candidate_size=3 candidate_ok=False candidate_fail_i=6 candidate_skeleton_len=8 candidate_arc_ids=[3595, 3628, 1845]
[V3A-FEAS] front_prune_test start_pos=4 candidate_size=2 candidate_ok=False candidate_fail_i=4 candidate_skeleton_len=6 candidate_arc_ids=[3628, 1845]
[V3A-FEAS] front_prune_test start_pos=5 candidate_size=1 candidate_ok=True candidate_fail_i=None candidate_skeleton_len=4 candidate_arc_ids=[1845]
[V3A-FEAS] smallest_observed_front_pruned_bad_size=2
[V3A-FEAS] smallest_observed_front_pruned_bad_arc_ids=[3628, 1845]
[V3A-FEAS] diagnostic only: active lazy cut remains unchanged in v3a
[V3A-FEAS] front_prune_tests_run=6
[V3A-FEAS] infeasible route detected
[V3A-FEAS] route_arc_ids=[0, 3595, 3632, 3543, 2395, 1845, 1694, 3604]
[V3A-FEAS] route_len=8 skeleton_len=18 fail_i=11
[V3A-FEAS] failed_skeleton_edge=C9->C16
[V3A-FEAS] covering_arc_pos=5 covering_arc_id=1845
[V3A-FEAS] current_full_route_cut_size=8
[V3A-FEAS] prefix_through_failure_size=6 prefix_arc_ids=[0, 3595, 3632, 3543, 2395, 1845]
[V3A-FEAS] front_prune_test start_pos=0 candidate_size=6 candidate_ok=False candidate_fail_i=11 candidate_skeleton_len=13 candidate_arc_ids=[0, 3595, 3632, 3543, 2395, 1845]
[V3A-FEAS] front_prune_test start_pos=1 candidate_size=5 candidate_ok=False candidate_fail_i=10 candidate_skeleton_len=12 candidate_arc_ids=[3595, 3632, 3543, 2395, 1845]
[V3A-FEAS] front_prune_test start_pos=2 candidate_size=4 candidate_ok=False candidate_fail_i=8 candidate_skeleton_len=10 candidate_arc_ids=[3632, 3543, 2395, 1845]
[V3A-FEAS] front_prune_test start_pos=3 candidate_size=3 candidate_ok=False candidate_fail_i=6 candidate_skeleton_len=8 candidate_arc_ids=[3543, 2395, 1845]
[V3A-FEAS] front_prune_test start_pos=4 candidate_size=2 candidate_ok=False candidate_fail_i=4 candidate_skeleton_len=6 candidate_arc_ids=[2395, 1845]
[V3A-FEAS] front_prune_test start_pos=5 candidate_size=1 candidate_ok=True candidate_fail_i=None candidate_skeleton_len=4 candidate_arc_ids=[1845]
[V3A-FEAS] smallest_observed_front_pruned_bad_size=2
[V3A-FEAS] smallest_observed_front_pruned_bad_arc_ids=[2395, 1845]
[V3A-FEAS] diagnostic only: active lazy cut remains unchanged in v3a
[V3A-FEAS] front_prune_tests_run=6
[V3A-FEAS] infeasible route detected
[V3A-FEAS] route_arc_ids=[0, 3595, 3632, 3543, 2397, 3085, 3611, 3585, 1715]
[V3A-FEAS] route_len=9 skeleton_len=18 fail_i=14
[V3A-FEAS] failed_skeleton_edge=C9->C16
[V3A-FEAS] covering_arc_pos=7 covering_arc_id=3585
[V3A-FEAS] current_full_route_cut_size=9
[V3A-FEAS] prefix_through_failure_size=8 prefix_arc_ids=[0, 3595, 3632, 3543, 2397, 3085, 3611, 3585]
[V3A-FEAS] front_prune_test start_pos=0 candidate_size=8 candidate_ok=False candidate_fail_i=14 candidate_skeleton_len=16 candidate_arc_ids=[0, 3595, 3632, 3543, 2397, 3085, 3611, 3585]
[V3A-FEAS] front_prune_test start_pos=1 candidate_size=7 candidate_ok=False candidate_fail_i=13 candidate_skeleton_len=15 candidate_arc_ids=[3595, 3632, 3543, 2397, 3085, 3611, 3585]
[V3A-FEAS] front_prune_test start_pos=2 candidate_size=6 candidate_ok=False candidate_fail_i=11 candidate_skeleton_len=13 candidate_arc_ids=[3632, 3543, 2397, 3085, 3611, 3585]
[V3A-FEAS] front_prune_test start_pos=3 candidate_size=5 candidate_ok=False candidate_fail_i=9 candidate_skeleton_len=11 candidate_arc_ids=[3543, 2397, 3085, 3611, 3585]
[V3A-FEAS] front_prune_test start_pos=4 candidate_size=4 candidate_ok=False candidate_fail_i=7 candidate_skeleton_len=9 candidate_arc_ids=[2397, 3085, 3611, 3585]
[V3A-FEAS] front_prune_test start_pos=5 candidate_size=3 candidate_ok=False candidate_fail_i=5 candidate_skeleton_len=7 candidate_arc_ids=[3085, 3611, 3585]
[V3A-FEAS] front_prune_test start_pos=6 candidate_size=2 candidate_ok=False candidate_fail_i=3 candidate_skeleton_len=5 candidate_arc_ids=[3611, 3585]
[V3A-FEAS] front_prune_test start_pos=7 candidate_size=1 candidate_ok=True candidate_fail_i=None candidate_skeleton_len=3 candidate_arc_ids=[3585]
[V3A-FEAS] smallest_observed_front_pruned_bad_size=2
[V3A-FEAS] smallest_observed_front_pruned_bad_arc_ids=[3611, 3585]
[V3A-FEAS] diagnostic only: active lazy cut remains unchanged in v3a
[V3A-FEAS] front_prune_tests_run=8
[V3A-FEAS] infeasible route detected
[V3A-FEAS] route_arc_ids=[0, 3595, 3632, 3543, 2397, 3085, 3611, 3584, 1715]
[V3A-FEAS] route_len=9 skeleton_len=18 fail_i=14
[V3A-FEAS] failed_skeleton_edge=C9->C16
[V3A-FEAS] covering_arc_pos=7 covering_arc_id=3584
[V3A-FEAS] current_full_route_cut_size=9
[V3A-FEAS] prefix_through_failure_size=8 prefix_arc_ids=[0, 3595, 3632, 3543, 2397, 3085, 3611, 3584]
[V3A-FEAS] front_prune_test start_pos=0 candidate_size=8 candidate_ok=False candidate_fail_i=14 candidate_skeleton_len=16 candidate_arc_ids=[0, 3595, 3632, 3543, 2397, 3085, 3611, 3584]
[V3A-FEAS] front_prune_test start_pos=1 candidate_size=7 candidate_ok=False candidate_fail_i=13 candidate_skeleton_len=15 candidate_arc_ids=[3595, 3632, 3543, 2397, 3085, 3611, 3584]
[V3A-FEAS] front_prune_test start_pos=2 candidate_size=6 candidate_ok=False candidate_fail_i=11 candidate_skeleton_len=13 candidate_arc_ids=[3632, 3543, 2397, 3085, 3611, 3584]
[V3A-FEAS] front_prune_test start_pos=3 candidate_size=5 candidate_ok=False candidate_fail_i=9 candidate_skeleton_len=11 candidate_arc_ids=[3543, 2397, 3085, 3611, 3584]
[V3A-FEAS] front_prune_test start_pos=4 candidate_size=4 candidate_ok=False candidate_fail_i=7 candidate_skeleton_len=9 candidate_arc_ids=[2397, 3085, 3611, 3584]
[V3A-FEAS] front_prune_test start_pos=5 candidate_size=3 candidate_ok=False candidate_fail_i=5 candidate_skeleton_len=7 candidate_arc_ids=[3085, 3611, 3584]
[V3A-FEAS] front_prune_test start_pos=6 candidate_size=2 candidate_ok=False candidate_fail_i=3 candidate_skeleton_len=5 candidate_arc_ids=[3611, 3584]
[V3A-FEAS] front_prune_test start_pos=7 candidate_size=1 candidate_ok=True candidate_fail_i=None candidate_skeleton_len=3 candidate_arc_ids=[3584]
[V3A-FEAS] smallest_observed_front_pruned_bad_size=2
[V3A-FEAS] smallest_observed_front_pruned_bad_arc_ids=[3611, 3584]
[V3A-FEAS] diagnostic only: active lazy cut remains unchanged in v3a
[V3A-FEAS] front_prune_tests_run=8
[V3A-FEAS] infeasible route detected
[V3A-FEAS] route_arc_ids=[0, 3595, 3632, 3542, 2397, 3085, 3611, 3411]
[V3A-FEAS] route_len=8 skeleton_len=18 fail_i=13
[V3A-FEAS] failed_skeleton_edge=C7->C16
[V3A-FEAS] covering_arc_pos=7 covering_arc_id=3411
[V3A-FEAS] current_full_route_cut_size=8
[V3A-FEAS] prefix_through_failure_size=8 prefix_arc_ids=[0, 3595, 3632, 3542, 2397, 3085, 3611, 3411]
[V3A-FEAS] front_prune_test start_pos=0 candidate_size=8 candidate_ok=False candidate_fail_i=13 candidate_skeleton_len=18 candidate_arc_ids=[0, 3595, 3632, 3542, 2397, 3085, 3611, 3411]
[V3A-FEAS] front_prune_test start_pos=1 candidate_size=7 candidate_ok=False candidate_fail_i=12 candidate_skeleton_len=17 candidate_arc_ids=[3595, 3632, 3542, 2397, 3085, 3611, 3411]
[V3A-FEAS] front_prune_test start_pos=2 candidate_size=6 candidate_ok=False candidate_fail_i=10 candidate_skeleton_len=15 candidate_arc_ids=[3632, 3542, 2397, 3085, 3611, 3411]
[V3A-FEAS] front_prune_test start_pos=3 candidate_size=5 candidate_ok=False candidate_fail_i=8 candidate_skeleton_len=13 candidate_arc_ids=[3542, 2397, 3085, 3611, 3411]
[V3A-FEAS] front_prune_test start_pos=4 candidate_size=4 candidate_ok=False candidate_fail_i=6 candidate_skeleton_len=11 candidate_arc_ids=[2397, 3085, 3611, 3411]
[V3A-FEAS] front_prune_test start_pos=5 candidate_size=3 candidate_ok=False candidate_fail_i=4 candidate_skeleton_len=9 candidate_arc_ids=[3085, 3611, 3411]
[V3A-FEAS] front_prune_test start_pos=6 candidate_size=2 candidate_ok=False candidate_fail_i=2 candidate_skeleton_len=7 candidate_arc_ids=[3611, 3411]
[V3A-FEAS] front_prune_test start_pos=7 candidate_size=1 candidate_ok=True candidate_fail_i=None candidate_skeleton_len=5 candidate_arc_ids=[3411]
[V3A-FEAS] smallest_observed_front_pruned_bad_size=2
[V3A-FEAS] smallest_observed_front_pruned_bad_arc_ids=[3611, 3411]
[V3A-FEAS] diagnostic only: active lazy cut remains unchanged in v3a
[V3A-FEAS] front_prune_tests_run=8
[V3A-FEAS] infeasible route detected
[V3A-FEAS] route_arc_ids=[0, 3595, 3632, 3543, 2395, 1832, 2242]
[V3A-FEAS] route_len=7 skeleton_len=18 fail_i=13
[V3A-FEAS] failed_skeleton_edge=C11->C16
[V3A-FEAS] covering_arc_pos=6 covering_arc_id=2242
[V3A-FEAS] current_full_route_cut_size=7
[V3A-FEAS] prefix_through_failure_size=7 prefix_arc_ids=[0, 3595, 3632, 3543, 2395, 1832, 2242]
[V3A-FEAS] front_prune_test start_pos=0 candidate_size=7 candidate_ok=False candidate_fail_i=13 candidate_skeleton_len=18 candidate_arc_ids=[0, 3595, 3632, 3543, 2395, 1832, 2242]
[V3A-FEAS] front_prune_test start_pos=1 candidate_size=6 candidate_ok=False candidate_fail_i=12 candidate_skeleton_len=17 candidate_arc_ids=[3595, 3632, 3543, 2395, 1832, 2242]
[V3A-FEAS] front_prune_test start_pos=2 candidate_size=5 candidate_ok=False candidate_fail_i=10 candidate_skeleton_len=15 candidate_arc_ids=[3632, 3543, 2395, 1832, 2242]
[V3A-FEAS] front_prune_test start_pos=3 candidate_size=4 candidate_ok=False candidate_fail_i=8 candidate_skeleton_len=13 candidate_arc_ids=[3543, 2395, 1832, 2242]
[V3A-FEAS] front_prune_test start_pos=4 candidate_size=3 candidate_ok=False candidate_fail_i=6 candidate_skeleton_len=11 candidate_arc_ids=[2395, 1832, 2242]
[V3A-FEAS] front_prune_test start_pos=5 candidate_size=2 candidate_ok=True candidate_fail_i=None candidate_skeleton_len=9 candidate_arc_ids=[1832, 2242]
[V3A-FEAS] front_prune_test start_pos=6 candidate_size=1 candidate_ok=True candidate_fail_i=None candidate_skeleton_len=5 candidate_arc_ids=[2242]
[V3A-FEAS] smallest_observed_front_pruned_bad_size=3
[V3A-FEAS] smallest_observed_front_pruned_bad_arc_ids=[2395, 1832, 2242]
[V3A-FEAS] diagnostic only: active lazy cut remains unchanged in v3a
[V3A-FEAS] front_prune_tests_run=7
[V3A-FEAS] infeasible route detected
[V3A-FEAS] route_arc_ids=[0, 3595, 3632, 3542, 2397, 2576, 2459, 1910]
[V3A-FEAS] route_len=8 skeleton_len=18 fail_i=9
[V3A-FEAS] failed_skeleton_edge=C10->C16
[V3A-FEAS] covering_arc_pos=5 covering_arc_id=2576
[V3A-FEAS] current_full_route_cut_size=8
[V3A-FEAS] prefix_through_failure_size=6 prefix_arc_ids=[0, 3595, 3632, 3542, 2397, 2576]
[V3A-FEAS] front_prune_test start_pos=0 candidate_size=6 candidate_ok=False candidate_fail_i=9 candidate_skeleton_len=13 candidate_arc_ids=[0, 3595, 3632, 3542, 2397, 2576]
[V3A-FEAS] front_prune_test start_pos=1 candidate_size=5 candidate_ok=False candidate_fail_i=8 candidate_skeleton_len=12 candidate_arc_ids=[3595, 3632, 3542, 2397, 2576]
[V3A-FEAS] front_prune_test start_pos=2 candidate_size=4 candidate_ok=True candidate_fail_i=None candidate_skeleton_len=10 candidate_arc_ids=[3632, 3542, 2397, 2576]
[V3A-FEAS] front_prune_test start_pos=3 candidate_size=3 candidate_ok=True candidate_fail_i=None candidate_skeleton_len=8 candidate_arc_ids=[3542, 2397, 2576]
[V3A-FEAS] front_prune_test start_pos=4 candidate_size=2 candidate_ok=True candidate_fail_i=None candidate_skeleton_len=6 candidate_arc_ids=[2397, 2576]
[V3A-FEAS] front_prune_test start_pos=5 candidate_size=1 candidate_ok=True candidate_fail_i=None candidate_skeleton_len=4 candidate_arc_ids=[2576]
[V3A-FEAS] smallest_observed_front_pruned_bad_size=5
[V3A-FEAS] smallest_observed_front_pruned_bad_arc_ids=[3595, 3632, 3542, 2397, 2576]
[V3A-FEAS] diagnostic only: active lazy cut remains unchanged in v3a
[V3A-FEAS] front_prune_tests_run=6
[V3A-FEAS] infeasible route detected
[V3A-FEAS] route_arc_ids=[0, 3595, 3632, 3542, 2395, 1845, 2592, 1995]
[V3A-FEAS] route_len=8 skeleton_len=18 fail_i=11
[V3A-FEAS] failed_skeleton_edge=C9->C16
[V3A-FEAS] covering_arc_pos=5 covering_arc_id=1845
[V3A-FEAS] current_full_route_cut_size=8
[V3A-FEAS] prefix_through_failure_size=6 prefix_arc_ids=[0, 3595, 3632, 3542, 2395, 1845]
[V3A-FEAS] front_prune_test start_pos=0 candidate_size=6 candidate_ok=False candidate_fail_i=11 candidate_skeleton_len=13 candidate_arc_ids=[0, 3595, 3632, 3542, 2395, 1845]
[V3A-FEAS] front_prune_test start_pos=1 candidate_size=5 candidate_ok=False candidate_fail_i=10 candidate_skeleton_len=12 candidate_arc_ids=[3595, 3632, 3542, 2395, 1845]
[V3A-FEAS] front_prune_test start_pos=2 candidate_size=4 candidate_ok=False candidate_fail_i=8 candidate_skeleton_len=10 candidate_arc_ids=[3632, 3542, 2395, 1845]
[V3A-FEAS] front_prune_test start_pos=3 candidate_size=3 candidate_ok=False candidate_fail_i=6 candidate_skeleton_len=8 candidate_arc_ids=[3542, 2395, 1845]
[V3A-FEAS] front_prune_test start_pos=4 candidate_size=2 candidate_ok=False candidate_fail_i=4 candidate_skeleton_len=6 candidate_arc_ids=[2395, 1845]
[V3A-FEAS] front_prune_test start_pos=5 candidate_size=1 candidate_ok=True candidate_fail_i=None candidate_skeleton_len=4 candidate_arc_ids=[1845]
[V3A-FEAS] smallest_observed_front_pruned_bad_size=2
[V3A-FEAS] smallest_observed_front_pruned_bad_arc_ids=[2395, 1845]
[V3A-FEAS] diagnostic only: active lazy cut remains unchanged in v3a
[V3A-FEAS] front_prune_tests_run=6
[V3A-FEAS] infeasible route detected
[V3A-FEAS] route_arc_ids=[0, 3595, 3632, 3542, 2395, 1845, 2591, 1994]
[V3A-FEAS] route_len=8 skeleton_len=18 fail_i=11
[V3A-FEAS] failed_skeleton_edge=C9->C16
[V3A-FEAS] covering_arc_pos=5 covering_arc_id=1845
[V3A-FEAS] current_full_route_cut_size=8
[V3A-FEAS] prefix_through_failure_size=6 prefix_arc_ids=[0, 3595, 3632, 3542, 2395, 1845]
[V3A-FEAS] front_prune_test start_pos=0 candidate_size=6 candidate_ok=False candidate_fail_i=11 candidate_skeleton_len=13 candidate_arc_ids=[0, 3595, 3632, 3542, 2395, 1845]
[V3A-FEAS] front_prune_test start_pos=1 candidate_size=5 candidate_ok=False candidate_fail_i=10 candidate_skeleton_len=12 candidate_arc_ids=[3595, 3632, 3542, 2395, 1845]
[V3A-FEAS] front_prune_test start_pos=2 candidate_size=4 candidate_ok=False candidate_fail_i=8 candidate_skeleton_len=10 candidate_arc_ids=[3632, 3542, 2395, 1845]
[V3A-FEAS] front_prune_test start_pos=3 candidate_size=3 candidate_ok=False candidate_fail_i=6 candidate_skeleton_len=8 candidate_arc_ids=[3542, 2395, 1845]
[V3A-FEAS] front_prune_test start_pos=4 candidate_size=2 candidate_ok=False candidate_fail_i=4 candidate_skeleton_len=6 candidate_arc_ids=[2395, 1845]
[V3A-FEAS] front_prune_test start_pos=5 candidate_size=1 candidate_ok=True candidate_fail_i=None candidate_skeleton_len=4 candidate_arc_ids=[1845]
[V3A-FEAS] smallest_observed_front_pruned_bad_size=2
[V3A-FEAS] smallest_observed_front_pruned_bad_arc_ids=[2395, 1845]
[V3A-FEAS] diagnostic only: active lazy cut remains unchanged in v3a
[V3A-FEAS] front_prune_tests_run=6
[V3A-FEAS] infeasible route detected
[V3A-FEAS] route_arc_ids=[0, 3595, 3632, 3543, 2395, 1845, 1693, 3602]
[V3A-FEAS] route_len=8 skeleton_len=18 fail_i=11
[V3A-FEAS] failed_skeleton_edge=C9->C16
[V3A-FEAS] covering_arc_pos=5 covering_arc_id=1845
[V3A-FEAS] current_full_route_cut_size=8
[V3A-FEAS] prefix_through_failure_size=6 prefix_arc_ids=[0, 3595, 3632, 3543, 2395, 1845]
[V3A-FEAS] front_prune_test start_pos=0 candidate_size=6 candidate_ok=False candidate_fail_i=11 candidate_skeleton_len=13 candidate_arc_ids=[0, 3595, 3632, 3543, 2395, 1845]
[V3A-FEAS] front_prune_test start_pos=1 candidate_size=5 candidate_ok=False candidate_fail_i=10 candidate_skeleton_len=12 candidate_arc_ids=[3595, 3632, 3543, 2395, 1845]
[V3A-FEAS] front_prune_test start_pos=2 candidate_size=4 candidate_ok=False candidate_fail_i=8 candidate_skeleton_len=10 candidate_arc_ids=[3632, 3543, 2395, 1845]
[V3A-FEAS] front_prune_test start_pos=3 candidate_size=3 candidate_ok=False candidate_fail_i=6 candidate_skeleton_len=8 candidate_arc_ids=[3543, 2395, 1845]
[V3A-FEAS] front_prune_test start_pos=4 candidate_size=2 candidate_ok=False candidate_fail_i=4 candidate_skeleton_len=6 candidate_arc_ids=[2395, 1845]
[V3A-FEAS] front_prune_test start_pos=5 candidate_size=1 candidate_ok=True candidate_fail_i=None candidate_skeleton_len=4 candidate_arc_ids=[1845]
[V3A-FEAS] smallest_observed_front_pruned_bad_size=2
[V3A-FEAS] smallest_observed_front_pruned_bad_arc_ids=[2395, 1845]
[V3A-FEAS] diagnostic only: active lazy cut remains unchanged in v3a
[V3A-FEAS] front_prune_tests_run=6
[V3A-FEAS] infeasible route detected
[V3A-FEAS] route_arc_ids=[0, 3595, 3632, 3542, 2395, 1845, 1693, 3603]
[V3A-FEAS] route_len=8 skeleton_len=18 fail_i=11
[V3A-FEAS] failed_skeleton_edge=C9->C16
[V3A-FEAS] covering_arc_pos=5 covering_arc_id=1845
[V3A-FEAS] current_full_route_cut_size=8
[V3A-FEAS] prefix_through_failure_size=6 prefix_arc_ids=[0, 3595, 3632, 3542, 2395, 1845]
[V3A-FEAS] front_prune_test start_pos=0 candidate_size=6 candidate_ok=False candidate_fail_i=11 candidate_skeleton_len=13 candidate_arc_ids=[0, 3595, 3632, 3542, 2395, 1845]
[V3A-FEAS] front_prune_test start_pos=1 candidate_size=5 candidate_ok=False candidate_fail_i=10 candidate_skeleton_len=12 candidate_arc_ids=[3595, 3632, 3542, 2395, 1845]
[V3A-FEAS] front_prune_test start_pos=2 candidate_size=4 candidate_ok=False candidate_fail_i=8 candidate_skeleton_len=10 candidate_arc_ids=[3632, 3542, 2395, 1845]
[V3A-FEAS] front_prune_test start_pos=3 candidate_size=3 candidate_ok=False candidate_fail_i=6 candidate_skeleton_len=8 candidate_arc_ids=[3542, 2395, 1845]
[V3A-FEAS] front_prune_test start_pos=4 candidate_size=2 candidate_ok=False candidate_fail_i=4 candidate_skeleton_len=6 candidate_arc_ids=[2395, 1845]
[V3A-FEAS] front_prune_test start_pos=5 candidate_size=1 candidate_ok=True candidate_fail_i=None candidate_skeleton_len=4 candidate_arc_ids=[1845]
[V3A-FEAS] smallest_observed_front_pruned_bad_size=2
[V3A-FEAS] smallest_observed_front_pruned_bad_arc_ids=[2395, 1845]
[V3A-FEAS] diagnostic only: active lazy cut remains unchanged in v3a
[V3A-FEAS] front_prune_tests_run=6
[V3A-FEAS] infeasible route detected
[V3A-FEAS] route_arc_ids=[0, 3595, 3632, 3543, 2397, 2576, 2459, 1911]
[V3A-FEAS] route_len=8 skeleton_len=18 fail_i=9
[V3A-FEAS] failed_skeleton_edge=C10->C16
[V3A-FEAS] covering_arc_pos=5 covering_arc_id=2576
[V3A-FEAS] current_full_route_cut_size=8
[V3A-FEAS] prefix_through_failure_size=6 prefix_arc_ids=[0, 3595, 3632, 3543, 2397, 2576]
[V3A-FEAS] front_prune_test start_pos=0 candidate_size=6 candidate_ok=False candidate_fail_i=9 candidate_skeleton_len=13 candidate_arc_ids=[0, 3595, 3632, 3543, 2397, 2576]
[V3A-FEAS] front_prune_test start_pos=1 candidate_size=5 candidate_ok=False candidate_fail_i=8 candidate_skeleton_len=12 candidate_arc_ids=[3595, 3632, 3543, 2397, 2576]
[V3A-FEAS] front_prune_test start_pos=2 candidate_size=4 candidate_ok=True candidate_fail_i=None candidate_skeleton_len=10 candidate_arc_ids=[3632, 3543, 2397, 2576]
[V3A-FEAS] front_prune_test start_pos=3 candidate_size=3 candidate_ok=True candidate_fail_i=None candidate_skeleton_len=8 candidate_arc_ids=[3543, 2397, 2576]
[V3A-FEAS] front_prune_test start_pos=4 candidate_size=2 candidate_ok=True candidate_fail_i=None candidate_skeleton_len=6 candidate_arc_ids=[2397, 2576]
[V3A-FEAS] front_prune_test start_pos=5 candidate_size=1 candidate_ok=True candidate_fail_i=None candidate_skeleton_len=4 candidate_arc_ids=[2576]
[V3A-FEAS] smallest_observed_front_pruned_bad_size=5
[V3A-FEAS] smallest_observed_front_pruned_bad_arc_ids=[3595, 3632, 3543, 2397, 2576]
[V3A-FEAS] diagnostic only: active lazy cut remains unchanged in v3a
[V3A-FEAS] front_prune_tests_run=6
[V3A-FEAS] infeasible route detected
[V3A-FEAS] route_arc_ids=[0, 3595, 3632, 3542, 2397, 2578, 2459, 1910]
[V3A-FEAS] route_len=8 skeleton_len=18 fail_i=9
[V3A-FEAS] failed_skeleton_edge=C10->C16
[V3A-FEAS] covering_arc_pos=5 covering_arc_id=2578
[V3A-FEAS] current_full_route_cut_size=8
[V3A-FEAS] prefix_through_failure_size=6 prefix_arc_ids=[0, 3595, 3632, 3542, 2397, 2578]
[V3A-FEAS] front_prune_test start_pos=0 candidate_size=6 candidate_ok=False candidate_fail_i=9 candidate_skeleton_len=13 candidate_arc_ids=[0, 3595, 3632, 3542, 2397, 2578]
[V3A-FEAS] front_prune_test start_pos=1 candidate_size=5 candidate_ok=False candidate_fail_i=8 candidate_skeleton_len=12 candidate_arc_ids=[3595, 3632, 3542, 2397, 2578]
[V3A-FEAS] front_prune_test start_pos=2 candidate_size=4 candidate_ok=True candidate_fail_i=None candidate_skeleton_len=10 candidate_arc_ids=[3632, 3542, 2397, 2578]
[V3A-FEAS] front_prune_test start_pos=3 candidate_size=3 candidate_ok=True candidate_fail_i=None candidate_skeleton_len=8 candidate_arc_ids=[3542, 2397, 2578]
[V3A-FEAS] front_prune_test start_pos=4 candidate_size=2 candidate_ok=True candidate_fail_i=None candidate_skeleton_len=6 candidate_arc_ids=[2397, 2578]
[V3A-FEAS] front_prune_test start_pos=5 candidate_size=1 candidate_ok=True candidate_fail_i=None candidate_skeleton_len=4 candidate_arc_ids=[2578]
[V3A-FEAS] smallest_observed_front_pruned_bad_size=5
[V3A-FEAS] smallest_observed_front_pruned_bad_arc_ids=[3595, 3632, 3542, 2397, 2578]
[V3A-FEAS] diagnostic only: active lazy cut remains unchanged in v3a
[V3A-FEAS] front_prune_tests_run=6
[V3A-FEAS] infeasible route detected
[V3A-FEAS] route_arc_ids=[0, 3595, 3632, 3542, 2397, 2578, 2459, 1911]
[V3A-FEAS] route_len=8 skeleton_len=18 fail_i=9
[V3A-FEAS] failed_skeleton_edge=C10->C16
[V3A-FEAS] covering_arc_pos=5 covering_arc_id=2578
[V3A-FEAS] current_full_route_cut_size=8
[V3A-FEAS] prefix_through_failure_size=6 prefix_arc_ids=[0, 3595, 3632, 3542, 2397, 2578]
[V3A-FEAS] front_prune_test start_pos=0 candidate_size=6 candidate_ok=False candidate_fail_i=9 candidate_skeleton_len=13 candidate_arc_ids=[0, 3595, 3632, 3542, 2397, 2578]
[V3A-FEAS] front_prune_test start_pos=1 candidate_size=5 candidate_ok=False candidate_fail_i=8 candidate_skeleton_len=12 candidate_arc_ids=[3595, 3632, 3542, 2397, 2578]
[V3A-FEAS] front_prune_test start_pos=2 candidate_size=4 candidate_ok=True candidate_fail_i=None candidate_skeleton_len=10 candidate_arc_ids=[3632, 3542, 2397, 2578]
[V3A-FEAS] front_prune_test start_pos=3 candidate_size=3 candidate_ok=True candidate_fail_i=None candidate_skeleton_len=8 candidate_arc_ids=[3542, 2397, 2578]
[V3A-FEAS] front_prune_test start_pos=4 candidate_size=2 candidate_ok=True candidate_fail_i=None candidate_skeleton_len=6 candidate_arc_ids=[2397, 2578]
[V3A-FEAS] front_prune_test start_pos=5 candidate_size=1 candidate_ok=True candidate_fail_i=None candidate_skeleton_len=4 candidate_arc_ids=[2578]
[V3A-FEAS] smallest_observed_front_pruned_bad_size=5
[V3A-FEAS] smallest_observed_front_pruned_bad_arc_ids=[3595, 3632, 3542, 2397, 2578]
[V3A-FEAS] diagnostic only: active lazy cut remains unchanged in v3a
[V3A-FEAS] front_prune_tests_run=6
[V3A-FEAS] infeasible route detected
[V3A-FEAS] route_arc_ids=[0, 3595, 3632, 3542, 2397, 3085, 3613, 3584, 1715]
[V3A-FEAS] route_len=9 skeleton_len=18 fail_i=14
[V3A-FEAS] failed_skeleton_edge=C9->C16
[V3A-FEAS] covering_arc_pos=7 covering_arc_id=3584
[V3A-FEAS] current_full_route_cut_size=9
[V3A-FEAS] prefix_through_failure_size=8 prefix_arc_ids=[0, 3595, 3632, 3542, 2397, 3085, 3613, 3584]
[V3A-FEAS] front_prune_test start_pos=0 candidate_size=8 candidate_ok=False candidate_fail_i=14 candidate_skeleton_len=16 candidate_arc_ids=[0, 3595, 3632, 3542, 2397, 3085, 3613, 3584]
[V3A-FEAS] front_prune_test start_pos=1 candidate_size=7 candidate_ok=False candidate_fail_i=13 candidate_skeleton_len=15 candidate_arc_ids=[3595, 3632, 3542, 2397, 3085, 3613, 3584]
[V3A-FEAS] front_prune_test start_pos=2 candidate_size=6 candidate_ok=False candidate_fail_i=11 candidate_skeleton_len=13 candidate_arc_ids=[3632, 3542, 2397, 3085, 3613, 3584]
[V3A-FEAS] front_prune_test start_pos=3 candidate_size=5 candidate_ok=False candidate_fail_i=9 candidate_skeleton_len=11 candidate_arc_ids=[3542, 2397, 3085, 3613, 3584]
[V3A-FEAS] front_prune_test start_pos=4 candidate_size=4 candidate_ok=False candidate_fail_i=7 candidate_skeleton_len=9 candidate_arc_ids=[2397, 3085, 3613, 3584]
[V3A-FEAS] front_prune_test start_pos=5 candidate_size=3 candidate_ok=False candidate_fail_i=5 candidate_skeleton_len=7 candidate_arc_ids=[3085, 3613, 3584]
[V3A-FEAS] front_prune_test start_pos=6 candidate_size=2 candidate_ok=False candidate_fail_i=3 candidate_skeleton_len=5 candidate_arc_ids=[3613, 3584]
[V3A-FEAS] front_prune_test start_pos=7 candidate_size=1 candidate_ok=True candidate_fail_i=None candidate_skeleton_len=3 candidate_arc_ids=[3584]
[V3A-FEAS] smallest_observed_front_pruned_bad_size=2
[V3A-FEAS] smallest_observed_front_pruned_bad_arc_ids=[3613, 3584]
[V3A-FEAS] diagnostic only: active lazy cut remains unchanged in v3a
[V3A-FEAS] front_prune_tests_run=8
[V3A-FEAS] infeasible route detected
[V3A-FEAS] route_arc_ids=[0, 3595, 3632, 3542, 2399, 3613, 3576, 1657]
[V3A-FEAS] route_len=8 skeleton_len=18 fail_i=13
[V3A-FEAS] failed_skeleton_edge=C10->C16
[V3A-FEAS] covering_arc_pos=7 covering_arc_id=1657
[V3A-FEAS] current_full_route_cut_size=8
[V3A-FEAS] prefix_through_failure_size=8 prefix_arc_ids=[0, 3595, 3632, 3542, 2399, 3613, 3576, 1657]
[V3A-FEAS] front_prune_test start_pos=0 candidate_size=8 candidate_ok=False candidate_fail_i=13 candidate_skeleton_len=18 candidate_arc_ids=[0, 3595, 3632, 3542, 2399, 3613, 3576, 1657]
[V3A-FEAS] front_prune_test start_pos=1 candidate_size=7 candidate_ok=False candidate_fail_i=12 candidate_skeleton_len=17 candidate_arc_ids=[3595, 3632, 3542, 2399, 3613, 3576, 1657]
[V3A-FEAS] front_prune_test start_pos=2 candidate_size=6 candidate_ok=False candidate_fail_i=10 candidate_skeleton_len=15 candidate_arc_ids=[3632, 3542, 2399, 3613, 3576, 1657]
[V3A-FEAS] front_prune_test start_pos=3 candidate_size=5 candidate_ok=False candidate_fail_i=8 candidate_skeleton_len=13 candidate_arc_ids=[3542, 2399, 3613, 3576, 1657]
[V3A-FEAS] front_prune_test start_pos=4 candidate_size=4 candidate_ok=False candidate_fail_i=6 candidate_skeleton_len=11 candidate_arc_ids=[2399, 3613, 3576, 1657]
[V3A-FEAS] front_prune_test start_pos=5 candidate_size=3 candidate_ok=False candidate_fail_i=4 candidate_skeleton_len=9 candidate_arc_ids=[3613, 3576, 1657]
[V3A-FEAS] front_prune_test start_pos=6 candidate_size=2 candidate_ok=True candidate_fail_i=None candidate_skeleton_len=7 candidate_arc_ids=[3576, 1657]
[V3A-FEAS] front_prune_test start_pos=7 candidate_size=1 candidate_ok=True candidate_fail_i=None candidate_skeleton_len=5 candidate_arc_ids=[1657]
[V3A-FEAS] smallest_observed_front_pruned_bad_size=3
[V3A-FEAS] smallest_observed_front_pruned_bad_arc_ids=[3613, 3576, 1657]
[V3A-FEAS] diagnostic only: active lazy cut remains unchanged in v3a
[V3A-FEAS] front_prune_tests_run=8
[V3A-FEAS] infeasible route detected
[V3A-FEAS] route_arc_ids=[0, 3595, 3632, 3542, 2395, 1844, 1693, 3603]
[V3A-FEAS] route_len=8 skeleton_len=18 fail_i=11
[V3A-FEAS] failed_skeleton_edge=C9->C16
[V3A-FEAS] covering_arc_pos=5 covering_arc_id=1844
[V3A-FEAS] current_full_route_cut_size=8
[V3A-FEAS] prefix_through_failure_size=6 prefix_arc_ids=[0, 3595, 3632, 3542, 2395, 1844]
[V3A-FEAS] front_prune_test start_pos=0 candidate_size=6 candidate_ok=False candidate_fail_i=11 candidate_skeleton_len=13 candidate_arc_ids=[0, 3595, 3632, 3542, 2395, 1844]
[V3A-FEAS] front_prune_test start_pos=1 candidate_size=5 candidate_ok=False candidate_fail_i=10 candidate_skeleton_len=12 candidate_arc_ids=[3595, 3632, 3542, 2395, 1844]
[V3A-FEAS] front_prune_test start_pos=2 candidate_size=4 candidate_ok=False candidate_fail_i=8 candidate_skeleton_len=10 candidate_arc_ids=[3632, 3542, 2395, 1844]
[V3A-FEAS] front_prune_test start_pos=3 candidate_size=3 candidate_ok=False candidate_fail_i=6 candidate_skeleton_len=8 candidate_arc_ids=[3542, 2395, 1844]
[V3A-FEAS] front_prune_test start_pos=4 candidate_size=2 candidate_ok=False candidate_fail_i=4 candidate_skeleton_len=6 candidate_arc_ids=[2395, 1844]
[V3A-FEAS] front_prune_test start_pos=5 candidate_size=1 candidate_ok=True candidate_fail_i=None candidate_skeleton_len=4 candidate_arc_ids=[1844]
[V3A-FEAS] smallest_observed_front_pruned_bad_size=2
[V3A-FEAS] smallest_observed_front_pruned_bad_arc_ids=[2395, 1844]
[V3A-FEAS] diagnostic only: active lazy cut remains unchanged in v3a
[V3A-FEAS] front_prune_tests_run=6
[V3A-FEAS] infeasible route detected
[V3A-FEAS] route_arc_ids=[0, 3595, 3632, 3543, 2397, 3084, 2251, 3571]
[V3A-FEAS] route_len=8 skeleton_len=18 fail_i=11
[V3A-FEAS] failed_skeleton_edge=C11->C16
[V3A-FEAS] covering_arc_pos=6 covering_arc_id=2251
[V3A-FEAS] current_full_route_cut_size=8
[V3A-FEAS] prefix_through_failure_size=7 prefix_arc_ids=[0, 3595, 3632, 3543, 2397, 3084, 2251]
[V3A-FEAS] front_prune_test start_pos=0 candidate_size=7 candidate_ok=False candidate_fail_i=11 candidate_skeleton_len=16 candidate_arc_ids=[0, 3595, 3632, 3543, 2397, 3084, 2251]
[V3A-FEAS] front_prune_test start_pos=1 candidate_size=6 candidate_ok=False candidate_fail_i=10 candidate_skeleton_len=15 candidate_arc_ids=[3595, 3632, 3543, 2397, 3084, 2251]
[V3A-FEAS] front_prune_test start_pos=2 candidate_size=5 candidate_ok=True candidate_fail_i=None candidate_skeleton_len=13 candidate_arc_ids=[3632, 3543, 2397, 3084, 2251]
[V3A-FEAS] front_prune_test start_pos=3 candidate_size=4 candidate_ok=True candidate_fail_i=None candidate_skeleton_len=11 candidate_arc_ids=[3543, 2397, 3084, 2251]
[V3A-FEAS] front_prune_test start_pos=4 candidate_size=3 candidate_ok=True candidate_fail_i=None candidate_skeleton_len=9 candidate_arc_ids=[2397, 3084, 2251]
[V3A-FEAS] front_prune_test start_pos=5 candidate_size=2 candidate_ok=True candidate_fail_i=None candidate_skeleton_len=7 candidate_arc_ids=[3084, 2251]
[V3A-FEAS] front_prune_test start_pos=6 candidate_size=1 candidate_ok=True candidate_fail_i=None candidate_skeleton_len=5 candidate_arc_ids=[2251]
[V3A-FEAS] smallest_observed_front_pruned_bad_size=6
[V3A-FEAS] smallest_observed_front_pruned_bad_arc_ids=[3595, 3632, 3543, 2397, 3084, 2251]
[V3A-FEAS] diagnostic only: active lazy cut remains unchanged in v3a
[V3A-FEAS] front_prune_tests_run=7
[V3A-FEAS] infeasible route detected
[V3A-FEAS] route_arc_ids=[0, 3595, 3632, 3542, 2395, 1844, 1694, 3603]
[V3A-FEAS] route_len=8 skeleton_len=18 fail_i=11
[V3A-FEAS] failed_skeleton_edge=C9->C16
[V3A-FEAS] covering_arc_pos=5 covering_arc_id=1844
[V3A-FEAS] current_full_route_cut_size=8
[V3A-FEAS] prefix_through_failure_size=6 prefix_arc_ids=[0, 3595, 3632, 3542, 2395, 1844]
[V3A-FEAS] front_prune_test start_pos=0 candidate_size=6 candidate_ok=False candidate_fail_i=11 candidate_skeleton_len=13 candidate_arc_ids=[0, 3595, 3632, 3542, 2395, 1844]
[V3A-FEAS] front_prune_test start_pos=1 candidate_size=5 candidate_ok=False candidate_fail_i=10 candidate_skeleton_len=12 candidate_arc_ids=[3595, 3632, 3542, 2395, 1844]
[V3A-FEAS] front_prune_test start_pos=2 candidate_size=4 candidate_ok=False candidate_fail_i=8 candidate_skeleton_len=10 candidate_arc_ids=[3632, 3542, 2395, 1844]
[V3A-FEAS] front_prune_test start_pos=3 candidate_size=3 candidate_ok=False candidate_fail_i=6 candidate_skeleton_len=8 candidate_arc_ids=[3542, 2395, 1844]
[V3A-FEAS] front_prune_test start_pos=4 candidate_size=2 candidate_ok=False candidate_fail_i=4 candidate_skeleton_len=6 candidate_arc_ids=[2395, 1844]
[V3A-FEAS] front_prune_test start_pos=5 candidate_size=1 candidate_ok=True candidate_fail_i=None candidate_skeleton_len=4 candidate_arc_ids=[1844]
[V3A-FEAS] smallest_observed_front_pruned_bad_size=2
[V3A-FEAS] smallest_observed_front_pruned_bad_arc_ids=[2395, 1844]
[V3A-FEAS] diagnostic only: active lazy cut remains unchanged in v3a
[V3A-FEAS] front_prune_tests_run=6
[V3A-FEAS] infeasible route detected
[V3A-FEAS] route_arc_ids=[0, 3595, 3632, 3543, 2399, 3613, 1845, 1685]
[V3A-FEAS] route_len=8 skeleton_len=18 fail_i=13
[V3A-FEAS] failed_skeleton_edge=C9->C16
[V3A-FEAS] covering_arc_pos=6 covering_arc_id=1845
[V3A-FEAS] current_full_route_cut_size=8
[V3A-FEAS] prefix_through_failure_size=7 prefix_arc_ids=[0, 3595, 3632, 3543, 2399, 3613, 1845]
[V3A-FEAS] front_prune_test start_pos=0 candidate_size=7 candidate_ok=False candidate_fail_i=13 candidate_skeleton_len=15 candidate_arc_ids=[0, 3595, 3632, 3543, 2399, 3613, 1845]
[V3A-FEAS] front_prune_test start_pos=1 candidate_size=6 candidate_ok=False candidate_fail_i=12 candidate_skeleton_len=14 candidate_arc_ids=[3595, 3632, 3543, 2399, 3613, 1845]
[V3A-FEAS] front_prune_test start_pos=2 candidate_size=5 candidate_ok=False candidate_fail_i=10 candidate_skeleton_len=12 candidate_arc_ids=[3632, 3543, 2399, 3613, 1845]
[V3A-FEAS] front_prune_test start_pos=3 candidate_size=4 candidate_ok=False candidate_fail_i=8 candidate_skeleton_len=10 candidate_arc_ids=[3543, 2399, 3613, 1845]
[V3A-FEAS] front_prune_test start_pos=4 candidate_size=3 candidate_ok=False candidate_fail_i=6 candidate_skeleton_len=8 candidate_arc_ids=[2399, 3613, 1845]
[V3A-FEAS] front_prune_test start_pos=5 candidate_size=2 candidate_ok=False candidate_fail_i=4 candidate_skeleton_len=6 candidate_arc_ids=[3613, 1845]
[V3A-FEAS] front_prune_test start_pos=6 candidate_size=1 candidate_ok=True candidate_fail_i=None candidate_skeleton_len=4 candidate_arc_ids=[1845]
[V3A-FEAS] smallest_observed_front_pruned_bad_size=2
[V3A-FEAS] smallest_observed_front_pruned_bad_arc_ids=[3613, 1845]
[V3A-FEAS] diagnostic only: active lazy cut remains unchanged in v3a
[V3A-FEAS] front_prune_tests_run=7
[V3A-FEAS] infeasible route detected
[V3A-FEAS] route_arc_ids=[0, 3595, 3632, 3542, 2397, 2577, 2004, 3570]
[V3A-FEAS] route_len=8 skeleton_len=18 fail_i=9
[V3A-FEAS] failed_skeleton_edge=C10->C16
[V3A-FEAS] covering_arc_pos=5 covering_arc_id=2577
[V3A-FEAS] current_full_route_cut_size=8
[V3A-FEAS] prefix_through_failure_size=6 prefix_arc_ids=[0, 3595, 3632, 3542, 2397, 2577]
[V3A-FEAS] front_prune_test start_pos=0 candidate_size=6 candidate_ok=False candidate_fail_i=9 candidate_skeleton_len=13 candidate_arc_ids=[0, 3595, 3632, 3542, 2397, 2577]
[V3A-FEAS] front_prune_test start_pos=1 candidate_size=5 candidate_ok=False candidate_fail_i=8 candidate_skeleton_len=12 candidate_arc_ids=[3595, 3632, 3542, 2397, 2577]
[V3A-FEAS] front_prune_test start_pos=2 candidate_size=4 candidate_ok=True candidate_fail_i=None candidate_skeleton_len=10 candidate_arc_ids=[3632, 3542, 2397, 2577]
[V3A-FEAS] front_prune_test start_pos=3 candidate_size=3 candidate_ok=True candidate_fail_i=None candidate_skeleton_len=8 candidate_arc_ids=[3542, 2397, 2577]
[V3A-FEAS] front_prune_test start_pos=4 candidate_size=2 candidate_ok=True candidate_fail_i=None candidate_skeleton_len=6 candidate_arc_ids=[2397, 2577]
[V3A-FEAS] front_prune_test start_pos=5 candidate_size=1 candidate_ok=True candidate_fail_i=None candidate_skeleton_len=4 candidate_arc_ids=[2577]
[V3A-FEAS] smallest_observed_front_pruned_bad_size=5
[V3A-FEAS] smallest_observed_front_pruned_bad_arc_ids=[3595, 3632, 3542, 2397, 2577]
[V3A-FEAS] diagnostic only: active lazy cut remains unchanged in v3a
[V3A-FEAS] front_prune_tests_run=6
[V3A-FEAS] infeasible route detected
[V3A-FEAS] route_arc_ids=[0, 3595, 3632, 3543, 2403, 1987, 1828]
[V3A-FEAS] route_len=7 skeleton_len=18 fail_i=8
[V3A-FEAS] failed_skeleton_edge=C5->C16
[V3A-FEAS] covering_arc_pos=4 covering_arc_id=2403
[V3A-FEAS] current_full_route_cut_size=7
[V3A-FEAS] prefix_through_failure_size=5 prefix_arc_ids=[0, 3595, 3632, 3543, 2403]
[V3A-FEAS] front_prune_test start_pos=0 candidate_size=5 candidate_ok=False candidate_fail_i=8 candidate_skeleton_len=10 candidate_arc_ids=[0, 3595, 3632, 3543, 2403]
[V3A-FEAS] front_prune_test start_pos=1 candidate_size=4 candidate_ok=False candidate_fail_i=7 candidate_skeleton_len=9 candidate_arc_ids=[3595, 3632, 3543, 2403]
[V3A-FEAS] front_prune_test start_pos=2 candidate_size=3 candidate_ok=True candidate_fail_i=None candidate_skeleton_len=7 candidate_arc_ids=[3632, 3543, 2403]
[V3A-FEAS] front_prune_test start_pos=3 candidate_size=2 candidate_ok=True candidate_fail_i=None candidate_skeleton_len=5 candidate_arc_ids=[3543, 2403]
[V3A-FEAS] front_prune_test start_pos=4 candidate_size=1 candidate_ok=True candidate_fail_i=None candidate_skeleton_len=3 candidate_arc_ids=[2403]
[V3A-FEAS] smallest_observed_front_pruned_bad_size=4
[V3A-FEAS] smallest_observed_front_pruned_bad_arc_ids=[3595, 3632, 3543, 2403]
[V3A-FEAS] diagnostic only: active lazy cut remains unchanged in v3a
[V3A-FEAS] front_prune_tests_run=5
[V3A-FEAS] infeasible route detected
[V3A-FEAS] route_arc_ids=[0, 3595, 3632, 3543, 2403, 1986, 1828]
[V3A-FEAS] route_len=7 skeleton_len=18 fail_i=8
[V3A-FEAS] failed_skeleton_edge=C5->C16
[V3A-FEAS] covering_arc_pos=4 covering_arc_id=2403
[V3A-FEAS] current_full_route_cut_size=7
[V3A-FEAS] prefix_through_failure_size=5 prefix_arc_ids=[0, 3595, 3632, 3543, 2403]
[V3A-FEAS] front_prune_test start_pos=0 candidate_size=5 candidate_ok=False candidate_fail_i=8 candidate_skeleton_len=10 candidate_arc_ids=[0, 3595, 3632, 3543, 2403]
[V3A-FEAS] front_prune_test start_pos=1 candidate_size=4 candidate_ok=False candidate_fail_i=7 candidate_skeleton_len=9 candidate_arc_ids=[3595, 3632, 3543, 2403]
[V3A-FEAS] front_prune_test start_pos=2 candidate_size=3 candidate_ok=True candidate_fail_i=None candidate_skeleton_len=7 candidate_arc_ids=[3632, 3543, 2403]
[V3A-FEAS] front_prune_test start_pos=3 candidate_size=2 candidate_ok=True candidate_fail_i=None candidate_skeleton_len=5 candidate_arc_ids=[3543, 2403]
[V3A-FEAS] front_prune_test start_pos=4 candidate_size=1 candidate_ok=True candidate_fail_i=None candidate_skeleton_len=3 candidate_arc_ids=[2403]
[V3A-FEAS] smallest_observed_front_pruned_bad_size=4
[V3A-FEAS] smallest_observed_front_pruned_bad_arc_ids=[3595, 3632, 3543, 2403]
[V3A-FEAS] diagnostic only: active lazy cut remains unchanged in v3a
[V3A-FEAS] front_prune_tests_run=5
[V3A-FEAS] infeasible route detected
[V3A-FEAS] route_arc_ids=[0, 3595, 3632, 3542, 2397, 2577, 2003, 3570]
[V3A-FEAS] route_len=8 skeleton_len=18 fail_i=9
[V3A-FEAS] failed_skeleton_edge=C10->C16
[V3A-FEAS] covering_arc_pos=5 covering_arc_id=2577
[V3A-FEAS] current_full_route_cut_size=8
[V3A-FEAS] prefix_through_failure_size=6 prefix_arc_ids=[0, 3595, 3632, 3542, 2397, 2577]
[V3A-FEAS] front_prune_test start_pos=0 candidate_size=6 candidate_ok=False candidate_fail_i=9 candidate_skeleton_len=13 candidate_arc_ids=[0, 3595, 3632, 3542, 2397, 2577]
[V3A-FEAS] front_prune_test start_pos=1 candidate_size=5 candidate_ok=False candidate_fail_i=8 candidate_skeleton_len=12 candidate_arc_ids=[3595, 3632, 3542, 2397, 2577]
[V3A-FEAS] front_prune_test start_pos=2 candidate_size=4 candidate_ok=True candidate_fail_i=None candidate_skeleton_len=10 candidate_arc_ids=[3632, 3542, 2397, 2577]
[V3A-FEAS] front_prune_test start_pos=3 candidate_size=3 candidate_ok=True candidate_fail_i=None candidate_skeleton_len=8 candidate_arc_ids=[3542, 2397, 2577]
[V3A-FEAS] front_prune_test start_pos=4 candidate_size=2 candidate_ok=True candidate_fail_i=None candidate_skeleton_len=6 candidate_arc_ids=[2397, 2577]
[V3A-FEAS] front_prune_test start_pos=5 candidate_size=1 candidate_ok=True candidate_fail_i=None candidate_skeleton_len=4 candidate_arc_ids=[2577]
[V3A-FEAS] smallest_observed_front_pruned_bad_size=5
[V3A-FEAS] smallest_observed_front_pruned_bad_arc_ids=[3595, 3632, 3542, 2397, 2577]
[V3A-FEAS] diagnostic only: active lazy cut remains unchanged in v3a
[V3A-FEAS] front_prune_tests_run=6
[V3A-FEAS] infeasible route detected
[V3A-FEAS] route_arc_ids=[0, 3595, 3632, 3542, 2397, 3085, 3123, 1911]
[V3A-FEAS] route_len=8 skeleton_len=18 fail_i=11
[V3A-FEAS] failed_skeleton_edge=C11->C16
[V3A-FEAS] covering_arc_pos=6 covering_arc_id=3123
[V3A-FEAS] current_full_route_cut_size=8
[V3A-FEAS] prefix_through_failure_size=7 prefix_arc_ids=[0, 3595, 3632, 3542, 2397, 3085, 3123]
[V3A-FEAS] front_prune_test start_pos=0 candidate_size=7 candidate_ok=False candidate_fail_i=11 candidate_skeleton_len=15 candidate_arc_ids=[0, 3595, 3632, 3542, 2397, 3085, 3123]
[V3A-FEAS] front_prune_test start_pos=1 candidate_size=6 candidate_ok=False candidate_fail_i=10 candidate_skeleton_len=14 candidate_arc_ids=[3595, 3632, 3542, 2397, 3085, 3123]
[V3A-FEAS] front_prune_test start_pos=2 candidate_size=5 candidate_ok=True candidate_fail_i=None candidate_skeleton_len=12 candidate_arc_ids=[3632, 3542, 2397, 3085, 3123]
[V3A-FEAS] front_prune_test start_pos=3 candidate_size=4 candidate_ok=True candidate_fail_i=None candidate_skeleton_len=10 candidate_arc_ids=[3542, 2397, 3085, 3123]
[V3A-FEAS] front_prune_test start_pos=4 candidate_size=3 candidate_ok=True candidate_fail_i=None candidate_skeleton_len=8 candidate_arc_ids=[2397, 3085, 3123]
[V3A-FEAS] front_prune_test start_pos=5 candidate_size=2 candidate_ok=True candidate_fail_i=None candidate_skeleton_len=6 candidate_arc_ids=[3085, 3123]
[V3A-FEAS] front_prune_test start_pos=6 candidate_size=1 candidate_ok=True candidate_fail_i=None candidate_skeleton_len=4 candidate_arc_ids=[3123]
[V3A-FEAS] smallest_observed_front_pruned_bad_size=6
[V3A-FEAS] smallest_observed_front_pruned_bad_arc_ids=[3595, 3632, 3542, 2397, 3085, 3123]
[V3A-FEAS] diagnostic only: active lazy cut remains unchanged in v3a
[V3A-FEAS] front_prune_tests_run=7
[V3A-FEAS] infeasible route detected
[V3A-FEAS] route_arc_ids=[0, 3595, 3632, 3543, 2397, 3085, 3613, 3585, 1715]
[V3A-FEAS] route_len=9 skeleton_len=18 fail_i=14
[V3A-FEAS] failed_skeleton_edge=C9->C16
[V3A-FEAS] covering_arc_pos=7 covering_arc_id=3585
[V3A-FEAS] current_full_route_cut_size=9
[V3A-FEAS] prefix_through_failure_size=8 prefix_arc_ids=[0, 3595, 3632, 3543, 2397, 3085, 3613, 3585]
[V3A-FEAS] front_prune_test start_pos=0 candidate_size=8 candidate_ok=False candidate_fail_i=14 candidate_skeleton_len=16 candidate_arc_ids=[0, 3595, 3632, 3543, 2397, 3085, 3613, 3585]
[V3A-FEAS] front_prune_test start_pos=1 candidate_size=7 candidate_ok=False candidate_fail_i=13 candidate_skeleton_len=15 candidate_arc_ids=[3595, 3632, 3543, 2397, 3085, 3613, 3585]
[V3A-FEAS] front_prune_test start_pos=2 candidate_size=6 candidate_ok=False candidate_fail_i=11 candidate_skeleton_len=13 candidate_arc_ids=[3632, 3543, 2397, 3085, 3613, 3585]
[V3A-FEAS] front_prune_test start_pos=3 candidate_size=5 candidate_ok=False candidate_fail_i=9 candidate_skeleton_len=11 candidate_arc_ids=[3543, 2397, 3085, 3613, 3585]
[V3A-FEAS] front_prune_test start_pos=4 candidate_size=4 candidate_ok=False candidate_fail_i=7 candidate_skeleton_len=9 candidate_arc_ids=[2397, 3085, 3613, 3585]
[V3A-FEAS] front_prune_test start_pos=5 candidate_size=3 candidate_ok=False candidate_fail_i=5 candidate_skeleton_len=7 candidate_arc_ids=[3085, 3613, 3585]
[V3A-FEAS] front_prune_test start_pos=6 candidate_size=2 candidate_ok=False candidate_fail_i=3 candidate_skeleton_len=5 candidate_arc_ids=[3613, 3585]
[V3A-FEAS] front_prune_test start_pos=7 candidate_size=1 candidate_ok=True candidate_fail_i=None candidate_skeleton_len=3 candidate_arc_ids=[3585]
[V3A-FEAS] smallest_observed_front_pruned_bad_size=2
[V3A-FEAS] smallest_observed_front_pruned_bad_arc_ids=[3613, 3585]
[V3A-FEAS] diagnostic only: active lazy cut remains unchanged in v3a
[V3A-FEAS] front_prune_tests_run=8
[V3A-FEAS] infeasible route detected
[V3A-FEAS] route_arc_ids=[0, 3595, 3632, 3542, 2397, 3085, 3613, 3411]
[V3A-FEAS] route_len=8 skeleton_len=18 fail_i=13
[V3A-FEAS] failed_skeleton_edge=C7->C16
[V3A-FEAS] covering_arc_pos=7 covering_arc_id=3411
[V3A-FEAS] current_full_route_cut_size=8
[V3A-FEAS] prefix_through_failure_size=8 prefix_arc_ids=[0, 3595, 3632, 3542, 2397, 3085, 3613, 3411]
[V3A-FEAS] front_prune_test start_pos=0 candidate_size=8 candidate_ok=False candidate_fail_i=13 candidate_skeleton_len=18 candidate_arc_ids=[0, 3595, 3632, 3542, 2397, 3085, 3613, 3411]
[V3A-FEAS] front_prune_test start_pos=1 candidate_size=7 candidate_ok=False candidate_fail_i=12 candidate_skeleton_len=17 candidate_arc_ids=[3595, 3632, 3542, 2397, 3085, 3613, 3411]
[V3A-FEAS] front_prune_test start_pos=2 candidate_size=6 candidate_ok=False candidate_fail_i=10 candidate_skeleton_len=15 candidate_arc_ids=[3632, 3542, 2397, 3085, 3613, 3411]
[V3A-FEAS] front_prune_test start_pos=3 candidate_size=5 candidate_ok=False candidate_fail_i=8 candidate_skeleton_len=13 candidate_arc_ids=[3542, 2397, 3085, 3613, 3411]
[V3A-FEAS] front_prune_test start_pos=4 candidate_size=4 candidate_ok=False candidate_fail_i=6 candidate_skeleton_len=11 candidate_arc_ids=[2397, 3085, 3613, 3411]
[V3A-FEAS] front_prune_test start_pos=5 candidate_size=3 candidate_ok=False candidate_fail_i=4 candidate_skeleton_len=9 candidate_arc_ids=[3085, 3613, 3411]
[V3A-FEAS] front_prune_test start_pos=6 candidate_size=2 candidate_ok=False candidate_fail_i=2 candidate_skeleton_len=7 candidate_arc_ids=[3613, 3411]
[V3A-FEAS] front_prune_test start_pos=7 candidate_size=1 candidate_ok=True candidate_fail_i=None candidate_skeleton_len=5 candidate_arc_ids=[3411]
[V3A-FEAS] smallest_observed_front_pruned_bad_size=2
[V3A-FEAS] smallest_observed_front_pruned_bad_arc_ids=[3613, 3411]
[V3A-FEAS] diagnostic only: active lazy cut remains unchanged in v3a
[V3A-FEAS] front_prune_tests_run=8
[V3A-FEAS] infeasible route detected
[V3A-FEAS] route_arc_ids=[0, 3595, 3632, 3543, 2397, 2577, 2004, 3571]
[V3A-FEAS] route_len=8 skeleton_len=18 fail_i=9
[V3A-FEAS] failed_skeleton_edge=C10->C16
[V3A-FEAS] covering_arc_pos=5 covering_arc_id=2577
[V3A-FEAS] current_full_route_cut_size=8
[V3A-FEAS] prefix_through_failure_size=6 prefix_arc_ids=[0, 3595, 3632, 3543, 2397, 2577]
[V3A-FEAS] front_prune_test start_pos=0 candidate_size=6 candidate_ok=False candidate_fail_i=9 candidate_skeleton_len=13 candidate_arc_ids=[0, 3595, 3632, 3543, 2397, 2577]
[V3A-FEAS] front_prune_test start_pos=1 candidate_size=5 candidate_ok=False candidate_fail_i=8 candidate_skeleton_len=12 candidate_arc_ids=[3595, 3632, 3543, 2397, 2577]
[V3A-FEAS] front_prune_test start_pos=2 candidate_size=4 candidate_ok=True candidate_fail_i=None candidate_skeleton_len=10 candidate_arc_ids=[3632, 3543, 2397, 2577]
[V3A-FEAS] front_prune_test start_pos=3 candidate_size=3 candidate_ok=True candidate_fail_i=None candidate_skeleton_len=8 candidate_arc_ids=[3543, 2397, 2577]
[V3A-FEAS] front_prune_test start_pos=4 candidate_size=2 candidate_ok=True candidate_fail_i=None candidate_skeleton_len=6 candidate_arc_ids=[2397, 2577]
[V3A-FEAS] front_prune_test start_pos=5 candidate_size=1 candidate_ok=True candidate_fail_i=None candidate_skeleton_len=4 candidate_arc_ids=[2577]
[V3A-FEAS] smallest_observed_front_pruned_bad_size=5
[V3A-FEAS] smallest_observed_front_pruned_bad_arc_ids=[3595, 3632, 3543, 2397, 2577]
[V3A-FEAS] diagnostic only: active lazy cut remains unchanged in v3a
[V3A-FEAS] front_prune_tests_run=6
[V3A-FEAS] infeasible route detected
[V3A-FEAS] route_arc_ids=[0, 3595, 3632, 3543, 2397, 2577, 2003, 3571]
[V3A-FEAS] route_len=8 skeleton_len=18 fail_i=9
[V3A-FEAS] failed_skeleton_edge=C10->C16
[V3A-FEAS] covering_arc_pos=5 covering_arc_id=2577
[V3A-FEAS] current_full_route_cut_size=8
[V3A-FEAS] prefix_through_failure_size=6 prefix_arc_ids=[0, 3595, 3632, 3543, 2397, 2577]
[V3A-FEAS] front_prune_test start_pos=0 candidate_size=6 candidate_ok=False candidate_fail_i=9 candidate_skeleton_len=13 candidate_arc_ids=[0, 3595, 3632, 3543, 2397, 2577]
[V3A-FEAS] front_prune_test start_pos=1 candidate_size=5 candidate_ok=False candidate_fail_i=8 candidate_skeleton_len=12 candidate_arc_ids=[3595, 3632, 3543, 2397, 2577]
[V3A-FEAS] front_prune_test start_pos=2 candidate_size=4 candidate_ok=True candidate_fail_i=None candidate_skeleton_len=10 candidate_arc_ids=[3632, 3543, 2397, 2577]
[V3A-FEAS] front_prune_test start_pos=3 candidate_size=3 candidate_ok=True candidate_fail_i=None candidate_skeleton_len=8 candidate_arc_ids=[3543, 2397, 2577]
[V3A-FEAS] front_prune_test start_pos=4 candidate_size=2 candidate_ok=True candidate_fail_i=None candidate_skeleton_len=6 candidate_arc_ids=[2397, 2577]
[V3A-FEAS] front_prune_test start_pos=5 candidate_size=1 candidate_ok=True candidate_fail_i=None candidate_skeleton_len=4 candidate_arc_ids=[2577]
[V3A-FEAS] smallest_observed_front_pruned_bad_size=5
[V3A-FEAS] smallest_observed_front_pruned_bad_arc_ids=[3595, 3632, 3543, 2397, 2577]
[V3A-FEAS] diagnostic only: active lazy cut remains unchanged in v3a
[V3A-FEAS] front_prune_tests_run=6
[V3A-FEAS] infeasible route detected
[V3A-FEAS] route_arc_ids=[0, 3595, 3632, 3542, 2397, 2576, 2458, 1910]
[V3A-FEAS] route_len=8 skeleton_len=18 fail_i=9
[V3A-FEAS] failed_skeleton_edge=C10->C16
[V3A-FEAS] covering_arc_pos=5 covering_arc_id=2576
[V3A-FEAS] current_full_route_cut_size=8
[V3A-FEAS] prefix_through_failure_size=6 prefix_arc_ids=[0, 3595, 3632, 3542, 2397, 2576]
[V3A-FEAS] front_prune_test start_pos=0 candidate_size=6 candidate_ok=False candidate_fail_i=9 candidate_skeleton_len=13 candidate_arc_ids=[0, 3595, 3632, 3542, 2397, 2576]
[V3A-FEAS] front_prune_test start_pos=1 candidate_size=5 candidate_ok=False candidate_fail_i=8 candidate_skeleton_len=12 candidate_arc_ids=[3595, 3632, 3542, 2397, 2576]
[V3A-FEAS] front_prune_test start_pos=2 candidate_size=4 candidate_ok=True candidate_fail_i=None candidate_skeleton_len=10 candidate_arc_ids=[3632, 3542, 2397, 2576]
[V3A-FEAS] front_prune_test start_pos=3 candidate_size=3 candidate_ok=True candidate_fail_i=None candidate_skeleton_len=8 candidate_arc_ids=[3542, 2397, 2576]
[V3A-FEAS] front_prune_test start_pos=4 candidate_size=2 candidate_ok=True candidate_fail_i=None candidate_skeleton_len=6 candidate_arc_ids=[2397, 2576]
[V3A-FEAS] front_prune_test start_pos=5 candidate_size=1 candidate_ok=True candidate_fail_i=None candidate_skeleton_len=4 candidate_arc_ids=[2576]
[V3A-FEAS] smallest_observed_front_pruned_bad_size=5
[V3A-FEAS] smallest_observed_front_pruned_bad_arc_ids=[3595, 3632, 3542, 2397, 2576]
[V3A-FEAS] diagnostic only: active lazy cut remains unchanged in v3a
[V3A-FEAS] front_prune_tests_run=6
[V3A-FEAS] infeasible route detected
[V3A-FEAS] route_arc_ids=[0, 3595, 3632, 3542, 2397, 2576, 2457, 1910]
[V3A-FEAS] route_len=8 skeleton_len=18 fail_i=9
[V3A-FEAS] failed_skeleton_edge=C10->C16
[V3A-FEAS] covering_arc_pos=5 covering_arc_id=2576
[V3A-FEAS] current_full_route_cut_size=8
[V3A-FEAS] prefix_through_failure_size=6 prefix_arc_ids=[0, 3595, 3632, 3542, 2397, 2576]
[V3A-FEAS] front_prune_test start_pos=0 candidate_size=6 candidate_ok=False candidate_fail_i=9 candidate_skeleton_len=13 candidate_arc_ids=[0, 3595, 3632, 3542, 2397, 2576]
[V3A-FEAS] front_prune_test start_pos=1 candidate_size=5 candidate_ok=False candidate_fail_i=8 candidate_skeleton_len=12 candidate_arc_ids=[3595, 3632, 3542, 2397, 2576]
[V3A-FEAS] front_prune_test start_pos=2 candidate_size=4 candidate_ok=True candidate_fail_i=None candidate_skeleton_len=10 candidate_arc_ids=[3632, 3542, 2397, 2576]
[V3A-FEAS] front_prune_test start_pos=3 candidate_size=3 candidate_ok=True candidate_fail_i=None candidate_skeleton_len=8 candidate_arc_ids=[3542, 2397, 2576]
[V3A-FEAS] front_prune_test start_pos=4 candidate_size=2 candidate_ok=True candidate_fail_i=None candidate_skeleton_len=6 candidate_arc_ids=[2397, 2576]
[V3A-FEAS] front_prune_test start_pos=5 candidate_size=1 candidate_ok=True candidate_fail_i=None candidate_skeleton_len=4 candidate_arc_ids=[2576]
[V3A-FEAS] smallest_observed_front_pruned_bad_size=5
[V3A-FEAS] smallest_observed_front_pruned_bad_arc_ids=[3595, 3632, 3542, 2397, 2576]
[V3A-FEAS] diagnostic only: active lazy cut remains unchanged in v3a
[V3A-FEAS] front_prune_tests_run=6
[V3A-FEAS] infeasible route detected
[V3A-FEAS] route_arc_ids=[0, 3595, 3632, 3542, 2397, 2576, 2457, 1911]
[V3A-FEAS] route_len=8 skeleton_len=18 fail_i=9
[V3A-FEAS] failed_skeleton_edge=C10->C16
[V3A-FEAS] covering_arc_pos=5 covering_arc_id=2576
[V3A-FEAS] current_full_route_cut_size=8
[V3A-FEAS] prefix_through_failure_size=6 prefix_arc_ids=[0, 3595, 3632, 3542, 2397, 2576]
[V3A-FEAS] front_prune_test start_pos=0 candidate_size=6 candidate_ok=False candidate_fail_i=9 candidate_skeleton_len=13 candidate_arc_ids=[0, 3595, 3632, 3542, 2397, 2576]
[V3A-FEAS] front_prune_test start_pos=1 candidate_size=5 candidate_ok=False candidate_fail_i=8 candidate_skeleton_len=12 candidate_arc_ids=[3595, 3632, 3542, 2397, 2576]
[V3A-FEAS] front_prune_test start_pos=2 candidate_size=4 candidate_ok=True candidate_fail_i=None candidate_skeleton_len=10 candidate_arc_ids=[3632, 3542, 2397, 2576]
[V3A-FEAS] front_prune_test start_pos=3 candidate_size=3 candidate_ok=True candidate_fail_i=None candidate_skeleton_len=8 candidate_arc_ids=[3542, 2397, 2576]
[V3A-FEAS] front_prune_test start_pos=4 candidate_size=2 candidate_ok=True candidate_fail_i=None candidate_skeleton_len=6 candidate_arc_ids=[2397, 2576]
[V3A-FEAS] front_prune_test start_pos=5 candidate_size=1 candidate_ok=True candidate_fail_i=None candidate_skeleton_len=4 candidate_arc_ids=[2576]
[V3A-FEAS] smallest_observed_front_pruned_bad_size=5
[V3A-FEAS] smallest_observed_front_pruned_bad_arc_ids=[3595, 3632, 3542, 2397, 2576]
[V3A-FEAS] diagnostic only: active lazy cut remains unchanged in v3a
[V3A-FEAS] front_prune_tests_run=6
[V3A-FEAS] infeasible route detected
[V3A-FEAS] route_arc_ids=[0, 3595, 3632, 3542, 2397, 2576, 2005, 3571]
[V3A-FEAS] route_len=8 skeleton_len=18 fail_i=9
[V3A-FEAS] failed_skeleton_edge=C10->C16
[V3A-FEAS] covering_arc_pos=5 covering_arc_id=2576
[V3A-FEAS] current_full_route_cut_size=8
[V3A-FEAS] prefix_through_failure_size=6 prefix_arc_ids=[0, 3595, 3632, 3542, 2397, 2576]
[V3A-FEAS] front_prune_test start_pos=0 candidate_size=6 candidate_ok=False candidate_fail_i=9 candidate_skeleton_len=13 candidate_arc_ids=[0, 3595, 3632, 3542, 2397, 2576]
[V3A-FEAS] front_prune_test start_pos=1 candidate_size=5 candidate_ok=False candidate_fail_i=8 candidate_skeleton_len=12 candidate_arc_ids=[3595, 3632, 3542, 2397, 2576]
[V3A-FEAS] front_prune_test start_pos=2 candidate_size=4 candidate_ok=True candidate_fail_i=None candidate_skeleton_len=10 candidate_arc_ids=[3632, 3542, 2397, 2576]
[V3A-FEAS] front_prune_test start_pos=3 candidate_size=3 candidate_ok=True candidate_fail_i=None candidate_skeleton_len=8 candidate_arc_ids=[3542, 2397, 2576]
[V3A-FEAS] front_prune_test start_pos=4 candidate_size=2 candidate_ok=True candidate_fail_i=None candidate_skeleton_len=6 candidate_arc_ids=[2397, 2576]
[V3A-FEAS] front_prune_test start_pos=5 candidate_size=1 candidate_ok=True candidate_fail_i=None candidate_skeleton_len=4 candidate_arc_ids=[2576]
[V3A-FEAS] smallest_observed_front_pruned_bad_size=5
[V3A-FEAS] smallest_observed_front_pruned_bad_arc_ids=[3595, 3632, 3542, 2397, 2576]
[V3A-FEAS] diagnostic only: active lazy cut remains unchanged in v3a
[V3A-FEAS] front_prune_tests_run=6
[V3A-FEAS] infeasible route detected
[V3A-FEAS] route_arc_ids=[0, 3595, 3632, 3542, 2397, 2576, 2004, 3571]
[V3A-FEAS] route_len=8 skeleton_len=18 fail_i=9
[V3A-FEAS] failed_skeleton_edge=C10->C16
[V3A-FEAS] covering_arc_pos=5 covering_arc_id=2576
[V3A-FEAS] current_full_route_cut_size=8
[V3A-FEAS] prefix_through_failure_size=6 prefix_arc_ids=[0, 3595, 3632, 3542, 2397, 2576]
[V3A-FEAS] front_prune_test start_pos=0 candidate_size=6 candidate_ok=False candidate_fail_i=9 candidate_skeleton_len=13 candidate_arc_ids=[0, 3595, 3632, 3542, 2397, 2576]
[V3A-FEAS] front_prune_test start_pos=1 candidate_size=5 candidate_ok=False candidate_fail_i=8 candidate_skeleton_len=12 candidate_arc_ids=[3595, 3632, 3542, 2397, 2576]
[V3A-FEAS] front_prune_test start_pos=2 candidate_size=4 candidate_ok=True candidate_fail_i=None candidate_skeleton_len=10 candidate_arc_ids=[3632, 3542, 2397, 2576]
[V3A-FEAS] front_prune_test start_pos=3 candidate_size=3 candidate_ok=True candidate_fail_i=None candidate_skeleton_len=8 candidate_arc_ids=[3542, 2397, 2576]
[V3A-FEAS] front_prune_test start_pos=4 candidate_size=2 candidate_ok=True candidate_fail_i=None candidate_skeleton_len=6 candidate_arc_ids=[2397, 2576]
[V3A-FEAS] front_prune_test start_pos=5 candidate_size=1 candidate_ok=True candidate_fail_i=None candidate_skeleton_len=4 candidate_arc_ids=[2576]
[V3A-FEAS] smallest_observed_front_pruned_bad_size=5
[V3A-FEAS] smallest_observed_front_pruned_bad_arc_ids=[3595, 3632, 3542, 2397, 2576]
[V3A-FEAS] diagnostic only: active lazy cut remains unchanged in v3a
[V3A-FEAS] front_prune_tests_run=6
[V3A-FEAS] infeasible route detected
[V3A-FEAS] route_arc_ids=[0, 3595, 3632, 3543, 2397, 3084, 3611, 3411]
[V3A-FEAS] route_len=8 skeleton_len=18 fail_i=13
[V3A-FEAS] failed_skeleton_edge=C7->C16
[V3A-FEAS] covering_arc_pos=7 covering_arc_id=3411
[V3A-FEAS] current_full_route_cut_size=8
[V3A-FEAS] prefix_through_failure_size=8 prefix_arc_ids=[0, 3595, 3632, 3543, 2397, 3084, 3611, 3411]
[V3A-FEAS] front_prune_test start_pos=0 candidate_size=8 candidate_ok=False candidate_fail_i=13 candidate_skeleton_len=18 candidate_arc_ids=[0, 3595, 3632, 3543, 2397, 3084, 3611, 3411]
[V3A-FEAS] front_prune_test start_pos=1 candidate_size=7 candidate_ok=False candidate_fail_i=12 candidate_skeleton_len=17 candidate_arc_ids=[3595, 3632, 3543, 2397, 3084, 3611, 3411]
[V3A-FEAS] front_prune_test start_pos=2 candidate_size=6 candidate_ok=False candidate_fail_i=10 candidate_skeleton_len=15 candidate_arc_ids=[3632, 3543, 2397, 3084, 3611, 3411]
[V3A-FEAS] front_prune_test start_pos=3 candidate_size=5 candidate_ok=False candidate_fail_i=8 candidate_skeleton_len=13 candidate_arc_ids=[3543, 2397, 3084, 3611, 3411]
[V3A-FEAS] front_prune_test start_pos=4 candidate_size=4 candidate_ok=False candidate_fail_i=6 candidate_skeleton_len=11 candidate_arc_ids=[2397, 3084, 3611, 3411]
[V3A-FEAS] front_prune_test start_pos=5 candidate_size=3 candidate_ok=False candidate_fail_i=4 candidate_skeleton_len=9 candidate_arc_ids=[3084, 3611, 3411]
[V3A-FEAS] front_prune_test start_pos=6 candidate_size=2 candidate_ok=False candidate_fail_i=2 candidate_skeleton_len=7 candidate_arc_ids=[3611, 3411]
[V3A-FEAS] front_prune_test start_pos=7 candidate_size=1 candidate_ok=True candidate_fail_i=None candidate_skeleton_len=5 candidate_arc_ids=[3411]
[V3A-FEAS] smallest_observed_front_pruned_bad_size=2
[V3A-FEAS] smallest_observed_front_pruned_bad_arc_ids=[3611, 3411]
[V3A-FEAS] diagnostic only: active lazy cut remains unchanged in v3a
[V3A-FEAS] front_prune_tests_run=8
[V3A-FEAS] infeasible route detected
[V3A-FEAS] route_arc_ids=[0, 3595, 3632, 3542, 2397, 1669, 3612, 3570]
[V3A-FEAS] route_len=8 skeleton_len=18 fail_i=9
[V3A-FEAS] failed_skeleton_edge=C10->C16
[V3A-FEAS] covering_arc_pos=5 covering_arc_id=1669
[V3A-FEAS] current_full_route_cut_size=8
[V3A-FEAS] prefix_through_failure_size=6 prefix_arc_ids=[0, 3595, 3632, 3542, 2397, 1669]
[V3A-FEAS] front_prune_test start_pos=0 candidate_size=6 candidate_ok=False candidate_fail_i=9 candidate_skeleton_len=14 candidate_arc_ids=[0, 3595, 3632, 3542, 2397, 1669]
[V3A-FEAS] front_prune_test start_pos=1 candidate_size=5 candidate_ok=False candidate_fail_i=8 candidate_skeleton_len=13 candidate_arc_ids=[3595, 3632, 3542, 2397, 1669]
[V3A-FEAS] front_prune_test start_pos=2 candidate_size=4 candidate_ok=True candidate_fail_i=None candidate_skeleton_len=11 candidate_arc_ids=[3632, 3542, 2397, 1669]
[V3A-FEAS] front_prune_test start_pos=3 candidate_size=3 candidate_ok=True candidate_fail_i=None candidate_skeleton_len=9 candidate_arc_ids=[3542, 2397, 1669]
[V3A-FEAS] front_prune_test start_pos=4 candidate_size=2 candidate_ok=True candidate_fail_i=None candidate_skeleton_len=7 candidate_arc_ids=[2397, 1669]
[V3A-FEAS] front_prune_test start_pos=5 candidate_size=1 candidate_ok=True candidate_fail_i=None candidate_skeleton_len=5 candidate_arc_ids=[1669]
[V3A-FEAS] smallest_observed_front_pruned_bad_size=5
[V3A-FEAS] smallest_observed_front_pruned_bad_arc_ids=[3595, 3632, 3542, 2397, 1669]
[V3A-FEAS] diagnostic only: active lazy cut remains unchanged in v3a
[V3A-FEAS] front_prune_tests_run=6
[V3A-FEAS] infeasible route detected
[V3A-FEAS] route_arc_ids=[0, 3595, 3632, 3543, 2397, 1669, 3611, 3570]
[V3A-FEAS] route_len=8 skeleton_len=18 fail_i=9
[V3A-FEAS] failed_skeleton_edge=C10->C16
[V3A-FEAS] covering_arc_pos=5 covering_arc_id=1669
[V3A-FEAS] current_full_route_cut_size=8
[V3A-FEAS] prefix_through_failure_size=6 prefix_arc_ids=[0, 3595, 3632, 3543, 2397, 1669]
[V3A-FEAS] front_prune_test start_pos=0 candidate_size=6 candidate_ok=False candidate_fail_i=9 candidate_skeleton_len=14 candidate_arc_ids=[0, 3595, 3632, 3543, 2397, 1669]
[V3A-FEAS] front_prune_test start_pos=1 candidate_size=5 candidate_ok=False candidate_fail_i=8 candidate_skeleton_len=13 candidate_arc_ids=[3595, 3632, 3543, 2397, 1669]
[V3A-FEAS] front_prune_test start_pos=2 candidate_size=4 candidate_ok=True candidate_fail_i=None candidate_skeleton_len=11 candidate_arc_ids=[3632, 3543, 2397, 1669]
[V3A-FEAS] front_prune_test start_pos=3 candidate_size=3 candidate_ok=True candidate_fail_i=None candidate_skeleton_len=9 candidate_arc_ids=[3543, 2397, 1669]
[V3A-FEAS] front_prune_test start_pos=4 candidate_size=2 candidate_ok=True candidate_fail_i=None candidate_skeleton_len=7 candidate_arc_ids=[2397, 1669]
[V3A-FEAS] front_prune_test start_pos=5 candidate_size=1 candidate_ok=True candidate_fail_i=None candidate_skeleton_len=5 candidate_arc_ids=[1669]
[V3A-FEAS] smallest_observed_front_pruned_bad_size=5
[V3A-FEAS] smallest_observed_front_pruned_bad_arc_ids=[3595, 3632, 3543, 2397, 1669]
[V3A-FEAS] diagnostic only: active lazy cut remains unchanged in v3a
[V3A-FEAS] front_prune_tests_run=6
[V3A-FEAS] infeasible route detected
[V3A-FEAS] route_arc_ids=[0, 3595, 3632, 3542, 2395, 1845, 2592, 1994]
[V3A-FEAS] route_len=8 skeleton_len=18 fail_i=11
[V3A-FEAS] failed_skeleton_edge=C9->C16
[V3A-FEAS] covering_arc_pos=5 covering_arc_id=1845
[V3A-FEAS] current_full_route_cut_size=8
[V3A-FEAS] prefix_through_failure_size=6 prefix_arc_ids=[0, 3595, 3632, 3542, 2395, 1845]
[V3A-FEAS] front_prune_test start_pos=0 candidate_size=6 candidate_ok=False candidate_fail_i=11 candidate_skeleton_len=13 candidate_arc_ids=[0, 3595, 3632, 3542, 2395, 1845]
[V3A-FEAS] front_prune_test start_pos=1 candidate_size=5 candidate_ok=False candidate_fail_i=10 candidate_skeleton_len=12 candidate_arc_ids=[3595, 3632, 3542, 2395, 1845]
[V3A-FEAS] front_prune_test start_pos=2 candidate_size=4 candidate_ok=False candidate_fail_i=8 candidate_skeleton_len=10 candidate_arc_ids=[3632, 3542, 2395, 1845]
[V3A-FEAS] front_prune_test start_pos=3 candidate_size=3 candidate_ok=False candidate_fail_i=6 candidate_skeleton_len=8 candidate_arc_ids=[3542, 2395, 1845]
[V3A-FEAS] front_prune_test start_pos=4 candidate_size=2 candidate_ok=False candidate_fail_i=4 candidate_skeleton_len=6 candidate_arc_ids=[2395, 1845]
[V3A-FEAS] front_prune_test start_pos=5 candidate_size=1 candidate_ok=True candidate_fail_i=None candidate_skeleton_len=4 candidate_arc_ids=[1845]
[V3A-FEAS] smallest_observed_front_pruned_bad_size=2
[V3A-FEAS] smallest_observed_front_pruned_bad_arc_ids=[2395, 1845]
[V3A-FEAS] diagnostic only: active lazy cut remains unchanged in v3a
[V3A-FEAS] front_prune_tests_run=6
[V3A-FEAS] infeasible route detected
[V3A-FEAS] route_arc_ids=[0, 3595, 3632, 3542, 2397, 3084, 2250, 3570]
[V3A-FEAS] route_len=8 skeleton_len=18 fail_i=11
[V3A-FEAS] failed_skeleton_edge=C11->C16
[V3A-FEAS] covering_arc_pos=6 covering_arc_id=2250
[V3A-FEAS] current_full_route_cut_size=8
[V3A-FEAS] prefix_through_failure_size=7 prefix_arc_ids=[0, 3595, 3632, 3542, 2397, 3084, 2250]
[V3A-FEAS] front_prune_test start_pos=0 candidate_size=7 candidate_ok=False candidate_fail_i=11 candidate_skeleton_len=16 candidate_arc_ids=[0, 3595, 3632, 3542, 2397, 3084, 2250]
[V3A-FEAS] front_prune_test start_pos=1 candidate_size=6 candidate_ok=False candidate_fail_i=10 candidate_skeleton_len=15 candidate_arc_ids=[3595, 3632, 3542, 2397, 3084, 2250]
[V3A-FEAS] front_prune_test start_pos=2 candidate_size=5 candidate_ok=True candidate_fail_i=None candidate_skeleton_len=13 candidate_arc_ids=[3632, 3542, 2397, 3084, 2250]
[V3A-FEAS] front_prune_test start_pos=3 candidate_size=4 candidate_ok=True candidate_fail_i=None candidate_skeleton_len=11 candidate_arc_ids=[3542, 2397, 3084, 2250]
[V3A-FEAS] front_prune_test start_pos=4 candidate_size=3 candidate_ok=True candidate_fail_i=None candidate_skeleton_len=9 candidate_arc_ids=[2397, 3084, 2250]
[V3A-FEAS] front_prune_test start_pos=5 candidate_size=2 candidate_ok=True candidate_fail_i=None candidate_skeleton_len=7 candidate_arc_ids=[3084, 2250]
[V3A-FEAS] front_prune_test start_pos=6 candidate_size=1 candidate_ok=True candidate_fail_i=None candidate_skeleton_len=5 candidate_arc_ids=[2250]
[V3A-FEAS] smallest_observed_front_pruned_bad_size=6
[V3A-FEAS] smallest_observed_front_pruned_bad_arc_ids=[3595, 3632, 3542, 2397, 3084, 2250]
[V3A-FEAS] diagnostic only: active lazy cut remains unchanged in v3a
[V3A-FEAS] front_prune_tests_run=7
[V3A-FEAS] infeasible route detected
[V3A-FEAS] route_arc_ids=[0, 3595, 3632, 3542, 2395, 1845, 2592, 1996]
[V3A-FEAS] route_len=8 skeleton_len=18 fail_i=11
[V3A-FEAS] failed_skeleton_edge=C9->C16
[V3A-FEAS] covering_arc_pos=5 covering_arc_id=1845
[V3A-FEAS] current_full_route_cut_size=8
[V3A-FEAS] prefix_through_failure_size=6 prefix_arc_ids=[0, 3595, 3632, 3542, 2395, 1845]
[V3A-FEAS] front_prune_test start_pos=0 candidate_size=6 candidate_ok=False candidate_fail_i=11 candidate_skeleton_len=13 candidate_arc_ids=[0, 3595, 3632, 3542, 2395, 1845]
[V3A-FEAS] front_prune_test start_pos=1 candidate_size=5 candidate_ok=False candidate_fail_i=10 candidate_skeleton_len=12 candidate_arc_ids=[3595, 3632, 3542, 2395, 1845]
[V3A-FEAS] front_prune_test start_pos=2 candidate_size=4 candidate_ok=False candidate_fail_i=8 candidate_skeleton_len=10 candidate_arc_ids=[3632, 3542, 2395, 1845]
[V3A-FEAS] front_prune_test start_pos=3 candidate_size=3 candidate_ok=False candidate_fail_i=6 candidate_skeleton_len=8 candidate_arc_ids=[3542, 2395, 1845]
[V3A-FEAS] front_prune_test start_pos=4 candidate_size=2 candidate_ok=False candidate_fail_i=4 candidate_skeleton_len=6 candidate_arc_ids=[2395, 1845]
[V3A-FEAS] front_prune_test start_pos=5 candidate_size=1 candidate_ok=True candidate_fail_i=None candidate_skeleton_len=4 candidate_arc_ids=[1845]
[V3A-FEAS] smallest_observed_front_pruned_bad_size=2
[V3A-FEAS] smallest_observed_front_pruned_bad_arc_ids=[2395, 1845]
[V3A-FEAS] diagnostic only: active lazy cut remains unchanged in v3a
[V3A-FEAS] front_prune_tests_run=6
[V3A-FEAS] infeasible route detected
[V3A-FEAS] route_arc_ids=[0, 3595, 3632, 3543, 2397, 1669, 3612, 3571]
[V3A-FEAS] route_len=8 skeleton_len=18 fail_i=9
[V3A-FEAS] failed_skeleton_edge=C10->C16
[V3A-FEAS] covering_arc_pos=5 covering_arc_id=1669
[V3A-FEAS] current_full_route_cut_size=8
[V3A-FEAS] prefix_through_failure_size=6 prefix_arc_ids=[0, 3595, 3632, 3543, 2397, 1669]
[V3A-FEAS] front_prune_test start_pos=0 candidate_size=6 candidate_ok=False candidate_fail_i=9 candidate_skeleton_len=14 candidate_arc_ids=[0, 3595, 3632, 3543, 2397, 1669]
[V3A-FEAS] front_prune_test start_pos=1 candidate_size=5 candidate_ok=False candidate_fail_i=8 candidate_skeleton_len=13 candidate_arc_ids=[3595, 3632, 3543, 2397, 1669]
[V3A-FEAS] front_prune_test start_pos=2 candidate_size=4 candidate_ok=True candidate_fail_i=None candidate_skeleton_len=11 candidate_arc_ids=[3632, 3543, 2397, 1669]
[V3A-FEAS] front_prune_test start_pos=3 candidate_size=3 candidate_ok=True candidate_fail_i=None candidate_skeleton_len=9 candidate_arc_ids=[3543, 2397, 1669]
[V3A-FEAS] front_prune_test start_pos=4 candidate_size=2 candidate_ok=True candidate_fail_i=None candidate_skeleton_len=7 candidate_arc_ids=[2397, 1669]
[V3A-FEAS] front_prune_test start_pos=5 candidate_size=1 candidate_ok=True candidate_fail_i=None candidate_skeleton_len=5 candidate_arc_ids=[1669]
[V3A-FEAS] smallest_observed_front_pruned_bad_size=5
[V3A-FEAS] smallest_observed_front_pruned_bad_arc_ids=[3595, 3632, 3543, 2397, 1669]
[V3A-FEAS] diagnostic only: active lazy cut remains unchanged in v3a
[V3A-FEAS] front_prune_tests_run=6
[V3A-FEAS] infeasible route detected
[V3A-FEAS] route_arc_ids=[0, 3595, 3632, 3542, 2397, 2577, 2005, 3570]
[V3A-FEAS] route_len=8 skeleton_len=18 fail_i=9
[V3A-FEAS] failed_skeleton_edge=C10->C16
[V3A-FEAS] covering_arc_pos=5 covering_arc_id=2577
[V3A-FEAS] current_full_route_cut_size=8
[V3A-FEAS] prefix_through_failure_size=6 prefix_arc_ids=[0, 3595, 3632, 3542, 2397, 2577]
[V3A-FEAS] front_prune_test start_pos=0 candidate_size=6 candidate_ok=False candidate_fail_i=9 candidate_skeleton_len=13 candidate_arc_ids=[0, 3595, 3632, 3542, 2397, 2577]
[V3A-FEAS] front_prune_test start_pos=1 candidate_size=5 candidate_ok=False candidate_fail_i=8 candidate_skeleton_len=12 candidate_arc_ids=[3595, 3632, 3542, 2397, 2577]
[V3A-FEAS] front_prune_test start_pos=2 candidate_size=4 candidate_ok=True candidate_fail_i=None candidate_skeleton_len=10 candidate_arc_ids=[3632, 3542, 2397, 2577]
[V3A-FEAS] front_prune_test start_pos=3 candidate_size=3 candidate_ok=True candidate_fail_i=None candidate_skeleton_len=8 candidate_arc_ids=[3542, 2397, 2577]
[V3A-FEAS] front_prune_test start_pos=4 candidate_size=2 candidate_ok=True candidate_fail_i=None candidate_skeleton_len=6 candidate_arc_ids=[2397, 2577]
[V3A-FEAS] front_prune_test start_pos=5 candidate_size=1 candidate_ok=True candidate_fail_i=None candidate_skeleton_len=4 candidate_arc_ids=[2577]
[V3A-FEAS] smallest_observed_front_pruned_bad_size=5
[V3A-FEAS] smallest_observed_front_pruned_bad_arc_ids=[3595, 3632, 3542, 2397, 2577]
[V3A-FEAS] diagnostic only: active lazy cut remains unchanged in v3a
[V3A-FEAS] front_prune_tests_run=6
[V3A-FEAS] infeasible route detected
[V3A-FEAS] route_arc_ids=[0, 3595, 3632, 3542, 2397, 3085, 3122, 1911]
[V3A-FEAS] route_len=8 skeleton_len=18 fail_i=11
[V3A-FEAS] failed_skeleton_edge=C11->C16
[V3A-FEAS] covering_arc_pos=6 covering_arc_id=3122
[V3A-FEAS] current_full_route_cut_size=8
[V3A-FEAS] prefix_through_failure_size=7 prefix_arc_ids=[0, 3595, 3632, 3542, 2397, 3085, 3122]
[V3A-FEAS] front_prune_test start_pos=0 candidate_size=7 candidate_ok=False candidate_fail_i=11 candidate_skeleton_len=15 candidate_arc_ids=[0, 3595, 3632, 3542, 2397, 3085, 3122]
[V3A-FEAS] front_prune_test start_pos=1 candidate_size=6 candidate_ok=False candidate_fail_i=10 candidate_skeleton_len=14 candidate_arc_ids=[3595, 3632, 3542, 2397, 3085, 3122]
[V3A-FEAS] front_prune_test start_pos=2 candidate_size=5 candidate_ok=True candidate_fail_i=None candidate_skeleton_len=12 candidate_arc_ids=[3632, 3542, 2397, 3085, 3122]
[V3A-FEAS] front_prune_test start_pos=3 candidate_size=4 candidate_ok=True candidate_fail_i=None candidate_skeleton_len=10 candidate_arc_ids=[3542, 2397, 3085, 3122]
[V3A-FEAS] front_prune_test start_pos=4 candidate_size=3 candidate_ok=True candidate_fail_i=None candidate_skeleton_len=8 candidate_arc_ids=[2397, 3085, 3122]
[V3A-FEAS] front_prune_test start_pos=5 candidate_size=2 candidate_ok=True candidate_fail_i=None candidate_skeleton_len=6 candidate_arc_ids=[3085, 3122]
[V3A-FEAS] front_prune_test start_pos=6 candidate_size=1 candidate_ok=True candidate_fail_i=None candidate_skeleton_len=4 candidate_arc_ids=[3122]
[V3A-FEAS] smallest_observed_front_pruned_bad_size=6
[V3A-FEAS] smallest_observed_front_pruned_bad_arc_ids=[3595, 3632, 3542, 2397, 3085, 3122]
[V3A-FEAS] diagnostic only: active lazy cut remains unchanged in v3a
[V3A-FEAS] front_prune_tests_run=7
[V3A-FEAS] infeasible route detected
[V3A-FEAS] route_arc_ids=[0, 3595, 3632, 3542, 2395, 1844, 2592, 1996]
[V3A-FEAS] route_len=8 skeleton_len=18 fail_i=11
[V3A-FEAS] failed_skeleton_edge=C9->C16
[V3A-FEAS] covering_arc_pos=5 covering_arc_id=1844
[V3A-FEAS] current_full_route_cut_size=8
[V3A-FEAS] prefix_through_failure_size=6 prefix_arc_ids=[0, 3595, 3632, 3542, 2395, 1844]
[V3A-FEAS] front_prune_test start_pos=0 candidate_size=6 candidate_ok=False candidate_fail_i=11 candidate_skeleton_len=13 candidate_arc_ids=[0, 3595, 3632, 3542, 2395, 1844]
[V3A-FEAS] front_prune_test start_pos=1 candidate_size=5 candidate_ok=False candidate_fail_i=10 candidate_skeleton_len=12 candidate_arc_ids=[3595, 3632, 3542, 2395, 1844]
[V3A-FEAS] front_prune_test start_pos=2 candidate_size=4 candidate_ok=False candidate_fail_i=8 candidate_skeleton_len=10 candidate_arc_ids=[3632, 3542, 2395, 1844]
[V3A-FEAS] front_prune_test start_pos=3 candidate_size=3 candidate_ok=False candidate_fail_i=6 candidate_skeleton_len=8 candidate_arc_ids=[3542, 2395, 1844]
[V3A-FEAS] front_prune_test start_pos=4 candidate_size=2 candidate_ok=False candidate_fail_i=4 candidate_skeleton_len=6 candidate_arc_ids=[2395, 1844]
[V3A-FEAS] front_prune_test start_pos=5 candidate_size=1 candidate_ok=True candidate_fail_i=None candidate_skeleton_len=4 candidate_arc_ids=[1844]
[V3A-FEAS] smallest_observed_front_pruned_bad_size=2
[V3A-FEAS] smallest_observed_front_pruned_bad_arc_ids=[2395, 1844]
[V3A-FEAS] diagnostic only: active lazy cut remains unchanged in v3a
[V3A-FEAS] front_prune_tests_run=6
[V3A-FEAS] infeasible route detected
[V3A-FEAS] route_arc_ids=[0, 3595, 3632, 3542, 2395, 1832, 2241]
[V3A-FEAS] route_len=7 skeleton_len=18 fail_i=13
[V3A-FEAS] failed_skeleton_edge=C11->C16
[V3A-FEAS] covering_arc_pos=6 covering_arc_id=2241
[V3A-FEAS] current_full_route_cut_size=7
[V3A-FEAS] prefix_through_failure_size=7 prefix_arc_ids=[0, 3595, 3632, 3542, 2395, 1832, 2241]
[V3A-FEAS] front_prune_test start_pos=0 candidate_size=7 candidate_ok=False candidate_fail_i=13 candidate_skeleton_len=18 candidate_arc_ids=[0, 3595, 3632, 3542, 2395, 1832, 2241]
[V3A-FEAS] front_prune_test start_pos=1 candidate_size=6 candidate_ok=False candidate_fail_i=12 candidate_skeleton_len=17 candidate_arc_ids=[3595, 3632, 3542, 2395, 1832, 2241]
[V3A-FEAS] front_prune_test start_pos=2 candidate_size=5 candidate_ok=False candidate_fail_i=10 candidate_skeleton_len=15 candidate_arc_ids=[3632, 3542, 2395, 1832, 2241]
[V3A-FEAS] front_prune_test start_pos=3 candidate_size=4 candidate_ok=False candidate_fail_i=8 candidate_skeleton_len=13 candidate_arc_ids=[3542, 2395, 1832, 2241]
[V3A-FEAS] front_prune_test start_pos=4 candidate_size=3 candidate_ok=False candidate_fail_i=6 candidate_skeleton_len=11 candidate_arc_ids=[2395, 1832, 2241]
[V3A-FEAS] front_prune_test start_pos=5 candidate_size=2 candidate_ok=True candidate_fail_i=None candidate_skeleton_len=9 candidate_arc_ids=[1832, 2241]
[V3A-FEAS] front_prune_test start_pos=6 candidate_size=1 candidate_ok=True candidate_fail_i=None candidate_skeleton_len=5 candidate_arc_ids=[2241]
[V3A-FEAS] smallest_observed_front_pruned_bad_size=3
[V3A-FEAS] smallest_observed_front_pruned_bad_arc_ids=[2395, 1832, 2241]
[V3A-FEAS] diagnostic only: active lazy cut remains unchanged in v3a
[V3A-FEAS] front_prune_tests_run=7
[V3A-FEAS] infeasible route detected
[V3A-FEAS] route_arc_ids=[0, 3595, 3632, 3543, 2397, 3084, 2250, 3571]
[V3A-FEAS] route_len=8 skeleton_len=18 fail_i=11
[V3A-FEAS] failed_skeleton_edge=C11->C16
[V3A-FEAS] covering_arc_pos=6 covering_arc_id=2250
[V3A-FEAS] current_full_route_cut_size=8
[V3A-FEAS] prefix_through_failure_size=7 prefix_arc_ids=[0, 3595, 3632, 3543, 2397, 3084, 2250]
[V3A-FEAS] front_prune_test start_pos=0 candidate_size=7 candidate_ok=False candidate_fail_i=11 candidate_skeleton_len=16 candidate_arc_ids=[0, 3595, 3632, 3543, 2397, 3084, 2250]
[V3A-FEAS] front_prune_test start_pos=1 candidate_size=6 candidate_ok=False candidate_fail_i=10 candidate_skeleton_len=15 candidate_arc_ids=[3595, 3632, 3543, 2397, 3084, 2250]
[V3A-FEAS] front_prune_test start_pos=2 candidate_size=5 candidate_ok=True candidate_fail_i=None candidate_skeleton_len=13 candidate_arc_ids=[3632, 3543, 2397, 3084, 2250]
[V3A-FEAS] front_prune_test start_pos=3 candidate_size=4 candidate_ok=True candidate_fail_i=None candidate_skeleton_len=11 candidate_arc_ids=[3543, 2397, 3084, 2250]
[V3A-FEAS] front_prune_test start_pos=4 candidate_size=3 candidate_ok=True candidate_fail_i=None candidate_skeleton_len=9 candidate_arc_ids=[2397, 3084, 2250]
[V3A-FEAS] front_prune_test start_pos=5 candidate_size=2 candidate_ok=True candidate_fail_i=None candidate_skeleton_len=7 candidate_arc_ids=[3084, 2250]
[V3A-FEAS] front_prune_test start_pos=6 candidate_size=1 candidate_ok=True candidate_fail_i=None candidate_skeleton_len=5 candidate_arc_ids=[2250]
[V3A-FEAS] smallest_observed_front_pruned_bad_size=6
[V3A-FEAS] smallest_observed_front_pruned_bad_arc_ids=[3595, 3632, 3543, 2397, 3084, 2250]
[V3A-FEAS] diagnostic only: active lazy cut remains unchanged in v3a
[V3A-FEAS] front_prune_tests_run=7
[V3A-FEAS] infeasible route detected
[V3A-FEAS] route_arc_ids=[0, 3595, 3632, 3543, 2399, 3123, 149]
[V3A-FEAS] route_len=7 skeleton_len=18 fail_i=9
[V3A-FEAS] failed_skeleton_edge=C11->C16
[V3A-FEAS] covering_arc_pos=5 covering_arc_id=3123
[V3A-FEAS] current_full_route_cut_size=7
[V3A-FEAS] prefix_through_failure_size=6 prefix_arc_ids=[0, 3595, 3632, 3543, 2399, 3123]
[V3A-FEAS] front_prune_test start_pos=0 candidate_size=6 candidate_ok=False candidate_fail_i=9 candidate_skeleton_len=13 candidate_arc_ids=[0, 3595, 3632, 3543, 2399, 3123]
[V3A-FEAS] front_prune_test start_pos=1 candidate_size=5 candidate_ok=False candidate_fail_i=8 candidate_skeleton_len=12 candidate_arc_ids=[3595, 3632, 3543, 2399, 3123]
[V3A-FEAS] front_prune_test start_pos=2 candidate_size=4 candidate_ok=True candidate_fail_i=None candidate_skeleton_len=10 candidate_arc_ids=[3632, 3543, 2399, 3123]
[V3A-FEAS] front_prune_test start_pos=3 candidate_size=3 candidate_ok=True candidate_fail_i=None candidate_skeleton_len=8 candidate_arc_ids=[3543, 2399, 3123]
[V3A-FEAS] front_prune_test start_pos=4 candidate_size=2 candidate_ok=True candidate_fail_i=None candidate_skeleton_len=6 candidate_arc_ids=[2399, 3123]
[V3A-FEAS] front_prune_test start_pos=5 candidate_size=1 candidate_ok=True candidate_fail_i=None candidate_skeleton_len=4 candidate_arc_ids=[3123]
[V3A-FEAS] smallest_observed_front_pruned_bad_size=5
[V3A-FEAS] smallest_observed_front_pruned_bad_arc_ids=[3595, 3632, 3543, 2399, 3123]
[V3A-FEAS] diagnostic only: active lazy cut remains unchanged in v3a
[V3A-FEAS] front_prune_tests_run=6
[V3A-FEAS] infeasible route detected
[V3A-FEAS] route_arc_ids=[6, 3542, 2391, 3595, 3628, 1844, 1694, 3604]
[V3A-FEAS] route_len=8 skeleton_len=18 fail_i=11
[V3A-FEAS] failed_skeleton_edge=C9->C16
[V3A-FEAS] covering_arc_pos=5 covering_arc_id=1844
[V3A-FEAS] current_full_route_cut_size=8
[V3A-FEAS] prefix_through_failure_size=6 prefix_arc_ids=[6, 3542, 2391, 3595, 3628, 1844]
[V3A-FEAS] front_prune_test start_pos=0 candidate_size=6 candidate_ok=False candidate_fail_i=11 candidate_skeleton_len=13 candidate_arc_ids=[6, 3542, 2391, 3595, 3628, 1844]
[V3A-FEAS] front_prune_test start_pos=1 candidate_size=5 candidate_ok=False candidate_fail_i=10 candidate_skeleton_len=12 candidate_arc_ids=[3542, 2391, 3595, 3628, 1844]
[V3A-FEAS] front_prune_test start_pos=2 candidate_size=4 candidate_ok=False candidate_fail_i=8 candidate_skeleton_len=10 candidate_arc_ids=[2391, 3595, 3628, 1844]
[V3A-FEAS] front_prune_test start_pos=3 candidate_size=3 candidate_ok=False candidate_fail_i=6 candidate_skeleton_len=8 candidate_arc_ids=[3595, 3628, 1844]
[V3A-FEAS] front_prune_test start_pos=4 candidate_size=2 candidate_ok=False candidate_fail_i=4 candidate_skeleton_len=6 candidate_arc_ids=[3628, 1844]
[V3A-FEAS] front_prune_test start_pos=5 candidate_size=1 candidate_ok=True candidate_fail_i=None candidate_skeleton_len=4 candidate_arc_ids=[1844]
[V3A-FEAS] smallest_observed_front_pruned_bad_size=2
[V3A-FEAS] smallest_observed_front_pruned_bad_arc_ids=[3628, 1844]
[V3A-FEAS] diagnostic only: active lazy cut remains unchanged in v3a
[V3A-FEAS] front_prune_tests_run=6
[V3A-FEAS] infeasible route detected
[V3A-FEAS] route_arc_ids=[4, 3613, 1845, 1688, 3595, 3632, 3542, 2389]
[V3A-FEAS] route_len=8 skeleton_len=18 fail_i=5
[V3A-FEAS] failed_skeleton_edge=C9->C16
[V3A-FEAS] covering_arc_pos=2 covering_arc_id=1845
[V3A-FEAS] current_full_route_cut_size=8
[V3A-FEAS] prefix_through_failure_size=3 prefix_arc_ids=[4, 3613, 1845]
[V3A-FEAS] front_prune_test start_pos=0 candidate_size=3 candidate_ok=False candidate_fail_i=5 candidate_skeleton_len=7 candidate_arc_ids=[4, 3613, 1845]
[V3A-FEAS] front_prune_test start_pos=1 candidate_size=2 candidate_ok=False candidate_fail_i=4 candidate_skeleton_len=6 candidate_arc_ids=[3613, 1845]
[V3A-FEAS] front_prune_test start_pos=2 candidate_size=1 candidate_ok=True candidate_fail_i=None candidate_skeleton_len=4 candidate_arc_ids=[1845]
[V3A-FEAS] smallest_observed_front_pruned_bad_size=2
[V3A-FEAS] smallest_observed_front_pruned_bad_arc_ids=[3613, 1845]
[V3A-FEAS] diagnostic only: active lazy cut remains unchanged in v3a
[V3A-FEAS] front_prune_tests_run=3
[V3A-FEAS] infeasible route detected
[V3A-FEAS] route_arc_ids=[0, 3595, 3632, 3543, 2397, 2577, 2005, 3571]
[V3A-FEAS] route_len=8 skeleton_len=18 fail_i=9
[V3A-FEAS] failed_skeleton_edge=C10->C16
[V3A-FEAS] covering_arc_pos=5 covering_arc_id=2577
[V3A-FEAS] current_full_route_cut_size=8
[V3A-FEAS] prefix_through_failure_size=6 prefix_arc_ids=[0, 3595, 3632, 3543, 2397, 2577]
[V3A-FEAS] front_prune_test start_pos=0 candidate_size=6 candidate_ok=False candidate_fail_i=9 candidate_skeleton_len=13 candidate_arc_ids=[0, 3595, 3632, 3543, 2397, 2577]
[V3A-FEAS] front_prune_test start_pos=1 candidate_size=5 candidate_ok=False candidate_fail_i=8 candidate_skeleton_len=12 candidate_arc_ids=[3595, 3632, 3543, 2397, 2577]
[V3A-FEAS] front_prune_test start_pos=2 candidate_size=4 candidate_ok=True candidate_fail_i=None candidate_skeleton_len=10 candidate_arc_ids=[3632, 3543, 2397, 2577]
[V3A-FEAS] front_prune_test start_pos=3 candidate_size=3 candidate_ok=True candidate_fail_i=None candidate_skeleton_len=8 candidate_arc_ids=[3543, 2397, 2577]
[V3A-FEAS] front_prune_test start_pos=4 candidate_size=2 candidate_ok=True candidate_fail_i=None candidate_skeleton_len=6 candidate_arc_ids=[2397, 2577]
[V3A-FEAS] front_prune_test start_pos=5 candidate_size=1 candidate_ok=True candidate_fail_i=None candidate_skeleton_len=4 candidate_arc_ids=[2577]
[V3A-FEAS] smallest_observed_front_pruned_bad_size=5
[V3A-FEAS] smallest_observed_front_pruned_bad_arc_ids=[3595, 3632, 3543, 2397, 2577]
[V3A-FEAS] diagnostic only: active lazy cut remains unchanged in v3a
[V3A-FEAS] front_prune_tests_run=6
[V3A-FEAS] infeasible route detected
[V3A-FEAS] route_arc_ids=[0, 3595, 3632, 3543, 2397, 3084, 3613, 3584, 1715]
[V3A-FEAS] route_len=9 skeleton_len=18 fail_i=14
[V3A-FEAS] failed_skeleton_edge=C9->C16
[V3A-FEAS] covering_arc_pos=7 covering_arc_id=3584
[V3A-FEAS] current_full_route_cut_size=9
[V3A-FEAS] prefix_through_failure_size=8 prefix_arc_ids=[0, 3595, 3632, 3543, 2397, 3084, 3613, 3584]
[V3A-FEAS] front_prune_test start_pos=0 candidate_size=8 candidate_ok=False candidate_fail_i=14 candidate_skeleton_len=16 candidate_arc_ids=[0, 3595, 3632, 3543, 2397, 3084, 3613, 3584]
[V3A-FEAS] front_prune_test start_pos=1 candidate_size=7 candidate_ok=False candidate_fail_i=13 candidate_skeleton_len=15 candidate_arc_ids=[3595, 3632, 3543, 2397, 3084, 3613, 3584]
[V3A-FEAS] front_prune_test start_pos=2 candidate_size=6 candidate_ok=False candidate_fail_i=11 candidate_skeleton_len=13 candidate_arc_ids=[3632, 3543, 2397, 3084, 3613, 3584]
[V3A-FEAS] front_prune_test start_pos=3 candidate_size=5 candidate_ok=False candidate_fail_i=9 candidate_skeleton_len=11 candidate_arc_ids=[3543, 2397, 3084, 3613, 3584]
[V3A-FEAS] front_prune_test start_pos=4 candidate_size=4 candidate_ok=False candidate_fail_i=7 candidate_skeleton_len=9 candidate_arc_ids=[2397, 3084, 3613, 3584]
[V3A-FEAS] front_prune_test start_pos=5 candidate_size=3 candidate_ok=False candidate_fail_i=5 candidate_skeleton_len=7 candidate_arc_ids=[3084, 3613, 3584]
[V3A-FEAS] front_prune_test start_pos=6 candidate_size=2 candidate_ok=False candidate_fail_i=3 candidate_skeleton_len=5 candidate_arc_ids=[3613, 3584]
[V3A-FEAS] front_prune_test start_pos=7 candidate_size=1 candidate_ok=True candidate_fail_i=None candidate_skeleton_len=3 candidate_arc_ids=[3584]
[V3A-FEAS] smallest_observed_front_pruned_bad_size=2
[V3A-FEAS] smallest_observed_front_pruned_bad_arc_ids=[3613, 3584]
[V3A-FEAS] diagnostic only: active lazy cut remains unchanged in v3a
[V3A-FEAS] front_prune_tests_run=8
[V3A-FEAS] infeasible route detected
[V3A-FEAS] route_arc_ids=[0, 3595, 3632, 3542, 2397, 3085, 2251, 3570]
[V3A-FEAS] route_len=8 skeleton_len=18 fail_i=11
[V3A-FEAS] failed_skeleton_edge=C11->C16
[V3A-FEAS] covering_arc_pos=6 covering_arc_id=2251
[V3A-FEAS] current_full_route_cut_size=8
[V3A-FEAS] prefix_through_failure_size=7 prefix_arc_ids=[0, 3595, 3632, 3542, 2397, 3085, 2251]
[V3A-FEAS] front_prune_test start_pos=0 candidate_size=7 candidate_ok=False candidate_fail_i=11 candidate_skeleton_len=16 candidate_arc_ids=[0, 3595, 3632, 3542, 2397, 3085, 2251]
[V3A-FEAS] front_prune_test start_pos=1 candidate_size=6 candidate_ok=False candidate_fail_i=10 candidate_skeleton_len=15 candidate_arc_ids=[3595, 3632, 3542, 2397, 3085, 2251]
[V3A-FEAS] front_prune_test start_pos=2 candidate_size=5 candidate_ok=True candidate_fail_i=None candidate_skeleton_len=13 candidate_arc_ids=[3632, 3542, 2397, 3085, 2251]
[V3A-FEAS] front_prune_test start_pos=3 candidate_size=4 candidate_ok=True candidate_fail_i=None candidate_skeleton_len=11 candidate_arc_ids=[3542, 2397, 3085, 2251]
[V3A-FEAS] front_prune_test start_pos=4 candidate_size=3 candidate_ok=True candidate_fail_i=None candidate_skeleton_len=9 candidate_arc_ids=[2397, 3085, 2251]
[V3A-FEAS] front_prune_test start_pos=5 candidate_size=2 candidate_ok=True candidate_fail_i=None candidate_skeleton_len=7 candidate_arc_ids=[3085, 2251]
[V3A-FEAS] front_prune_test start_pos=6 candidate_size=1 candidate_ok=True candidate_fail_i=None candidate_skeleton_len=5 candidate_arc_ids=[2251]
[V3A-FEAS] smallest_observed_front_pruned_bad_size=6
[V3A-FEAS] smallest_observed_front_pruned_bad_arc_ids=[3595, 3632, 3542, 2397, 3085, 2251]
[V3A-FEAS] diagnostic only: active lazy cut remains unchanged in v3a
[V3A-FEAS] front_prune_tests_run=7
[V3A-FEAS] infeasible route detected
[V3A-FEAS] route_arc_ids=[6, 3542, 2391, 3595, 3633, 1720, 3611, 1828]
[V3A-FEAS] route_len=8 skeleton_len=18 fail_i=8
[V3A-FEAS] failed_skeleton_edge=C3->C16
[V3A-FEAS] covering_arc_pos=4 covering_arc_id=3633
[V3A-FEAS] current_full_route_cut_size=8
[V3A-FEAS] prefix_through_failure_size=5 prefix_arc_ids=[6, 3542, 2391, 3595, 3633]
[V3A-FEAS] front_prune_test start_pos=0 candidate_size=5 candidate_ok=False candidate_fail_i=8 candidate_skeleton_len=10 candidate_arc_ids=[6, 3542, 2391, 3595, 3633]
[V3A-FEAS] front_prune_test start_pos=1 candidate_size=4 candidate_ok=False candidate_fail_i=7 candidate_skeleton_len=9 candidate_arc_ids=[3542, 2391, 3595, 3633]
[V3A-FEAS] front_prune_test start_pos=2 candidate_size=3 candidate_ok=False candidate_fail_i=5 candidate_skeleton_len=7 candidate_arc_ids=[2391, 3595, 3633]
[V3A-FEAS] front_prune_test start_pos=3 candidate_size=2 candidate_ok=False candidate_fail_i=3 candidate_skeleton_len=5 candidate_arc_ids=[3595, 3633]
[V3A-FEAS] front_prune_test start_pos=4 candidate_size=1 candidate_ok=True candidate_fail_i=None candidate_skeleton_len=3 candidate_arc_ids=[3633]
[V3A-FEAS] smallest_observed_front_pruned_bad_size=2
[V3A-FEAS] smallest_observed_front_pruned_bad_arc_ids=[3595, 3633]
[V3A-FEAS] diagnostic only: active lazy cut remains unchanged in v3a
[V3A-FEAS] front_prune_tests_run=5
[V3A-FEAS] infeasible route detected
[V3A-FEAS] route_arc_ids=[0, 3595, 3632, 3543, 2399, 2250, 1828]
[V3A-FEAS] route_len=7 skeleton_len=18 fail_i=9
[V3A-FEAS] failed_skeleton_edge=C11->C16
[V3A-FEAS] covering_arc_pos=5 covering_arc_id=2250
[V3A-FEAS] current_full_route_cut_size=7
[V3A-FEAS] prefix_through_failure_size=6 prefix_arc_ids=[0, 3595, 3632, 3543, 2399, 2250]
[V3A-FEAS] front_prune_test start_pos=0 candidate_size=6 candidate_ok=False candidate_fail_i=9 candidate_skeleton_len=14 candidate_arc_ids=[0, 3595, 3632, 3543, 2399, 2250]
[V3A-FEAS] front_prune_test start_pos=1 candidate_size=5 candidate_ok=False candidate_fail_i=8 candidate_skeleton_len=13 candidate_arc_ids=[3595, 3632, 3543, 2399, 2250]
[V3A-FEAS] front_prune_test start_pos=2 candidate_size=4 candidate_ok=True candidate_fail_i=None candidate_skeleton_len=11 candidate_arc_ids=[3632, 3543, 2399, 2250]
[V3A-FEAS] front_prune_test start_pos=3 candidate_size=3 candidate_ok=True candidate_fail_i=None candidate_skeleton_len=9 candidate_arc_ids=[3543, 2399, 2250]
[V3A-FEAS] front_prune_test start_pos=4 candidate_size=2 candidate_ok=True candidate_fail_i=None candidate_skeleton_len=7 candidate_arc_ids=[2399, 2250]
[V3A-FEAS] front_prune_test start_pos=5 candidate_size=1 candidate_ok=True candidate_fail_i=None candidate_skeleton_len=5 candidate_arc_ids=[2250]
[V3A-FEAS] smallest_observed_front_pruned_bad_size=5
[V3A-FEAS] smallest_observed_front_pruned_bad_arc_ids=[3595, 3632, 3543, 2399, 2250]
[V3A-FEAS] diagnostic only: active lazy cut remains unchanged in v3a
[V3A-FEAS] front_prune_tests_run=6
[V3A-FEAS] infeasible route detected
[V3A-FEAS] route_arc_ids=[0, 3595, 3632, 3542, 2397, 3084, 3123, 1910]
[V3A-FEAS] route_len=8 skeleton_len=18 fail_i=11
[V3A-FEAS] failed_skeleton_edge=C11->C16
[V3A-FEAS] covering_arc_pos=6 covering_arc_id=3123
[V3A-FEAS] current_full_route_cut_size=8
[V3A-FEAS] prefix_through_failure_size=7 prefix_arc_ids=[0, 3595, 3632, 3542, 2397, 3084, 3123]
[V3A-FEAS] front_prune_test start_pos=0 candidate_size=7 candidate_ok=False candidate_fail_i=11 candidate_skeleton_len=15 candidate_arc_ids=[0, 3595, 3632, 3542, 2397, 3084, 3123]
[V3A-FEAS] front_prune_test start_pos=1 candidate_size=6 candidate_ok=False candidate_fail_i=10 candidate_skeleton_len=14 candidate_arc_ids=[3595, 3632, 3542, 2397, 3084, 3123]
[V3A-FEAS] front_prune_test start_pos=2 candidate_size=5 candidate_ok=True candidate_fail_i=None candidate_skeleton_len=12 candidate_arc_ids=[3632, 3542, 2397, 3084, 3123]
[V3A-FEAS] front_prune_test start_pos=3 candidate_size=4 candidate_ok=True candidate_fail_i=None candidate_skeleton_len=10 candidate_arc_ids=[3542, 2397, 3084, 3123]
[V3A-FEAS] front_prune_test start_pos=4 candidate_size=3 candidate_ok=True candidate_fail_i=None candidate_skeleton_len=8 candidate_arc_ids=[2397, 3084, 3123]
[V3A-FEAS] front_prune_test start_pos=5 candidate_size=2 candidate_ok=True candidate_fail_i=None candidate_skeleton_len=6 candidate_arc_ids=[3084, 3123]
[V3A-FEAS] front_prune_test start_pos=6 candidate_size=1 candidate_ok=True candidate_fail_i=None candidate_skeleton_len=4 candidate_arc_ids=[3123]
[V3A-FEAS] smallest_observed_front_pruned_bad_size=6
[V3A-FEAS] smallest_observed_front_pruned_bad_arc_ids=[3595, 3632, 3542, 2397, 3084, 3123]
[V3A-FEAS] diagnostic only: active lazy cut remains unchanged in v3a
[V3A-FEAS] front_prune_tests_run=7
[V3A-FEAS] infeasible route detected
[V3A-FEAS] route_arc_ids=[0, 3595, 3632, 3543, 2397, 1669, 3613, 3570]
[V3A-FEAS] route_len=8 skeleton_len=18 fail_i=9
[V3A-FEAS] failed_skeleton_edge=C10->C16
[V3A-FEAS] covering_arc_pos=5 covering_arc_id=1669
[V3A-FEAS] current_full_route_cut_size=8
[V3A-FEAS] prefix_through_failure_size=6 prefix_arc_ids=[0, 3595, 3632, 3543, 2397, 1669]
[V3A-FEAS] front_prune_test start_pos=0 candidate_size=6 candidate_ok=False candidate_fail_i=9 candidate_skeleton_len=14 candidate_arc_ids=[0, 3595, 3632, 3543, 2397, 1669]
[V3A-FEAS] front_prune_test start_pos=1 candidate_size=5 candidate_ok=False candidate_fail_i=8 candidate_skeleton_len=13 candidate_arc_ids=[3595, 3632, 3543, 2397, 1669]
[V3A-FEAS] front_prune_test start_pos=2 candidate_size=4 candidate_ok=True candidate_fail_i=None candidate_skeleton_len=11 candidate_arc_ids=[3632, 3543, 2397, 1669]
[V3A-FEAS] front_prune_test start_pos=3 candidate_size=3 candidate_ok=True candidate_fail_i=None candidate_skeleton_len=9 candidate_arc_ids=[3543, 2397, 1669]
[V3A-FEAS] front_prune_test start_pos=4 candidate_size=2 candidate_ok=True candidate_fail_i=None candidate_skeleton_len=7 candidate_arc_ids=[2397, 1669]
[V3A-FEAS] front_prune_test start_pos=5 candidate_size=1 candidate_ok=True candidate_fail_i=None candidate_skeleton_len=5 candidate_arc_ids=[1669]
[V3A-FEAS] smallest_observed_front_pruned_bad_size=5
[V3A-FEAS] smallest_observed_front_pruned_bad_arc_ids=[3595, 3632, 3543, 2397, 1669]
[V3A-FEAS] diagnostic only: active lazy cut remains unchanged in v3a
[V3A-FEAS] front_prune_tests_run=6
[V3A-FEAS] infeasible route detected
[V3A-FEAS] route_arc_ids=[0, 3595, 3632, 3542, 2397, 3085, 2250, 3571]
[V3A-FEAS] route_len=8 skeleton_len=18 fail_i=11
[V3A-FEAS] failed_skeleton_edge=C11->C16
[V3A-FEAS] covering_arc_pos=6 covering_arc_id=2250
[V3A-FEAS] current_full_route_cut_size=8
[V3A-FEAS] prefix_through_failure_size=7 prefix_arc_ids=[0, 3595, 3632, 3542, 2397, 3085, 2250]
[V3A-FEAS] front_prune_test start_pos=0 candidate_size=7 candidate_ok=False candidate_fail_i=11 candidate_skeleton_len=16 candidate_arc_ids=[0, 3595, 3632, 3542, 2397, 3085, 2250]
[V3A-FEAS] front_prune_test start_pos=1 candidate_size=6 candidate_ok=False candidate_fail_i=10 candidate_skeleton_len=15 candidate_arc_ids=[3595, 3632, 3542, 2397, 3085, 2250]
[V3A-FEAS] front_prune_test start_pos=2 candidate_size=5 candidate_ok=True candidate_fail_i=None candidate_skeleton_len=13 candidate_arc_ids=[3632, 3542, 2397, 3085, 2250]
[V3A-FEAS] front_prune_test start_pos=3 candidate_size=4 candidate_ok=True candidate_fail_i=None candidate_skeleton_len=11 candidate_arc_ids=[3542, 2397, 3085, 2250]
[V3A-FEAS] front_prune_test start_pos=4 candidate_size=3 candidate_ok=True candidate_fail_i=None candidate_skeleton_len=9 candidate_arc_ids=[2397, 3085, 2250]
[V3A-FEAS] front_prune_test start_pos=5 candidate_size=2 candidate_ok=True candidate_fail_i=None candidate_skeleton_len=7 candidate_arc_ids=[3085, 2250]
[V3A-FEAS] front_prune_test start_pos=6 candidate_size=1 candidate_ok=True candidate_fail_i=None candidate_skeleton_len=5 candidate_arc_ids=[2250]
[V3A-FEAS] smallest_observed_front_pruned_bad_size=6
[V3A-FEAS] smallest_observed_front_pruned_bad_arc_ids=[3595, 3632, 3542, 2397, 3085, 2250]
[V3A-FEAS] diagnostic only: active lazy cut remains unchanged in v3a
[V3A-FEAS] front_prune_tests_run=7
[V3A-FEAS] infeasible route detected
[V3A-FEAS] route_arc_ids=[4, 3611, 1845, 1697, 3542, 2391, 3595, 3626]
[V3A-FEAS] route_len=8 skeleton_len=18 fail_i=5
[V3A-FEAS] failed_skeleton_edge=C9->C16
[V3A-FEAS] covering_arc_pos=2 covering_arc_id=1845
[V3A-FEAS] current_full_route_cut_size=8
[V3A-FEAS] prefix_through_failure_size=3 prefix_arc_ids=[4, 3611, 1845]
[V3A-FEAS] front_prune_test start_pos=0 candidate_size=3 candidate_ok=False candidate_fail_i=5 candidate_skeleton_len=7 candidate_arc_ids=[4, 3611, 1845]
[V3A-FEAS] front_prune_test start_pos=1 candidate_size=2 candidate_ok=False candidate_fail_i=4 candidate_skeleton_len=6 candidate_arc_ids=[3611, 1845]
[V3A-FEAS] front_prune_test start_pos=2 candidate_size=1 candidate_ok=True candidate_fail_i=None candidate_skeleton_len=4 candidate_arc_ids=[1845]
[V3A-FEAS] smallest_observed_front_pruned_bad_size=2
[V3A-FEAS] smallest_observed_front_pruned_bad_arc_ids=[3611, 1845]
[V3A-FEAS] diagnostic only: active lazy cut remains unchanged in v3a
[V3A-FEAS] front_prune_tests_run=3
[V3A-FEAS] infeasible route detected
[V3A-FEAS] route_arc_ids=[4, 3611, 1845, 1687, 3595, 3632, 3542, 2389]
[V3A-FEAS] route_len=8 skeleton_len=18 fail_i=5
[V3A-FEAS] failed_skeleton_edge=C9->C16
[V3A-FEAS] covering_arc_pos=2 covering_arc_id=1845
[V3A-FEAS] current_full_route_cut_size=8
[V3A-FEAS] prefix_through_failure_size=3 prefix_arc_ids=[4, 3611, 1845]
[V3A-FEAS] front_prune_test start_pos=0 candidate_size=3 candidate_ok=False candidate_fail_i=5 candidate_skeleton_len=7 candidate_arc_ids=[4, 3611, 1845]
[V3A-FEAS] front_prune_test start_pos=1 candidate_size=2 candidate_ok=False candidate_fail_i=4 candidate_skeleton_len=6 candidate_arc_ids=[3611, 1845]
[V3A-FEAS] front_prune_test start_pos=2 candidate_size=1 candidate_ok=True candidate_fail_i=None candidate_skeleton_len=4 candidate_arc_ids=[1845]
[V3A-FEAS] smallest_observed_front_pruned_bad_size=2
[V3A-FEAS] smallest_observed_front_pruned_bad_arc_ids=[3611, 1845]
[V3A-FEAS] diagnostic only: active lazy cut remains unchanged in v3a
[V3A-FEAS] front_prune_tests_run=3
[V3A-FEAS] infeasible route detected
[V3A-FEAS] route_arc_ids=[0, 3595, 3632, 3543, 2395, 1845, 1694, 3603]
[V3A-FEAS] route_len=8 skeleton_len=18 fail_i=11
[V3A-FEAS] failed_skeleton_edge=C9->C16
[V3A-FEAS] covering_arc_pos=5 covering_arc_id=1845
[V3A-FEAS] current_full_route_cut_size=8
[V3A-FEAS] prefix_through_failure_size=6 prefix_arc_ids=[0, 3595, 3632, 3543, 2395, 1845]
[V3A-FEAS] front_prune_test start_pos=0 candidate_size=6 candidate_ok=False candidate_fail_i=11 candidate_skeleton_len=13 candidate_arc_ids=[0, 3595, 3632, 3543, 2395, 1845]
[V3A-FEAS] front_prune_test start_pos=1 candidate_size=5 candidate_ok=False candidate_fail_i=10 candidate_skeleton_len=12 candidate_arc_ids=[3595, 3632, 3543, 2395, 1845]
[V3A-FEAS] front_prune_test start_pos=2 candidate_size=4 candidate_ok=False candidate_fail_i=8 candidate_skeleton_len=10 candidate_arc_ids=[3632, 3543, 2395, 1845]
[V3A-FEAS] front_prune_test start_pos=3 candidate_size=3 candidate_ok=False candidate_fail_i=6 candidate_skeleton_len=8 candidate_arc_ids=[3543, 2395, 1845]
[V3A-FEAS] front_prune_test start_pos=4 candidate_size=2 candidate_ok=False candidate_fail_i=4 candidate_skeleton_len=6 candidate_arc_ids=[2395, 1845]
[V3A-FEAS] front_prune_test start_pos=5 candidate_size=1 candidate_ok=True candidate_fail_i=None candidate_skeleton_len=4 candidate_arc_ids=[1845]
[V3A-FEAS] smallest_observed_front_pruned_bad_size=2
[V3A-FEAS] smallest_observed_front_pruned_bad_arc_ids=[2395, 1845]
[V3A-FEAS] diagnostic only: active lazy cut remains unchanged in v3a
[V3A-FEAS] front_prune_tests_run=6
[V3A-FEAS] infeasible route detected
[V3A-FEAS] route_arc_ids=[0, 3595, 3632, 3542, 2397, 3084, 3122, 1910]
[V3A-FEAS] route_len=8 skeleton_len=18 fail_i=11
[V3A-FEAS] failed_skeleton_edge=C11->C16
[V3A-FEAS] covering_arc_pos=6 covering_arc_id=3122
[V3A-FEAS] current_full_route_cut_size=8
[V3A-FEAS] prefix_through_failure_size=7 prefix_arc_ids=[0, 3595, 3632, 3542, 2397, 3084, 3122]
[V3A-FEAS] front_prune_test start_pos=0 candidate_size=7 candidate_ok=False candidate_fail_i=11 candidate_skeleton_len=15 candidate_arc_ids=[0, 3595, 3632, 3542, 2397, 3084, 3122]
[V3A-FEAS] front_prune_test start_pos=1 candidate_size=6 candidate_ok=False candidate_fail_i=10 candidate_skeleton_len=14 candidate_arc_ids=[3595, 3632, 3542, 2397, 3084, 3122]
[V3A-FEAS] front_prune_test start_pos=2 candidate_size=5 candidate_ok=True candidate_fail_i=None candidate_skeleton_len=12 candidate_arc_ids=[3632, 3542, 2397, 3084, 3122]
[V3A-FEAS] front_prune_test start_pos=3 candidate_size=4 candidate_ok=True candidate_fail_i=None candidate_skeleton_len=10 candidate_arc_ids=[3542, 2397, 3084, 3122]
[V3A-FEAS] front_prune_test start_pos=4 candidate_size=3 candidate_ok=True candidate_fail_i=None candidate_skeleton_len=8 candidate_arc_ids=[2397, 3084, 3122]
[V3A-FEAS] front_prune_test start_pos=5 candidate_size=2 candidate_ok=True candidate_fail_i=None candidate_skeleton_len=6 candidate_arc_ids=[3084, 3122]
[V3A-FEAS] front_prune_test start_pos=6 candidate_size=1 candidate_ok=True candidate_fail_i=None candidate_skeleton_len=4 candidate_arc_ids=[3122]
[V3A-FEAS] smallest_observed_front_pruned_bad_size=6
[V3A-FEAS] smallest_observed_front_pruned_bad_arc_ids=[3595, 3632, 3542, 2397, 3084, 3122]
[V3A-FEAS] diagnostic only: active lazy cut remains unchanged in v3a
[V3A-FEAS] front_prune_tests_run=7
[V3A-FEAS] infeasible route detected
[V3A-FEAS] route_arc_ids=[0, 3595, 3632, 3542, 2397, 3084, 3122, 1911]
[V3A-FEAS] route_len=8 skeleton_len=18 fail_i=11
[V3A-FEAS] failed_skeleton_edge=C11->C16
[V3A-FEAS] covering_arc_pos=6 covering_arc_id=3122
[V3A-FEAS] current_full_route_cut_size=8
[V3A-FEAS] prefix_through_failure_size=7 prefix_arc_ids=[0, 3595, 3632, 3542, 2397, 3084, 3122]
[V3A-FEAS] front_prune_test start_pos=0 candidate_size=7 candidate_ok=False candidate_fail_i=11 candidate_skeleton_len=15 candidate_arc_ids=[0, 3595, 3632, 3542, 2397, 3084, 3122]
[V3A-FEAS] front_prune_test start_pos=1 candidate_size=6 candidate_ok=False candidate_fail_i=10 candidate_skeleton_len=14 candidate_arc_ids=[3595, 3632, 3542, 2397, 3084, 3122]
[V3A-FEAS] front_prune_test start_pos=2 candidate_size=5 candidate_ok=True candidate_fail_i=None candidate_skeleton_len=12 candidate_arc_ids=[3632, 3542, 2397, 3084, 3122]
[V3A-FEAS] front_prune_test start_pos=3 candidate_size=4 candidate_ok=True candidate_fail_i=None candidate_skeleton_len=10 candidate_arc_ids=[3542, 2397, 3084, 3122]
[V3A-FEAS] front_prune_test start_pos=4 candidate_size=3 candidate_ok=True candidate_fail_i=None candidate_skeleton_len=8 candidate_arc_ids=[2397, 3084, 3122]
[V3A-FEAS] front_prune_test start_pos=5 candidate_size=2 candidate_ok=True candidate_fail_i=None candidate_skeleton_len=6 candidate_arc_ids=[3084, 3122]
[V3A-FEAS] front_prune_test start_pos=6 candidate_size=1 candidate_ok=True candidate_fail_i=None candidate_skeleton_len=4 candidate_arc_ids=[3122]
[V3A-FEAS] smallest_observed_front_pruned_bad_size=6
[V3A-FEAS] smallest_observed_front_pruned_bad_arc_ids=[3595, 3632, 3542, 2397, 3084, 3122]
[V3A-FEAS] diagnostic only: active lazy cut remains unchanged in v3a
[V3A-FEAS] front_prune_tests_run=7
[V3A-FEAS] infeasible route detected
[V3A-FEAS] route_arc_ids=[0, 3595, 3632, 3543, 2399, 3612, 1845, 1685]
[V3A-FEAS] route_len=8 skeleton_len=18 fail_i=13
[V3A-FEAS] failed_skeleton_edge=C9->C16
[V3A-FEAS] covering_arc_pos=6 covering_arc_id=1845
[V3A-FEAS] current_full_route_cut_size=8
[V3A-FEAS] prefix_through_failure_size=7 prefix_arc_ids=[0, 3595, 3632, 3543, 2399, 3612, 1845]
[V3A-FEAS] front_prune_test start_pos=0 candidate_size=7 candidate_ok=False candidate_fail_i=13 candidate_skeleton_len=15 candidate_arc_ids=[0, 3595, 3632, 3543, 2399, 3612, 1845]
[V3A-FEAS] front_prune_test start_pos=1 candidate_size=6 candidate_ok=False candidate_fail_i=12 candidate_skeleton_len=14 candidate_arc_ids=[3595, 3632, 3543, 2399, 3612, 1845]
[V3A-FEAS] front_prune_test start_pos=2 candidate_size=5 candidate_ok=False candidate_fail_i=10 candidate_skeleton_len=12 candidate_arc_ids=[3632, 3543, 2399, 3612, 1845]
[V3A-FEAS] front_prune_test start_pos=3 candidate_size=4 candidate_ok=False candidate_fail_i=8 candidate_skeleton_len=10 candidate_arc_ids=[3543, 2399, 3612, 1845]
[V3A-FEAS] front_prune_test start_pos=4 candidate_size=3 candidate_ok=False candidate_fail_i=6 candidate_skeleton_len=8 candidate_arc_ids=[2399, 3612, 1845]
[V3A-FEAS] front_prune_test start_pos=5 candidate_size=2 candidate_ok=False candidate_fail_i=4 candidate_skeleton_len=6 candidate_arc_ids=[3612, 1845]
[V3A-FEAS] front_prune_test start_pos=6 candidate_size=1 candidate_ok=True candidate_fail_i=None candidate_skeleton_len=4 candidate_arc_ids=[1845]
[V3A-FEAS] smallest_observed_front_pruned_bad_size=2
[V3A-FEAS] smallest_observed_front_pruned_bad_arc_ids=[3612, 1845]
[V3A-FEAS] diagnostic only: active lazy cut remains unchanged in v3a
[V3A-FEAS] front_prune_tests_run=7
[V3A-FEAS] infeasible route detected
[V3A-FEAS] route_arc_ids=[0, 3595, 3632, 3542, 2397, 2576, 2004, 3570]
[V3A-FEAS] route_len=8 skeleton_len=18 fail_i=9
[V3A-FEAS] failed_skeleton_edge=C10->C16
[V3A-FEAS] covering_arc_pos=5 covering_arc_id=2576
[V3A-FEAS] current_full_route_cut_size=8
[V3A-FEAS] prefix_through_failure_size=6 prefix_arc_ids=[0, 3595, 3632, 3542, 2397, 2576]
[V3A-FEAS] front_prune_test start_pos=0 candidate_size=6 candidate_ok=False candidate_fail_i=9 candidate_skeleton_len=13 candidate_arc_ids=[0, 3595, 3632, 3542, 2397, 2576]
[V3A-FEAS] front_prune_test start_pos=1 candidate_size=5 candidate_ok=False candidate_fail_i=8 candidate_skeleton_len=12 candidate_arc_ids=[3595, 3632, 3542, 2397, 2576]
[V3A-FEAS] front_prune_test start_pos=2 candidate_size=4 candidate_ok=True candidate_fail_i=None candidate_skeleton_len=10 candidate_arc_ids=[3632, 3542, 2397, 2576]
[V3A-FEAS] front_prune_test start_pos=3 candidate_size=3 candidate_ok=True candidate_fail_i=None candidate_skeleton_len=8 candidate_arc_ids=[3542, 2397, 2576]
[V3A-FEAS] front_prune_test start_pos=4 candidate_size=2 candidate_ok=True candidate_fail_i=None candidate_skeleton_len=6 candidate_arc_ids=[2397, 2576]
[V3A-FEAS] front_prune_test start_pos=5 candidate_size=1 candidate_ok=True candidate_fail_i=None candidate_skeleton_len=4 candidate_arc_ids=[2576]
[V3A-FEAS] smallest_observed_front_pruned_bad_size=5
[V3A-FEAS] smallest_observed_front_pruned_bad_arc_ids=[3595, 3632, 3542, 2397, 2576]
[V3A-FEAS] diagnostic only: active lazy cut remains unchanged in v3a
[V3A-FEAS] front_prune_tests_run=6
[V3A-FEAS] infeasible route detected
[V3A-FEAS] route_arc_ids=[0, 3595, 3632, 3542, 2397, 2576, 2003, 3570]
[V3A-FEAS] route_len=8 skeleton_len=18 fail_i=9
[V3A-FEAS] failed_skeleton_edge=C10->C16
[V3A-FEAS] covering_arc_pos=5 covering_arc_id=2576
[V3A-FEAS] current_full_route_cut_size=8
[V3A-FEAS] prefix_through_failure_size=6 prefix_arc_ids=[0, 3595, 3632, 3542, 2397, 2576]
[V3A-FEAS] front_prune_test start_pos=0 candidate_size=6 candidate_ok=False candidate_fail_i=9 candidate_skeleton_len=13 candidate_arc_ids=[0, 3595, 3632, 3542, 2397, 2576]
[V3A-FEAS] front_prune_test start_pos=1 candidate_size=5 candidate_ok=False candidate_fail_i=8 candidate_skeleton_len=12 candidate_arc_ids=[3595, 3632, 3542, 2397, 2576]
[V3A-FEAS] front_prune_test start_pos=2 candidate_size=4 candidate_ok=True candidate_fail_i=None candidate_skeleton_len=10 candidate_arc_ids=[3632, 3542, 2397, 2576]
[V3A-FEAS] front_prune_test start_pos=3 candidate_size=3 candidate_ok=True candidate_fail_i=None candidate_skeleton_len=8 candidate_arc_ids=[3542, 2397, 2576]
[V3A-FEAS] front_prune_test start_pos=4 candidate_size=2 candidate_ok=True candidate_fail_i=None candidate_skeleton_len=6 candidate_arc_ids=[2397, 2576]
[V3A-FEAS] front_prune_test start_pos=5 candidate_size=1 candidate_ok=True candidate_fail_i=None candidate_skeleton_len=4 candidate_arc_ids=[2576]
[V3A-FEAS] smallest_observed_front_pruned_bad_size=5
[V3A-FEAS] smallest_observed_front_pruned_bad_arc_ids=[3595, 3632, 3542, 2397, 2576]
[V3A-FEAS] diagnostic only: active lazy cut remains unchanged in v3a
[V3A-FEAS] front_prune_tests_run=6
[V3A-FEAS] infeasible route detected
[V3A-FEAS] route_arc_ids=[0, 3595, 3632, 3543, 2395, 1844, 1694, 3604]
[V3A-FEAS] route_len=8 skeleton_len=18 fail_i=11
[V3A-FEAS] failed_skeleton_edge=C9->C16
[V3A-FEAS] covering_arc_pos=5 covering_arc_id=1844
[V3A-FEAS] current_full_route_cut_size=8
[V3A-FEAS] prefix_through_failure_size=6 prefix_arc_ids=[0, 3595, 3632, 3543, 2395, 1844]
[V3A-FEAS] front_prune_test start_pos=0 candidate_size=6 candidate_ok=False candidate_fail_i=11 candidate_skeleton_len=13 candidate_arc_ids=[0, 3595, 3632, 3543, 2395, 1844]
[V3A-FEAS] front_prune_test start_pos=1 candidate_size=5 candidate_ok=False candidate_fail_i=10 candidate_skeleton_len=12 candidate_arc_ids=[3595, 3632, 3543, 2395, 1844]
[V3A-FEAS] front_prune_test start_pos=2 candidate_size=4 candidate_ok=False candidate_fail_i=8 candidate_skeleton_len=10 candidate_arc_ids=[3632, 3543, 2395, 1844]
[V3A-FEAS] front_prune_test start_pos=3 candidate_size=3 candidate_ok=False candidate_fail_i=6 candidate_skeleton_len=8 candidate_arc_ids=[3543, 2395, 1844]
[V3A-FEAS] front_prune_test start_pos=4 candidate_size=2 candidate_ok=False candidate_fail_i=4 candidate_skeleton_len=6 candidate_arc_ids=[2395, 1844]
[V3A-FEAS] front_prune_test start_pos=5 candidate_size=1 candidate_ok=True candidate_fail_i=None candidate_skeleton_len=4 candidate_arc_ids=[1844]
[V3A-FEAS] smallest_observed_front_pruned_bad_size=2
[V3A-FEAS] smallest_observed_front_pruned_bad_arc_ids=[2395, 1844]
[V3A-FEAS] diagnostic only: active lazy cut remains unchanged in v3a
[V3A-FEAS] front_prune_tests_run=6
[V3A-FEAS] infeasible route detected
[V3A-FEAS] route_arc_ids=[0, 3595, 3632, 3543, 2395, 1845, 2592, 1995]
[V3A-FEAS] route_len=8 skeleton_len=18 fail_i=11
[V3A-FEAS] failed_skeleton_edge=C9->C16
[V3A-FEAS] covering_arc_pos=5 covering_arc_id=1845
[V3A-FEAS] current_full_route_cut_size=8
[V3A-FEAS] prefix_through_failure_size=6 prefix_arc_ids=[0, 3595, 3632, 3543, 2395, 1845]
[V3A-FEAS] front_prune_test start_pos=0 candidate_size=6 candidate_ok=False candidate_fail_i=11 candidate_skeleton_len=13 candidate_arc_ids=[0, 3595, 3632, 3543, 2395, 1845]
[V3A-FEAS] front_prune_test start_pos=1 candidate_size=5 candidate_ok=False candidate_fail_i=10 candidate_skeleton_len=12 candidate_arc_ids=[3595, 3632, 3543, 2395, 1845]
[V3A-FEAS] front_prune_test start_pos=2 candidate_size=4 candidate_ok=False candidate_fail_i=8 candidate_skeleton_len=10 candidate_arc_ids=[3632, 3543, 2395, 1845]
[V3A-FEAS] front_prune_test start_pos=3 candidate_size=3 candidate_ok=False candidate_fail_i=6 candidate_skeleton_len=8 candidate_arc_ids=[3543, 2395, 1845]
[V3A-FEAS] front_prune_test start_pos=4 candidate_size=2 candidate_ok=False candidate_fail_i=4 candidate_skeleton_len=6 candidate_arc_ids=[2395, 1845]
[V3A-FEAS] front_prune_test start_pos=5 candidate_size=1 candidate_ok=True candidate_fail_i=None candidate_skeleton_len=4 candidate_arc_ids=[1845]
[V3A-FEAS] smallest_observed_front_pruned_bad_size=2
[V3A-FEAS] smallest_observed_front_pruned_bad_arc_ids=[2395, 1845]
[V3A-FEAS] diagnostic only: active lazy cut remains unchanged in v3a
[V3A-FEAS] front_prune_tests_run=6
[V3A-FEAS] infeasible route detected
[V3A-FEAS] route_arc_ids=[6, 3542, 2391, 3595, 3630, 3611, 1845, 1685]
[V3A-FEAS] route_len=8 skeleton_len=18 fail_i=13
[V3A-FEAS] failed_skeleton_edge=C9->C16
[V3A-FEAS] covering_arc_pos=6 covering_arc_id=1845
[V3A-FEAS] current_full_route_cut_size=8
[V3A-FEAS] prefix_through_failure_size=7 prefix_arc_ids=[6, 3542, 2391, 3595, 3630, 3611, 1845]
[V3A-FEAS] front_prune_test start_pos=0 candidate_size=7 candidate_ok=False candidate_fail_i=13 candidate_skeleton_len=15 candidate_arc_ids=[6, 3542, 2391, 3595, 3630, 3611, 1845]
[V3A-FEAS] front_prune_test start_pos=1 candidate_size=6 candidate_ok=False candidate_fail_i=12 candidate_skeleton_len=14 candidate_arc_ids=[3542, 2391, 3595, 3630, 3611, 1845]
[V3A-FEAS] front_prune_test start_pos=2 candidate_size=5 candidate_ok=False candidate_fail_i=10 candidate_skeleton_len=12 candidate_arc_ids=[2391, 3595, 3630, 3611, 1845]
[V3A-FEAS] front_prune_test start_pos=3 candidate_size=4 candidate_ok=False candidate_fail_i=8 candidate_skeleton_len=10 candidate_arc_ids=[3595, 3630, 3611, 1845]
[V3A-FEAS] front_prune_test start_pos=4 candidate_size=3 candidate_ok=False candidate_fail_i=6 candidate_skeleton_len=8 candidate_arc_ids=[3630, 3611, 1845]
[V3A-FEAS] front_prune_test start_pos=5 candidate_size=2 candidate_ok=False candidate_fail_i=4 candidate_skeleton_len=6 candidate_arc_ids=[3611, 1845]
[V3A-FEAS] front_prune_test start_pos=6 candidate_size=1 candidate_ok=True candidate_fail_i=None candidate_skeleton_len=4 candidate_arc_ids=[1845]
[V3A-FEAS] smallest_observed_front_pruned_bad_size=2
[V3A-FEAS] smallest_observed_front_pruned_bad_arc_ids=[3611, 1845]
[V3A-FEAS] diagnostic only: active lazy cut remains unchanged in v3a
[V3A-FEAS] front_prune_tests_run=7
[V3A-FEAS] infeasible route detected
[V3A-FEAS] route_arc_ids=[0, 3595, 3632, 3543, 2397, 2576, 2004, 3571]
[V3A-FEAS] route_len=8 skeleton_len=18 fail_i=9
[V3A-FEAS] failed_skeleton_edge=C10->C16
[V3A-FEAS] covering_arc_pos=5 covering_arc_id=2576
[V3A-FEAS] current_full_route_cut_size=8
[V3A-FEAS] prefix_through_failure_size=6 prefix_arc_ids=[0, 3595, 3632, 3543, 2397, 2576]
[V3A-FEAS] front_prune_test start_pos=0 candidate_size=6 candidate_ok=False candidate_fail_i=9 candidate_skeleton_len=13 candidate_arc_ids=[0, 3595, 3632, 3543, 2397, 2576]
[V3A-FEAS] front_prune_test start_pos=1 candidate_size=5 candidate_ok=False candidate_fail_i=8 candidate_skeleton_len=12 candidate_arc_ids=[3595, 3632, 3543, 2397, 2576]
[V3A-FEAS] front_prune_test start_pos=2 candidate_size=4 candidate_ok=True candidate_fail_i=None candidate_skeleton_len=10 candidate_arc_ids=[3632, 3543, 2397, 2576]
[V3A-FEAS] front_prune_test start_pos=3 candidate_size=3 candidate_ok=True candidate_fail_i=None candidate_skeleton_len=8 candidate_arc_ids=[3543, 2397, 2576]
[V3A-FEAS] front_prune_test start_pos=4 candidate_size=2 candidate_ok=True candidate_fail_i=None candidate_skeleton_len=6 candidate_arc_ids=[2397, 2576]
[V3A-FEAS] front_prune_test start_pos=5 candidate_size=1 candidate_ok=True candidate_fail_i=None candidate_skeleton_len=4 candidate_arc_ids=[2576]
[V3A-FEAS] smallest_observed_front_pruned_bad_size=5
[V3A-FEAS] smallest_observed_front_pruned_bad_arc_ids=[3595, 3632, 3543, 2397, 2576]
[V3A-FEAS] diagnostic only: active lazy cut remains unchanged in v3a
[V3A-FEAS] front_prune_tests_run=6
[V3A-FEAS] infeasible route detected
[V3A-FEAS] route_arc_ids=[0, 3595, 3632, 3543, 2397, 2576, 2003, 3571]
[V3A-FEAS] route_len=8 skeleton_len=18 fail_i=9
[V3A-FEAS] failed_skeleton_edge=C10->C16
[V3A-FEAS] covering_arc_pos=5 covering_arc_id=2576
[V3A-FEAS] current_full_route_cut_size=8
[V3A-FEAS] prefix_through_failure_size=6 prefix_arc_ids=[0, 3595, 3632, 3543, 2397, 2576]
[V3A-FEAS] front_prune_test start_pos=0 candidate_size=6 candidate_ok=False candidate_fail_i=9 candidate_skeleton_len=13 candidate_arc_ids=[0, 3595, 3632, 3543, 2397, 2576]
[V3A-FEAS] front_prune_test start_pos=1 candidate_size=5 candidate_ok=False candidate_fail_i=8 candidate_skeleton_len=12 candidate_arc_ids=[3595, 3632, 3543, 2397, 2576]
[V3A-FEAS] front_prune_test start_pos=2 candidate_size=4 candidate_ok=True candidate_fail_i=None candidate_skeleton_len=10 candidate_arc_ids=[3632, 3543, 2397, 2576]
[V3A-FEAS] front_prune_test start_pos=3 candidate_size=3 candidate_ok=True candidate_fail_i=None candidate_skeleton_len=8 candidate_arc_ids=[3543, 2397, 2576]
[V3A-FEAS] front_prune_test start_pos=4 candidate_size=2 candidate_ok=True candidate_fail_i=None candidate_skeleton_len=6 candidate_arc_ids=[2397, 2576]
[V3A-FEAS] front_prune_test start_pos=5 candidate_size=1 candidate_ok=True candidate_fail_i=None candidate_skeleton_len=4 candidate_arc_ids=[2576]
[V3A-FEAS] smallest_observed_front_pruned_bad_size=5
[V3A-FEAS] smallest_observed_front_pruned_bad_arc_ids=[3595, 3632, 3543, 2397, 2576]
[V3A-FEAS] diagnostic only: active lazy cut remains unchanged in v3a
[V3A-FEAS] front_prune_tests_run=6
[V3A-FEAS] infeasible route detected
[V3A-FEAS] route_arc_ids=[6, 3542, 2391, 3595, 3633, 1720, 3613, 1828]
[V3A-FEAS] route_len=8 skeleton_len=18 fail_i=8
[V3A-FEAS] failed_skeleton_edge=C3->C16
[V3A-FEAS] covering_arc_pos=4 covering_arc_id=3633
[V3A-FEAS] current_full_route_cut_size=8
[V3A-FEAS] prefix_through_failure_size=5 prefix_arc_ids=[6, 3542, 2391, 3595, 3633]
[V3A-FEAS] front_prune_test start_pos=0 candidate_size=5 candidate_ok=False candidate_fail_i=8 candidate_skeleton_len=10 candidate_arc_ids=[6, 3542, 2391, 3595, 3633]
[V3A-FEAS] front_prune_test start_pos=1 candidate_size=4 candidate_ok=False candidate_fail_i=7 candidate_skeleton_len=9 candidate_arc_ids=[3542, 2391, 3595, 3633]
[V3A-FEAS] front_prune_test start_pos=2 candidate_size=3 candidate_ok=False candidate_fail_i=5 candidate_skeleton_len=7 candidate_arc_ids=[2391, 3595, 3633]
[V3A-FEAS] front_prune_test start_pos=3 candidate_size=2 candidate_ok=False candidate_fail_i=3 candidate_skeleton_len=5 candidate_arc_ids=[3595, 3633]
[V3A-FEAS] front_prune_test start_pos=4 candidate_size=1 candidate_ok=True candidate_fail_i=None candidate_skeleton_len=3 candidate_arc_ids=[3633]
[V3A-FEAS] smallest_observed_front_pruned_bad_size=2
[V3A-FEAS] smallest_observed_front_pruned_bad_arc_ids=[3595, 3633]
[V3A-FEAS] diagnostic only: active lazy cut remains unchanged in v3a
[V3A-FEAS] front_prune_tests_run=5
[V3A-FEAS] infeasible route detected
[V3A-FEAS] route_arc_ids=[6, 3542, 2391, 3595, 3633, 2443, 150]
[V3A-FEAS] route_len=7 skeleton_len=18 fail_i=8
[V3A-FEAS] failed_skeleton_edge=C3->C16
[V3A-FEAS] covering_arc_pos=4 covering_arc_id=3633
[V3A-FEAS] current_full_route_cut_size=7
[V3A-FEAS] prefix_through_failure_size=5 prefix_arc_ids=[6, 3542, 2391, 3595, 3633]
[V3A-FEAS] front_prune_test start_pos=0 candidate_size=5 candidate_ok=False candidate_fail_i=8 candidate_skeleton_len=10 candidate_arc_ids=[6, 3542, 2391, 3595, 3633]
[V3A-FEAS] front_prune_test start_pos=1 candidate_size=4 candidate_ok=False candidate_fail_i=7 candidate_skeleton_len=9 candidate_arc_ids=[3542, 2391, 3595, 3633]
[V3A-FEAS] front_prune_test start_pos=2 candidate_size=3 candidate_ok=False candidate_fail_i=5 candidate_skeleton_len=7 candidate_arc_ids=[2391, 3595, 3633]
[V3A-FEAS] front_prune_test start_pos=3 candidate_size=2 candidate_ok=False candidate_fail_i=3 candidate_skeleton_len=5 candidate_arc_ids=[3595, 3633]
[V3A-FEAS] front_prune_test start_pos=4 candidate_size=1 candidate_ok=True candidate_fail_i=None candidate_skeleton_len=3 candidate_arc_ids=[3633]
[V3A-FEAS] smallest_observed_front_pruned_bad_size=2
[V3A-FEAS] smallest_observed_front_pruned_bad_arc_ids=[3595, 3633]
[V3A-FEAS] diagnostic only: active lazy cut remains unchanged in v3a
[V3A-FEAS] front_prune_tests_run=5
[V3A-FEAS] infeasible route detected
[V3A-FEAS] route_arc_ids=[0, 3595, 3632, 3543, 2399, 3612, 1844, 1685]
[V3A-FEAS] route_len=8 skeleton_len=18 fail_i=13
[V3A-FEAS] failed_skeleton_edge=C9->C16
[V3A-FEAS] covering_arc_pos=6 covering_arc_id=1844
[V3A-FEAS] current_full_route_cut_size=8
[V3A-FEAS] prefix_through_failure_size=7 prefix_arc_ids=[0, 3595, 3632, 3543, 2399, 3612, 1844]
[V3A-FEAS] front_prune_test start_pos=0 candidate_size=7 candidate_ok=False candidate_fail_i=13 candidate_skeleton_len=15 candidate_arc_ids=[0, 3595, 3632, 3543, 2399, 3612, 1844]
[V3A-FEAS] front_prune_test start_pos=1 candidate_size=6 candidate_ok=False candidate_fail_i=12 candidate_skeleton_len=14 candidate_arc_ids=[3595, 3632, 3543, 2399, 3612, 1844]
[V3A-FEAS] front_prune_test start_pos=2 candidate_size=5 candidate_ok=False candidate_fail_i=10 candidate_skeleton_len=12 candidate_arc_ids=[3632, 3543, 2399, 3612, 1844]
[V3A-FEAS] front_prune_test start_pos=3 candidate_size=4 candidate_ok=False candidate_fail_i=8 candidate_skeleton_len=10 candidate_arc_ids=[3543, 2399, 3612, 1844]
[V3A-FEAS] front_prune_test start_pos=4 candidate_size=3 candidate_ok=False candidate_fail_i=6 candidate_skeleton_len=8 candidate_arc_ids=[2399, 3612, 1844]
[V3A-FEAS] front_prune_test start_pos=5 candidate_size=2 candidate_ok=False candidate_fail_i=4 candidate_skeleton_len=6 candidate_arc_ids=[3612, 1844]
[V3A-FEAS] front_prune_test start_pos=6 candidate_size=1 candidate_ok=True candidate_fail_i=None candidate_skeleton_len=4 candidate_arc_ids=[1844]
[V3A-FEAS] smallest_observed_front_pruned_bad_size=2
[V3A-FEAS] smallest_observed_front_pruned_bad_arc_ids=[3612, 1844]
[V3A-FEAS] diagnostic only: active lazy cut remains unchanged in v3a
[V3A-FEAS] front_prune_tests_run=7
[V3A-FEAS] infeasible route detected
[V3A-FEAS] route_arc_ids=[0, 3595, 3632, 3542, 2397, 3084, 3612, 3584, 1715]
[V3A-FEAS] route_len=9 skeleton_len=18 fail_i=14
[V3A-FEAS] failed_skeleton_edge=C9->C16
[V3A-FEAS] covering_arc_pos=7 covering_arc_id=3584
[V3A-FEAS] current_full_route_cut_size=9
[V3A-FEAS] prefix_through_failure_size=8 prefix_arc_ids=[0, 3595, 3632, 3542, 2397, 3084, 3612, 3584]
[V3A-FEAS] front_prune_test start_pos=0 candidate_size=8 candidate_ok=False candidate_fail_i=14 candidate_skeleton_len=16 candidate_arc_ids=[0, 3595, 3632, 3542, 2397, 3084, 3612, 3584]
[V3A-FEAS] front_prune_test start_pos=1 candidate_size=7 candidate_ok=False candidate_fail_i=13 candidate_skeleton_len=15 candidate_arc_ids=[3595, 3632, 3542, 2397, 3084, 3612, 3584]
[V3A-FEAS] front_prune_test start_pos=2 candidate_size=6 candidate_ok=False candidate_fail_i=11 candidate_skeleton_len=13 candidate_arc_ids=[3632, 3542, 2397, 3084, 3612, 3584]
[V3A-FEAS] front_prune_test start_pos=3 candidate_size=5 candidate_ok=False candidate_fail_i=9 candidate_skeleton_len=11 candidate_arc_ids=[3542, 2397, 3084, 3612, 3584]
[V3A-FEAS] front_prune_test start_pos=4 candidate_size=4 candidate_ok=False candidate_fail_i=7 candidate_skeleton_len=9 candidate_arc_ids=[2397, 3084, 3612, 3584]
[V3A-FEAS] front_prune_test start_pos=5 candidate_size=3 candidate_ok=False candidate_fail_i=5 candidate_skeleton_len=7 candidate_arc_ids=[3084, 3612, 3584]
[V3A-FEAS] front_prune_test start_pos=6 candidate_size=2 candidate_ok=False candidate_fail_i=3 candidate_skeleton_len=5 candidate_arc_ids=[3612, 3584]
[V3A-FEAS] front_prune_test start_pos=7 candidate_size=1 candidate_ok=True candidate_fail_i=None candidate_skeleton_len=3 candidate_arc_ids=[3584]
[V3A-FEAS] smallest_observed_front_pruned_bad_size=2
[V3A-FEAS] smallest_observed_front_pruned_bad_arc_ids=[3612, 3584]
[V3A-FEAS] diagnostic only: active lazy cut remains unchanged in v3a
[V3A-FEAS] front_prune_tests_run=8
[V3A-FEAS] infeasible route detected
[V3A-FEAS] route_arc_ids=[0, 3595, 3632, 3543, 2397, 3084, 3611, 3584, 1715]
[V3A-FEAS] route_len=9 skeleton_len=18 fail_i=14
[V3A-FEAS] failed_skeleton_edge=C9->C16
[V3A-FEAS] covering_arc_pos=7 covering_arc_id=3584
[V3A-FEAS] current_full_route_cut_size=9
[V3A-FEAS] prefix_through_failure_size=8 prefix_arc_ids=[0, 3595, 3632, 3543, 2397, 3084, 3611, 3584]
[V3A-FEAS] front_prune_test start_pos=0 candidate_size=8 candidate_ok=False candidate_fail_i=14 candidate_skeleton_len=16 candidate_arc_ids=[0, 3595, 3632, 3543, 2397, 3084, 3611, 3584]
[V3A-FEAS] front_prune_test start_pos=1 candidate_size=7 candidate_ok=False candidate_fail_i=13 candidate_skeleton_len=15 candidate_arc_ids=[3595, 3632, 3543, 2397, 3084, 3611, 3584]
[V3A-FEAS] front_prune_test start_pos=2 candidate_size=6 candidate_ok=False candidate_fail_i=11 candidate_skeleton_len=13 candidate_arc_ids=[3632, 3543, 2397, 3084, 3611, 3584]
[V3A-FEAS] front_prune_test start_pos=3 candidate_size=5 candidate_ok=False candidate_fail_i=9 candidate_skeleton_len=11 candidate_arc_ids=[3543, 2397, 3084, 3611, 3584]
[V3A-FEAS] front_prune_test start_pos=4 candidate_size=4 candidate_ok=False candidate_fail_i=7 candidate_skeleton_len=9 candidate_arc_ids=[2397, 3084, 3611, 3584]
[V3A-FEAS] front_prune_test start_pos=5 candidate_size=3 candidate_ok=False candidate_fail_i=5 candidate_skeleton_len=7 candidate_arc_ids=[3084, 3611, 3584]
[V3A-FEAS] front_prune_test start_pos=6 candidate_size=2 candidate_ok=False candidate_fail_i=3 candidate_skeleton_len=5 candidate_arc_ids=[3611, 3584]
[V3A-FEAS] front_prune_test start_pos=7 candidate_size=1 candidate_ok=True candidate_fail_i=None candidate_skeleton_len=3 candidate_arc_ids=[3584]
[V3A-FEAS] smallest_observed_front_pruned_bad_size=2
[V3A-FEAS] smallest_observed_front_pruned_bad_arc_ids=[3611, 3584]
[V3A-FEAS] diagnostic only: active lazy cut remains unchanged in v3a
[V3A-FEAS] front_prune_tests_run=8
[V3A-FEAS] infeasible route detected
[V3A-FEAS] route_arc_ids=[0, 3595, 3632, 3542, 2399, 3611, 3577, 1656]
[V3A-FEAS] route_len=8 skeleton_len=18 fail_i=13
[V3A-FEAS] failed_skeleton_edge=C10->C16
[V3A-FEAS] covering_arc_pos=7 covering_arc_id=1656
[V3A-FEAS] current_full_route_cut_size=8
[V3A-FEAS] prefix_through_failure_size=8 prefix_arc_ids=[0, 3595, 3632, 3542, 2399, 3611, 3577, 1656]
[V3A-FEAS] front_prune_test start_pos=0 candidate_size=8 candidate_ok=False candidate_fail_i=13 candidate_skeleton_len=18 candidate_arc_ids=[0, 3595, 3632, 3542, 2399, 3611, 3577, 1656]
[V3A-FEAS] front_prune_test start_pos=1 candidate_size=7 candidate_ok=False candidate_fail_i=12 candidate_skeleton_len=17 candidate_arc_ids=[3595, 3632, 3542, 2399, 3611, 3577, 1656]
[V3A-FEAS] front_prune_test start_pos=2 candidate_size=6 candidate_ok=False candidate_fail_i=10 candidate_skeleton_len=15 candidate_arc_ids=[3632, 3542, 2399, 3611, 3577, 1656]
[V3A-FEAS] front_prune_test start_pos=3 candidate_size=5 candidate_ok=False candidate_fail_i=8 candidate_skeleton_len=13 candidate_arc_ids=[3542, 2399, 3611, 3577, 1656]
[V3A-FEAS] front_prune_test start_pos=4 candidate_size=4 candidate_ok=False candidate_fail_i=6 candidate_skeleton_len=11 candidate_arc_ids=[2399, 3611, 3577, 1656]
[V3A-FEAS] front_prune_test start_pos=5 candidate_size=3 candidate_ok=False candidate_fail_i=4 candidate_skeleton_len=9 candidate_arc_ids=[3611, 3577, 1656]
[V3A-FEAS] front_prune_test start_pos=6 candidate_size=2 candidate_ok=True candidate_fail_i=None candidate_skeleton_len=7 candidate_arc_ids=[3577, 1656]
[V3A-FEAS] front_prune_test start_pos=7 candidate_size=1 candidate_ok=True candidate_fail_i=None candidate_skeleton_len=5 candidate_arc_ids=[1656]
[V3A-FEAS] smallest_observed_front_pruned_bad_size=3
[V3A-FEAS] smallest_observed_front_pruned_bad_arc_ids=[3611, 3577, 1656]
[V3A-FEAS] diagnostic only: active lazy cut remains unchanged in v3a
[V3A-FEAS] front_prune_tests_run=8
[V3A-FEAS] infeasible route detected
[V3A-FEAS] route_arc_ids=[0, 3595, 3632, 3543, 2399, 3122, 149]
[V3A-FEAS] route_len=7 skeleton_len=18 fail_i=9
[V3A-FEAS] failed_skeleton_edge=C11->C16
[V3A-FEAS] covering_arc_pos=5 covering_arc_id=3122
[V3A-FEAS] current_full_route_cut_size=7
[V3A-FEAS] prefix_through_failure_size=6 prefix_arc_ids=[0, 3595, 3632, 3543, 2399, 3122]
[V3A-FEAS] front_prune_test start_pos=0 candidate_size=6 candidate_ok=False candidate_fail_i=9 candidate_skeleton_len=13 candidate_arc_ids=[0, 3595, 3632, 3543, 2399, 3122]
[V3A-FEAS] front_prune_test start_pos=1 candidate_size=5 candidate_ok=False candidate_fail_i=8 candidate_skeleton_len=12 candidate_arc_ids=[3595, 3632, 3543, 2399, 3122]
[V3A-FEAS] front_prune_test start_pos=2 candidate_size=4 candidate_ok=True candidate_fail_i=None candidate_skeleton_len=10 candidate_arc_ids=[3632, 3543, 2399, 3122]
[V3A-FEAS] front_prune_test start_pos=3 candidate_size=3 candidate_ok=True candidate_fail_i=None candidate_skeleton_len=8 candidate_arc_ids=[3543, 2399, 3122]
[V3A-FEAS] front_prune_test start_pos=4 candidate_size=2 candidate_ok=True candidate_fail_i=None candidate_skeleton_len=6 candidate_arc_ids=[2399, 3122]
[V3A-FEAS] front_prune_test start_pos=5 candidate_size=1 candidate_ok=True candidate_fail_i=None candidate_skeleton_len=4 candidate_arc_ids=[3122]
[V3A-FEAS] smallest_observed_front_pruned_bad_size=5
[V3A-FEAS] smallest_observed_front_pruned_bad_arc_ids=[3595, 3632, 3543, 2399, 3122]
[V3A-FEAS] diagnostic only: active lazy cut remains unchanged in v3a
[V3A-FEAS] front_prune_tests_run=6
[V3A-FEAS] infeasible route detected
[V3A-FEAS] route_arc_ids=[0, 3595, 3632, 3542, 2397, 2577, 2457, 1910]
[V3A-FEAS] route_len=8 skeleton_len=18 fail_i=9
[V3A-FEAS] failed_skeleton_edge=C10->C16
[V3A-FEAS] covering_arc_pos=5 covering_arc_id=2577
[V3A-FEAS] current_full_route_cut_size=8
[V3A-FEAS] prefix_through_failure_size=6 prefix_arc_ids=[0, 3595, 3632, 3542, 2397, 2577]
[V3A-FEAS] front_prune_test start_pos=0 candidate_size=6 candidate_ok=False candidate_fail_i=9 candidate_skeleton_len=13 candidate_arc_ids=[0, 3595, 3632, 3542, 2397, 2577]
[V3A-FEAS] front_prune_test start_pos=1 candidate_size=5 candidate_ok=False candidate_fail_i=8 candidate_skeleton_len=12 candidate_arc_ids=[3595, 3632, 3542, 2397, 2577]
[V3A-FEAS] front_prune_test start_pos=2 candidate_size=4 candidate_ok=True candidate_fail_i=None candidate_skeleton_len=10 candidate_arc_ids=[3632, 3542, 2397, 2577]
[V3A-FEAS] front_prune_test start_pos=3 candidate_size=3 candidate_ok=True candidate_fail_i=None candidate_skeleton_len=8 candidate_arc_ids=[3542, 2397, 2577]
[V3A-FEAS] front_prune_test start_pos=4 candidate_size=2 candidate_ok=True candidate_fail_i=None candidate_skeleton_len=6 candidate_arc_ids=[2397, 2577]
[V3A-FEAS] front_prune_test start_pos=5 candidate_size=1 candidate_ok=True candidate_fail_i=None candidate_skeleton_len=4 candidate_arc_ids=[2577]
[V3A-FEAS] smallest_observed_front_pruned_bad_size=5
[V3A-FEAS] smallest_observed_front_pruned_bad_arc_ids=[3595, 3632, 3542, 2397, 2577]
[V3A-FEAS] diagnostic only: active lazy cut remains unchanged in v3a
[V3A-FEAS] front_prune_tests_run=6
[V3A-FEAS] infeasible route detected
[V3A-FEAS] route_arc_ids=[0, 3595, 3632, 3543, 2397, 2577, 2459, 1910]
[V3A-FEAS] route_len=8 skeleton_len=18 fail_i=9
[V3A-FEAS] failed_skeleton_edge=C10->C16
[V3A-FEAS] covering_arc_pos=5 covering_arc_id=2577
[V3A-FEAS] current_full_route_cut_size=8
[V3A-FEAS] prefix_through_failure_size=6 prefix_arc_ids=[0, 3595, 3632, 3543, 2397, 2577]
[V3A-FEAS] front_prune_test start_pos=0 candidate_size=6 candidate_ok=False candidate_fail_i=9 candidate_skeleton_len=13 candidate_arc_ids=[0, 3595, 3632, 3543, 2397, 2577]
[V3A-FEAS] front_prune_test start_pos=1 candidate_size=5 candidate_ok=False candidate_fail_i=8 candidate_skeleton_len=12 candidate_arc_ids=[3595, 3632, 3543, 2397, 2577]
[V3A-FEAS] front_prune_test start_pos=2 candidate_size=4 candidate_ok=True candidate_fail_i=None candidate_skeleton_len=10 candidate_arc_ids=[3632, 3543, 2397, 2577]
[V3A-FEAS] front_prune_test start_pos=3 candidate_size=3 candidate_ok=True candidate_fail_i=None candidate_skeleton_len=8 candidate_arc_ids=[3543, 2397, 2577]
[V3A-FEAS] front_prune_test start_pos=4 candidate_size=2 candidate_ok=True candidate_fail_i=None candidate_skeleton_len=6 candidate_arc_ids=[2397, 2577]
[V3A-FEAS] front_prune_test start_pos=5 candidate_size=1 candidate_ok=True candidate_fail_i=None candidate_skeleton_len=4 candidate_arc_ids=[2577]
[V3A-FEAS] smallest_observed_front_pruned_bad_size=5
[V3A-FEAS] smallest_observed_front_pruned_bad_arc_ids=[3595, 3632, 3543, 2397, 2577]
[V3A-FEAS] diagnostic only: active lazy cut remains unchanged in v3a
[V3A-FEAS] front_prune_tests_run=6
[V3A-FEAS] infeasible route detected
[V3A-FEAS] route_arc_ids=[0, 3595, 3632, 3542, 2397, 3085, 2250, 3570]
[V3A-FEAS] route_len=8 skeleton_len=18 fail_i=11
[V3A-FEAS] failed_skeleton_edge=C11->C16
[V3A-FEAS] covering_arc_pos=6 covering_arc_id=2250
[V3A-FEAS] current_full_route_cut_size=8
[V3A-FEAS] prefix_through_failure_size=7 prefix_arc_ids=[0, 3595, 3632, 3542, 2397, 3085, 2250]
[V3A-FEAS] front_prune_test start_pos=0 candidate_size=7 candidate_ok=False candidate_fail_i=11 candidate_skeleton_len=16 candidate_arc_ids=[0, 3595, 3632, 3542, 2397, 3085, 2250]
[V3A-FEAS] front_prune_test start_pos=1 candidate_size=6 candidate_ok=False candidate_fail_i=10 candidate_skeleton_len=15 candidate_arc_ids=[3595, 3632, 3542, 2397, 3085, 2250]
[V3A-FEAS] front_prune_test start_pos=2 candidate_size=5 candidate_ok=True candidate_fail_i=None candidate_skeleton_len=13 candidate_arc_ids=[3632, 3542, 2397, 3085, 2250]
[V3A-FEAS] front_prune_test start_pos=3 candidate_size=4 candidate_ok=True candidate_fail_i=None candidate_skeleton_len=11 candidate_arc_ids=[3542, 2397, 3085, 2250]
[V3A-FEAS] front_prune_test start_pos=4 candidate_size=3 candidate_ok=True candidate_fail_i=None candidate_skeleton_len=9 candidate_arc_ids=[2397, 3085, 2250]
[V3A-FEAS] front_prune_test start_pos=5 candidate_size=2 candidate_ok=True candidate_fail_i=None candidate_skeleton_len=7 candidate_arc_ids=[3085, 2250]
[V3A-FEAS] front_prune_test start_pos=6 candidate_size=1 candidate_ok=True candidate_fail_i=None candidate_skeleton_len=5 candidate_arc_ids=[2250]
[V3A-FEAS] smallest_observed_front_pruned_bad_size=6
[V3A-FEAS] smallest_observed_front_pruned_bad_arc_ids=[3595, 3632, 3542, 2397, 3085, 2250]
[V3A-FEAS] diagnostic only: active lazy cut remains unchanged in v3a
[V3A-FEAS] front_prune_tests_run=7
[V3A-FEAS] infeasible route detected
[V3A-FEAS] route_arc_ids=[4, 3613, 1845, 1697, 3542, 2391, 3595, 3626]
[V3A-FEAS] route_len=8 skeleton_len=18 fail_i=5
[V3A-FEAS] failed_skeleton_edge=C9->C16
[V3A-FEAS] covering_arc_pos=2 covering_arc_id=1845
[V3A-FEAS] current_full_route_cut_size=8
[V3A-FEAS] prefix_through_failure_size=3 prefix_arc_ids=[4, 3613, 1845]
[V3A-FEAS] front_prune_test start_pos=0 candidate_size=3 candidate_ok=False candidate_fail_i=5 candidate_skeleton_len=7 candidate_arc_ids=[4, 3613, 1845]
[V3A-FEAS] front_prune_test start_pos=1 candidate_size=2 candidate_ok=False candidate_fail_i=4 candidate_skeleton_len=6 candidate_arc_ids=[3613, 1845]
[V3A-FEAS] front_prune_test start_pos=2 candidate_size=1 candidate_ok=True candidate_fail_i=None candidate_skeleton_len=4 candidate_arc_ids=[1845]
[V3A-FEAS] smallest_observed_front_pruned_bad_size=2
[V3A-FEAS] smallest_observed_front_pruned_bad_arc_ids=[3613, 1845]
[V3A-FEAS] diagnostic only: active lazy cut remains unchanged in v3a
[V3A-FEAS] front_prune_tests_run=3
[V3A-FEAS] infeasible route detected
[V3A-FEAS] route_arc_ids=[4, 3613, 1845, 1687, 3595, 3632, 3542, 2389]
[V3A-FEAS] route_len=8 skeleton_len=18 fail_i=5
[V3A-FEAS] failed_skeleton_edge=C9->C16
[V3A-FEAS] covering_arc_pos=2 covering_arc_id=1845
[V3A-FEAS] current_full_route_cut_size=8
[V3A-FEAS] prefix_through_failure_size=3 prefix_arc_ids=[4, 3613, 1845]
[V3A-FEAS] front_prune_test start_pos=0 candidate_size=3 candidate_ok=False candidate_fail_i=5 candidate_skeleton_len=7 candidate_arc_ids=[4, 3613, 1845]
[V3A-FEAS] front_prune_test start_pos=1 candidate_size=2 candidate_ok=False candidate_fail_i=4 candidate_skeleton_len=6 candidate_arc_ids=[3613, 1845]
[V3A-FEAS] front_prune_test start_pos=2 candidate_size=1 candidate_ok=True candidate_fail_i=None candidate_skeleton_len=4 candidate_arc_ids=[1845]
[V3A-FEAS] smallest_observed_front_pruned_bad_size=2
[V3A-FEAS] smallest_observed_front_pruned_bad_arc_ids=[3613, 1845]
[V3A-FEAS] diagnostic only: active lazy cut remains unchanged in v3a
[V3A-FEAS] front_prune_tests_run=3
[V3A-FEAS] infeasible route detected
[V3A-FEAS] route_arc_ids=[0, 3595, 3632, 3542, 2397, 3084, 3612, 3411]
[V3A-FEAS] route_len=8 skeleton_len=18 fail_i=13
[V3A-FEAS] failed_skeleton_edge=C7->C16
[V3A-FEAS] covering_arc_pos=7 covering_arc_id=3411
[V3A-FEAS] current_full_route_cut_size=8
[V3A-FEAS] prefix_through_failure_size=8 prefix_arc_ids=[0, 3595, 3632, 3542, 2397, 3084, 3612, 3411]
[V3A-FEAS] front_prune_test start_pos=0 candidate_size=8 candidate_ok=False candidate_fail_i=13 candidate_skeleton_len=18 candidate_arc_ids=[0, 3595, 3632, 3542, 2397, 3084, 3612, 3411]
[V3A-FEAS] front_prune_test start_pos=1 candidate_size=7 candidate_ok=False candidate_fail_i=12 candidate_skeleton_len=17 candidate_arc_ids=[3595, 3632, 3542, 2397, 3084, 3612, 3411]
[V3A-FEAS] front_prune_test start_pos=2 candidate_size=6 candidate_ok=False candidate_fail_i=10 candidate_skeleton_len=15 candidate_arc_ids=[3632, 3542, 2397, 3084, 3612, 3411]
[V3A-FEAS] front_prune_test start_pos=3 candidate_size=5 candidate_ok=False candidate_fail_i=8 candidate_skeleton_len=13 candidate_arc_ids=[3542, 2397, 3084, 3612, 3411]
[V3A-FEAS] front_prune_test start_pos=4 candidate_size=4 candidate_ok=False candidate_fail_i=6 candidate_skeleton_len=11 candidate_arc_ids=[2397, 3084, 3612, 3411]
[V3A-FEAS] front_prune_test start_pos=5 candidate_size=3 candidate_ok=False candidate_fail_i=4 candidate_skeleton_len=9 candidate_arc_ids=[3084, 3612, 3411]
[V3A-FEAS] front_prune_test start_pos=6 candidate_size=2 candidate_ok=False candidate_fail_i=2 candidate_skeleton_len=7 candidate_arc_ids=[3612, 3411]
[V3A-FEAS] front_prune_test start_pos=7 candidate_size=1 candidate_ok=True candidate_fail_i=None candidate_skeleton_len=5 candidate_arc_ids=[3411]
[V3A-FEAS] smallest_observed_front_pruned_bad_size=2
[V3A-FEAS] smallest_observed_front_pruned_bad_arc_ids=[3612, 3411]
[V3A-FEAS] diagnostic only: active lazy cut remains unchanged in v3a
[V3A-FEAS] front_prune_tests_run=8
[V3A-FEAS] infeasible route detected
[V3A-FEAS] route_arc_ids=[6, 3542, 2391, 3595, 3633, 2444, 150]
[V3A-FEAS] route_len=7 skeleton_len=18 fail_i=8
[V3A-FEAS] failed_skeleton_edge=C3->C16
[V3A-FEAS] covering_arc_pos=4 covering_arc_id=3633
[V3A-FEAS] current_full_route_cut_size=7
[V3A-FEAS] prefix_through_failure_size=5 prefix_arc_ids=[6, 3542, 2391, 3595, 3633]
[V3A-FEAS] front_prune_test start_pos=0 candidate_size=5 candidate_ok=False candidate_fail_i=8 candidate_skeleton_len=10 candidate_arc_ids=[6, 3542, 2391, 3595, 3633]
[V3A-FEAS] front_prune_test start_pos=1 candidate_size=4 candidate_ok=False candidate_fail_i=7 candidate_skeleton_len=9 candidate_arc_ids=[3542, 2391, 3595, 3633]
[V3A-FEAS] front_prune_test start_pos=2 candidate_size=3 candidate_ok=False candidate_fail_i=5 candidate_skeleton_len=7 candidate_arc_ids=[2391, 3595, 3633]
[V3A-FEAS] front_prune_test start_pos=3 candidate_size=2 candidate_ok=False candidate_fail_i=3 candidate_skeleton_len=5 candidate_arc_ids=[3595, 3633]
[V3A-FEAS] front_prune_test start_pos=4 candidate_size=1 candidate_ok=True candidate_fail_i=None candidate_skeleton_len=3 candidate_arc_ids=[3633]
[V3A-FEAS] smallest_observed_front_pruned_bad_size=2
[V3A-FEAS] smallest_observed_front_pruned_bad_arc_ids=[3595, 3633]
[V3A-FEAS] diagnostic only: active lazy cut remains unchanged in v3a
[V3A-FEAS] front_prune_tests_run=5
[V3A-FEAS] infeasible route detected
[V3A-FEAS] route_arc_ids=[0, 3595, 3632, 3542, 2399, 3611, 3576, 1656]
[V3A-FEAS] route_len=8 skeleton_len=18 fail_i=13
[V3A-FEAS] failed_skeleton_edge=C10->C16
[V3A-FEAS] covering_arc_pos=7 covering_arc_id=1656
[V3A-FEAS] current_full_route_cut_size=8
[V3A-FEAS] prefix_through_failure_size=8 prefix_arc_ids=[0, 3595, 3632, 3542, 2399, 3611, 3576, 1656]
[V3A-FEAS] front_prune_test start_pos=0 candidate_size=8 candidate_ok=False candidate_fail_i=13 candidate_skeleton_len=18 candidate_arc_ids=[0, 3595, 3632, 3542, 2399, 3611, 3576, 1656]
[V3A-FEAS] front_prune_test start_pos=1 candidate_size=7 candidate_ok=False candidate_fail_i=12 candidate_skeleton_len=17 candidate_arc_ids=[3595, 3632, 3542, 2399, 3611, 3576, 1656]
[V3A-FEAS] front_prune_test start_pos=2 candidate_size=6 candidate_ok=False candidate_fail_i=10 candidate_skeleton_len=15 candidate_arc_ids=[3632, 3542, 2399, 3611, 3576, 1656]
[V3A-FEAS] front_prune_test start_pos=3 candidate_size=5 candidate_ok=False candidate_fail_i=8 candidate_skeleton_len=13 candidate_arc_ids=[3542, 2399, 3611, 3576, 1656]
[V3A-FEAS] front_prune_test start_pos=4 candidate_size=4 candidate_ok=False candidate_fail_i=6 candidate_skeleton_len=11 candidate_arc_ids=[2399, 3611, 3576, 1656]
[V3A-FEAS] front_prune_test start_pos=5 candidate_size=3 candidate_ok=False candidate_fail_i=4 candidate_skeleton_len=9 candidate_arc_ids=[3611, 3576, 1656]
[V3A-FEAS] front_prune_test start_pos=6 candidate_size=2 candidate_ok=True candidate_fail_i=None candidate_skeleton_len=7 candidate_arc_ids=[3576, 1656]
[V3A-FEAS] front_prune_test start_pos=7 candidate_size=1 candidate_ok=True candidate_fail_i=None candidate_skeleton_len=5 candidate_arc_ids=[1656]
[V3A-FEAS] smallest_observed_front_pruned_bad_size=3
[V3A-FEAS] smallest_observed_front_pruned_bad_arc_ids=[3611, 3576, 1656]
[V3A-FEAS] diagnostic only: active lazy cut remains unchanged in v3a
[V3A-FEAS] front_prune_tests_run=8
[V3A-FEAS] infeasible route detected
[V3A-FEAS] route_arc_ids=[0, 3595, 3632, 3542, 2397, 1668, 3612, 3570]
[V3A-FEAS] route_len=8 skeleton_len=18 fail_i=9
[V3A-FEAS] failed_skeleton_edge=C10->C16
[V3A-FEAS] covering_arc_pos=5 covering_arc_id=1668
[V3A-FEAS] current_full_route_cut_size=8
[V3A-FEAS] prefix_through_failure_size=6 prefix_arc_ids=[0, 3595, 3632, 3542, 2397, 1668]
[V3A-FEAS] front_prune_test start_pos=0 candidate_size=6 candidate_ok=False candidate_fail_i=9 candidate_skeleton_len=14 candidate_arc_ids=[0, 3595, 3632, 3542, 2397, 1668]
[V3A-FEAS] front_prune_test start_pos=1 candidate_size=5 candidate_ok=False candidate_fail_i=8 candidate_skeleton_len=13 candidate_arc_ids=[3595, 3632, 3542, 2397, 1668]
[V3A-FEAS] front_prune_test start_pos=2 candidate_size=4 candidate_ok=True candidate_fail_i=None candidate_skeleton_len=11 candidate_arc_ids=[3632, 3542, 2397, 1668]
[V3A-FEAS] front_prune_test start_pos=3 candidate_size=3 candidate_ok=True candidate_fail_i=None candidate_skeleton_len=9 candidate_arc_ids=[3542, 2397, 1668]
[V3A-FEAS] front_prune_test start_pos=4 candidate_size=2 candidate_ok=True candidate_fail_i=None candidate_skeleton_len=7 candidate_arc_ids=[2397, 1668]
[V3A-FEAS] front_prune_test start_pos=5 candidate_size=1 candidate_ok=True candidate_fail_i=None candidate_skeleton_len=5 candidate_arc_ids=[1668]
[V3A-FEAS] smallest_observed_front_pruned_bad_size=5
[V3A-FEAS] smallest_observed_front_pruned_bad_arc_ids=[3595, 3632, 3542, 2397, 1668]
[V3A-FEAS] diagnostic only: active lazy cut remains unchanged in v3a
[V3A-FEAS] front_prune_tests_run=6
[V3A-FEAS] infeasible route detected
[V3A-FEAS] route_arc_ids=[0, 3595, 3632, 3543, 2397, 3084, 3123, 1911]
[V3A-FEAS] route_len=8 skeleton_len=18 fail_i=11
[V3A-FEAS] failed_skeleton_edge=C11->C16
[V3A-FEAS] covering_arc_pos=6 covering_arc_id=3123
[V3A-FEAS] current_full_route_cut_size=8
[V3A-FEAS] prefix_through_failure_size=7 prefix_arc_ids=[0, 3595, 3632, 3543, 2397, 3084, 3123]
[V3A-FEAS] front_prune_test start_pos=0 candidate_size=7 candidate_ok=False candidate_fail_i=11 candidate_skeleton_len=15 candidate_arc_ids=[0, 3595, 3632, 3543, 2397, 3084, 3123]
[V3A-FEAS] front_prune_test start_pos=1 candidate_size=6 candidate_ok=False candidate_fail_i=10 candidate_skeleton_len=14 candidate_arc_ids=[3595, 3632, 3543, 2397, 3084, 3123]
[V3A-FEAS] front_prune_test start_pos=2 candidate_size=5 candidate_ok=True candidate_fail_i=None candidate_skeleton_len=12 candidate_arc_ids=[3632, 3543, 2397, 3084, 3123]
[V3A-FEAS] front_prune_test start_pos=3 candidate_size=4 candidate_ok=True candidate_fail_i=None candidate_skeleton_len=10 candidate_arc_ids=[3543, 2397, 3084, 3123]
[V3A-FEAS] front_prune_test start_pos=4 candidate_size=3 candidate_ok=True candidate_fail_i=None candidate_skeleton_len=8 candidate_arc_ids=[2397, 3084, 3123]
[V3A-FEAS] front_prune_test start_pos=5 candidate_size=2 candidate_ok=True candidate_fail_i=None candidate_skeleton_len=6 candidate_arc_ids=[3084, 3123]
[V3A-FEAS] front_prune_test start_pos=6 candidate_size=1 candidate_ok=True candidate_fail_i=None candidate_skeleton_len=4 candidate_arc_ids=[3123]
[V3A-FEAS] smallest_observed_front_pruned_bad_size=6
[V3A-FEAS] smallest_observed_front_pruned_bad_arc_ids=[3595, 3632, 3543, 2397, 3084, 3123]
[V3A-FEAS] diagnostic only: active lazy cut remains unchanged in v3a
[V3A-FEAS] front_prune_tests_run=7
[V3A-FEAS] infeasible route detected
[V3A-FEAS] route_arc_ids=[0, 3595, 3632, 3543, 2397, 1668, 3611, 3570]
[V3A-FEAS] route_len=8 skeleton_len=18 fail_i=9
[V3A-FEAS] failed_skeleton_edge=C10->C16
[V3A-FEAS] covering_arc_pos=5 covering_arc_id=1668
[V3A-FEAS] current_full_route_cut_size=8
[V3A-FEAS] prefix_through_failure_size=6 prefix_arc_ids=[0, 3595, 3632, 3543, 2397, 1668]
[V3A-FEAS] front_prune_test start_pos=0 candidate_size=6 candidate_ok=False candidate_fail_i=9 candidate_skeleton_len=14 candidate_arc_ids=[0, 3595, 3632, 3543, 2397, 1668]
[V3A-FEAS] front_prune_test start_pos=1 candidate_size=5 candidate_ok=False candidate_fail_i=8 candidate_skeleton_len=13 candidate_arc_ids=[3595, 3632, 3543, 2397, 1668]
[V3A-FEAS] front_prune_test start_pos=2 candidate_size=4 candidate_ok=True candidate_fail_i=None candidate_skeleton_len=11 candidate_arc_ids=[3632, 3543, 2397, 1668]
[V3A-FEAS] front_prune_test start_pos=3 candidate_size=3 candidate_ok=True candidate_fail_i=None candidate_skeleton_len=9 candidate_arc_ids=[3543, 2397, 1668]
[V3A-FEAS] front_prune_test start_pos=4 candidate_size=2 candidate_ok=True candidate_fail_i=None candidate_skeleton_len=7 candidate_arc_ids=[2397, 1668]
[V3A-FEAS] front_prune_test start_pos=5 candidate_size=1 candidate_ok=True candidate_fail_i=None candidate_skeleton_len=5 candidate_arc_ids=[1668]
[V3A-FEAS] smallest_observed_front_pruned_bad_size=5
[V3A-FEAS] smallest_observed_front_pruned_bad_arc_ids=[3595, 3632, 3543, 2397, 1668]
[V3A-FEAS] diagnostic only: active lazy cut remains unchanged in v3a
[V3A-FEAS] front_prune_tests_run=6
[V3A-FEAS] infeasible route detected
[V3A-FEAS] route_arc_ids=[0, 3595, 3632, 3542, 2403, 1720, 3611, 3577, 3073]
[V3A-FEAS] route_len=9 skeleton_len=18 fail_i=8
[V3A-FEAS] failed_skeleton_edge=C5->C16
[V3A-FEAS] covering_arc_pos=4 covering_arc_id=2403
[V3A-FEAS] current_full_route_cut_size=9
[V3A-FEAS] prefix_through_failure_size=5 prefix_arc_ids=[0, 3595, 3632, 3542, 2403]
[V3A-FEAS] front_prune_test start_pos=0 candidate_size=5 candidate_ok=False candidate_fail_i=8 candidate_skeleton_len=10 candidate_arc_ids=[0, 3595, 3632, 3542, 2403]
[V3A-FEAS] front_prune_test start_pos=1 candidate_size=4 candidate_ok=False candidate_fail_i=7 candidate_skeleton_len=9 candidate_arc_ids=[3595, 3632, 3542, 2403]
[V3A-FEAS] front_prune_test start_pos=2 candidate_size=3 candidate_ok=True candidate_fail_i=None candidate_skeleton_len=7 candidate_arc_ids=[3632, 3542, 2403]
[V3A-FEAS] front_prune_test start_pos=3 candidate_size=2 candidate_ok=True candidate_fail_i=None candidate_skeleton_len=5 candidate_arc_ids=[3542, 2403]
[V3A-FEAS] front_prune_test start_pos=4 candidate_size=1 candidate_ok=True candidate_fail_i=None candidate_skeleton_len=3 candidate_arc_ids=[2403]
[V3A-FEAS] smallest_observed_front_pruned_bad_size=4
[V3A-FEAS] smallest_observed_front_pruned_bad_arc_ids=[3595, 3632, 3542, 2403]
[V3A-FEAS] diagnostic only: active lazy cut remains unchanged in v3a
[V3A-FEAS] front_prune_tests_run=5
[V3A-FEAS] infeasible route detected
[V3A-FEAS] route_arc_ids=[4, 3613, 1844, 1697, 3542, 2391, 3595, 3626]
[V3A-FEAS] route_len=8 skeleton_len=18 fail_i=5
[V3A-FEAS] failed_skeleton_edge=C9->C16
[V3A-FEAS] covering_arc_pos=2 covering_arc_id=1844
[V3A-FEAS] current_full_route_cut_size=8
[V3A-FEAS] prefix_through_failure_size=3 prefix_arc_ids=[4, 3613, 1844]
[V3A-FEAS] front_prune_test start_pos=0 candidate_size=3 candidate_ok=False candidate_fail_i=5 candidate_skeleton_len=7 candidate_arc_ids=[4, 3613, 1844]
[V3A-FEAS] front_prune_test start_pos=1 candidate_size=2 candidate_ok=False candidate_fail_i=4 candidate_skeleton_len=6 candidate_arc_ids=[3613, 1844]
[V3A-FEAS] front_prune_test start_pos=2 candidate_size=1 candidate_ok=True candidate_fail_i=None candidate_skeleton_len=4 candidate_arc_ids=[1844]
[V3A-FEAS] smallest_observed_front_pruned_bad_size=2
[V3A-FEAS] smallest_observed_front_pruned_bad_arc_ids=[3613, 1844]
[V3A-FEAS] diagnostic only: active lazy cut remains unchanged in v3a
[V3A-FEAS] front_prune_tests_run=3
[V3A-FEAS] infeasible route detected
[V3A-FEAS] route_arc_ids=[4, 3613, 1844, 1687, 3595, 3632, 3542, 2389]
[V3A-FEAS] route_len=8 skeleton_len=18 fail_i=5
[V3A-FEAS] failed_skeleton_edge=C9->C16
[V3A-FEAS] covering_arc_pos=2 covering_arc_id=1844
[V3A-FEAS] current_full_route_cut_size=8
[V3A-FEAS] prefix_through_failure_size=3 prefix_arc_ids=[4, 3613, 1844]
[V3A-FEAS] front_prune_test start_pos=0 candidate_size=3 candidate_ok=False candidate_fail_i=5 candidate_skeleton_len=7 candidate_arc_ids=[4, 3613, 1844]
[V3A-FEAS] front_prune_test start_pos=1 candidate_size=2 candidate_ok=False candidate_fail_i=4 candidate_skeleton_len=6 candidate_arc_ids=[3613, 1844]
[V3A-FEAS] front_prune_test start_pos=2 candidate_size=1 candidate_ok=True candidate_fail_i=None candidate_skeleton_len=4 candidate_arc_ids=[1844]
[V3A-FEAS] smallest_observed_front_pruned_bad_size=2
[V3A-FEAS] smallest_observed_front_pruned_bad_arc_ids=[3613, 1844]
[V3A-FEAS] diagnostic only: active lazy cut remains unchanged in v3a
[V3A-FEAS] front_prune_tests_run=3
[V3A-FEAS] infeasible route detected
[V3A-FEAS] route_arc_ids=[0, 3595, 3632, 3543, 2395, 1844, 1694, 3603]
[V3A-FEAS] route_len=8 skeleton_len=18 fail_i=11
[V3A-FEAS] failed_skeleton_edge=C9->C16
[V3A-FEAS] covering_arc_pos=5 covering_arc_id=1844
[V3A-FEAS] current_full_route_cut_size=8
[V3A-FEAS] prefix_through_failure_size=6 prefix_arc_ids=[0, 3595, 3632, 3543, 2395, 1844]
[V3A-FEAS] front_prune_test start_pos=0 candidate_size=6 candidate_ok=False candidate_fail_i=11 candidate_skeleton_len=13 candidate_arc_ids=[0, 3595, 3632, 3543, 2395, 1844]
[V3A-FEAS] front_prune_test start_pos=1 candidate_size=5 candidate_ok=False candidate_fail_i=10 candidate_skeleton_len=12 candidate_arc_ids=[3595, 3632, 3543, 2395, 1844]
[V3A-FEAS] front_prune_test start_pos=2 candidate_size=4 candidate_ok=False candidate_fail_i=8 candidate_skeleton_len=10 candidate_arc_ids=[3632, 3543, 2395, 1844]
[V3A-FEAS] front_prune_test start_pos=3 candidate_size=3 candidate_ok=False candidate_fail_i=6 candidate_skeleton_len=8 candidate_arc_ids=[3543, 2395, 1844]
[V3A-FEAS] front_prune_test start_pos=4 candidate_size=2 candidate_ok=False candidate_fail_i=4 candidate_skeleton_len=6 candidate_arc_ids=[2395, 1844]
[V3A-FEAS] front_prune_test start_pos=5 candidate_size=1 candidate_ok=True candidate_fail_i=None candidate_skeleton_len=4 candidate_arc_ids=[1844]
[V3A-FEAS] smallest_observed_front_pruned_bad_size=2
[V3A-FEAS] smallest_observed_front_pruned_bad_arc_ids=[2395, 1844]
[V3A-FEAS] diagnostic only: active lazy cut remains unchanged in v3a
[V3A-FEAS] front_prune_tests_run=6
[V3A-FEAS] infeasible route detected
[V3A-FEAS] route_arc_ids=[0, 3595, 3632, 3542, 2395, 1845, 2591, 1996]
[V3A-FEAS] route_len=8 skeleton_len=18 fail_i=11
[V3A-FEAS] failed_skeleton_edge=C9->C16
[V3A-FEAS] covering_arc_pos=5 covering_arc_id=1845
[V3A-FEAS] current_full_route_cut_size=8
[V3A-FEAS] prefix_through_failure_size=6 prefix_arc_ids=[0, 3595, 3632, 3542, 2395, 1845]
[V3A-FEAS] front_prune_test start_pos=0 candidate_size=6 candidate_ok=False candidate_fail_i=11 candidate_skeleton_len=13 candidate_arc_ids=[0, 3595, 3632, 3542, 2395, 1845]
[V3A-FEAS] front_prune_test start_pos=1 candidate_size=5 candidate_ok=False candidate_fail_i=10 candidate_skeleton_len=12 candidate_arc_ids=[3595, 3632, 3542, 2395, 1845]
[V3A-FEAS] front_prune_test start_pos=2 candidate_size=4 candidate_ok=False candidate_fail_i=8 candidate_skeleton_len=10 candidate_arc_ids=[3632, 3542, 2395, 1845]
[V3A-FEAS] front_prune_test start_pos=3 candidate_size=3 candidate_ok=False candidate_fail_i=6 candidate_skeleton_len=8 candidate_arc_ids=[3542, 2395, 1845]
[V3A-FEAS] front_prune_test start_pos=4 candidate_size=2 candidate_ok=False candidate_fail_i=4 candidate_skeleton_len=6 candidate_arc_ids=[2395, 1845]
[V3A-FEAS] front_prune_test start_pos=5 candidate_size=1 candidate_ok=True candidate_fail_i=None candidate_skeleton_len=4 candidate_arc_ids=[1845]
[V3A-FEAS] smallest_observed_front_pruned_bad_size=2
[V3A-FEAS] smallest_observed_front_pruned_bad_arc_ids=[2395, 1845]
[V3A-FEAS] diagnostic only: active lazy cut remains unchanged in v3a
[V3A-FEAS] front_prune_tests_run=6
[V3A-FEAS] infeasible route detected
[V3A-FEAS] route_arc_ids=[0, 3595, 3632, 3543, 2397, 3084, 3123, 1910]
[V3A-FEAS] route_len=8 skeleton_len=18 fail_i=11
[V3A-FEAS] failed_skeleton_edge=C11->C16
[V3A-FEAS] covering_arc_pos=6 covering_arc_id=3123
[V3A-FEAS] current_full_route_cut_size=8
[V3A-FEAS] prefix_through_failure_size=7 prefix_arc_ids=[0, 3595, 3632, 3543, 2397, 3084, 3123]
[V3A-FEAS] front_prune_test start_pos=0 candidate_size=7 candidate_ok=False candidate_fail_i=11 candidate_skeleton_len=15 candidate_arc_ids=[0, 3595, 3632, 3543, 2397, 3084, 3123]
[V3A-FEAS] front_prune_test start_pos=1 candidate_size=6 candidate_ok=False candidate_fail_i=10 candidate_skeleton_len=14 candidate_arc_ids=[3595, 3632, 3543, 2397, 3084, 3123]
[V3A-FEAS] front_prune_test start_pos=2 candidate_size=5 candidate_ok=True candidate_fail_i=None candidate_skeleton_len=12 candidate_arc_ids=[3632, 3543, 2397, 3084, 3123]
[V3A-FEAS] front_prune_test start_pos=3 candidate_size=4 candidate_ok=True candidate_fail_i=None candidate_skeleton_len=10 candidate_arc_ids=[3543, 2397, 3084, 3123]
[V3A-FEAS] front_prune_test start_pos=4 candidate_size=3 candidate_ok=True candidate_fail_i=None candidate_skeleton_len=8 candidate_arc_ids=[2397, 3084, 3123]
[V3A-FEAS] front_prune_test start_pos=5 candidate_size=2 candidate_ok=True candidate_fail_i=None candidate_skeleton_len=6 candidate_arc_ids=[3084, 3123]
[V3A-FEAS] front_prune_test start_pos=6 candidate_size=1 candidate_ok=True candidate_fail_i=None candidate_skeleton_len=4 candidate_arc_ids=[3123]
[V3A-FEAS] smallest_observed_front_pruned_bad_size=6
[V3A-FEAS] smallest_observed_front_pruned_bad_arc_ids=[3595, 3632, 3543, 2397, 3084, 3123]
[V3A-FEAS] diagnostic only: active lazy cut remains unchanged in v3a
[V3A-FEAS] front_prune_tests_run=7
[V3A-FEAS] infeasible route detected
[V3A-FEAS] route_arc_ids=[6, 3542, 2391, 3595, 3630, 3613, 1845, 1685]
[V3A-FEAS] route_len=8 skeleton_len=18 fail_i=13
[V3A-FEAS] failed_skeleton_edge=C9->C16
[V3A-FEAS] covering_arc_pos=6 covering_arc_id=1845
[V3A-FEAS] current_full_route_cut_size=8
[V3A-FEAS] prefix_through_failure_size=7 prefix_arc_ids=[6, 3542, 2391, 3595, 3630, 3613, 1845]
[V3A-FEAS] front_prune_test start_pos=0 candidate_size=7 candidate_ok=False candidate_fail_i=13 candidate_skeleton_len=15 candidate_arc_ids=[6, 3542, 2391, 3595, 3630, 3613, 1845]
[V3A-FEAS] front_prune_test start_pos=1 candidate_size=6 candidate_ok=False candidate_fail_i=12 candidate_skeleton_len=14 candidate_arc_ids=[3542, 2391, 3595, 3630, 3613, 1845]
[V3A-FEAS] front_prune_test start_pos=2 candidate_size=5 candidate_ok=False candidate_fail_i=10 candidate_skeleton_len=12 candidate_arc_ids=[2391, 3595, 3630, 3613, 1845]
[V3A-FEAS] front_prune_test start_pos=3 candidate_size=4 candidate_ok=False candidate_fail_i=8 candidate_skeleton_len=10 candidate_arc_ids=[3595, 3630, 3613, 1845]
[V3A-FEAS] front_prune_test start_pos=4 candidate_size=3 candidate_ok=False candidate_fail_i=6 candidate_skeleton_len=8 candidate_arc_ids=[3630, 3613, 1845]
[V3A-FEAS] front_prune_test start_pos=5 candidate_size=2 candidate_ok=False candidate_fail_i=4 candidate_skeleton_len=6 candidate_arc_ids=[3613, 1845]
[V3A-FEAS] front_prune_test start_pos=6 candidate_size=1 candidate_ok=True candidate_fail_i=None candidate_skeleton_len=4 candidate_arc_ids=[1845]
[V3A-FEAS] smallest_observed_front_pruned_bad_size=2
[V3A-FEAS] smallest_observed_front_pruned_bad_arc_ids=[3613, 1845]
[V3A-FEAS] diagnostic only: active lazy cut remains unchanged in v3a
[V3A-FEAS] front_prune_tests_run=7
[V3A-FEAS] infeasible route detected
[V3A-FEAS] route_arc_ids=[0, 3595, 3632, 3542, 2397, 2576, 2005, 3570]
[V3A-FEAS] route_len=8 skeleton_len=18 fail_i=9
[V3A-FEAS] failed_skeleton_edge=C10->C16
[V3A-FEAS] covering_arc_pos=5 covering_arc_id=2576
[V3A-FEAS] current_full_route_cut_size=8
[V3A-FEAS] prefix_through_failure_size=6 prefix_arc_ids=[0, 3595, 3632, 3542, 2397, 2576]
[V3A-FEAS] front_prune_test start_pos=0 candidate_size=6 candidate_ok=False candidate_fail_i=9 candidate_skeleton_len=13 candidate_arc_ids=[0, 3595, 3632, 3542, 2397, 2576]
[V3A-FEAS] front_prune_test start_pos=1 candidate_size=5 candidate_ok=False candidate_fail_i=8 candidate_skeleton_len=12 candidate_arc_ids=[3595, 3632, 3542, 2397, 2576]
[V3A-FEAS] front_prune_test start_pos=2 candidate_size=4 candidate_ok=True candidate_fail_i=None candidate_skeleton_len=10 candidate_arc_ids=[3632, 3542, 2397, 2576]
[V3A-FEAS] front_prune_test start_pos=3 candidate_size=3 candidate_ok=True candidate_fail_i=None candidate_skeleton_len=8 candidate_arc_ids=[3542, 2397, 2576]
[V3A-FEAS] front_prune_test start_pos=4 candidate_size=2 candidate_ok=True candidate_fail_i=None candidate_skeleton_len=6 candidate_arc_ids=[2397, 2576]
[V3A-FEAS] front_prune_test start_pos=5 candidate_size=1 candidate_ok=True candidate_fail_i=None candidate_skeleton_len=4 candidate_arc_ids=[2576]
[V3A-FEAS] smallest_observed_front_pruned_bad_size=5
[V3A-FEAS] smallest_observed_front_pruned_bad_arc_ids=[3595, 3632, 3542, 2397, 2576]
[V3A-FEAS] diagnostic only: active lazy cut remains unchanged in v3a
[V3A-FEAS] front_prune_tests_run=6
[V3A-FEAS] infeasible route detected
[V3A-FEAS] route_arc_ids=[0, 3595, 3632, 3542, 2403, 1720, 3611, 3576, 3073]
[V3A-FEAS] route_len=9 skeleton_len=18 fail_i=8
[V3A-FEAS] failed_skeleton_edge=C5->C16
[V3A-FEAS] covering_arc_pos=4 covering_arc_id=2403
[V3A-FEAS] current_full_route_cut_size=9
[V3A-FEAS] prefix_through_failure_size=5 prefix_arc_ids=[0, 3595, 3632, 3542, 2403]
[V3A-FEAS] front_prune_test start_pos=0 candidate_size=5 candidate_ok=False candidate_fail_i=8 candidate_skeleton_len=10 candidate_arc_ids=[0, 3595, 3632, 3542, 2403]
[V3A-FEAS] front_prune_test start_pos=1 candidate_size=4 candidate_ok=False candidate_fail_i=7 candidate_skeleton_len=9 candidate_arc_ids=[3595, 3632, 3542, 2403]
[V3A-FEAS] front_prune_test start_pos=2 candidate_size=3 candidate_ok=True candidate_fail_i=None candidate_skeleton_len=7 candidate_arc_ids=[3632, 3542, 2403]
[V3A-FEAS] front_prune_test start_pos=3 candidate_size=2 candidate_ok=True candidate_fail_i=None candidate_skeleton_len=5 candidate_arc_ids=[3542, 2403]
[V3A-FEAS] front_prune_test start_pos=4 candidate_size=1 candidate_ok=True candidate_fail_i=None candidate_skeleton_len=3 candidate_arc_ids=[2403]
[V3A-FEAS] smallest_observed_front_pruned_bad_size=4
[V3A-FEAS] smallest_observed_front_pruned_bad_arc_ids=[3595, 3632, 3542, 2403]
[V3A-FEAS] diagnostic only: active lazy cut remains unchanged in v3a
[V3A-FEAS] front_prune_tests_run=5
[V3A-FEAS] infeasible route detected
[V3A-FEAS] route_arc_ids=[0, 3595, 3632, 3542, 2397, 1670, 3611, 3570]
[V3A-FEAS] route_len=8 skeleton_len=18 fail_i=9
[V3A-FEAS] failed_skeleton_edge=C10->C16
[V3A-FEAS] covering_arc_pos=5 covering_arc_id=1670
[V3A-FEAS] current_full_route_cut_size=8
[V3A-FEAS] prefix_through_failure_size=6 prefix_arc_ids=[0, 3595, 3632, 3542, 2397, 1670]
[V3A-FEAS] front_prune_test start_pos=0 candidate_size=6 candidate_ok=False candidate_fail_i=9 candidate_skeleton_len=14 candidate_arc_ids=[0, 3595, 3632, 3542, 2397, 1670]
[V3A-FEAS] front_prune_test start_pos=1 candidate_size=5 candidate_ok=False candidate_fail_i=8 candidate_skeleton_len=13 candidate_arc_ids=[3595, 3632, 3542, 2397, 1670]
[V3A-FEAS] front_prune_test start_pos=2 candidate_size=4 candidate_ok=True candidate_fail_i=None candidate_skeleton_len=11 candidate_arc_ids=[3632, 3542, 2397, 1670]
[V3A-FEAS] front_prune_test start_pos=3 candidate_size=3 candidate_ok=True candidate_fail_i=None candidate_skeleton_len=9 candidate_arc_ids=[3542, 2397, 1670]
[V3A-FEAS] front_prune_test start_pos=4 candidate_size=2 candidate_ok=True candidate_fail_i=None candidate_skeleton_len=7 candidate_arc_ids=[2397, 1670]
[V3A-FEAS] front_prune_test start_pos=5 candidate_size=1 candidate_ok=True candidate_fail_i=None candidate_skeleton_len=5 candidate_arc_ids=[1670]
[V3A-FEAS] smallest_observed_front_pruned_bad_size=5
[V3A-FEAS] smallest_observed_front_pruned_bad_arc_ids=[3595, 3632, 3542, 2397, 1670]
[V3A-FEAS] diagnostic only: active lazy cut remains unchanged in v3a
[V3A-FEAS] front_prune_tests_run=6
[V3A-FEAS] infeasible route detected
[V3A-FEAS] route_arc_ids=[0, 3595, 3632, 3542, 2397, 3085, 3123, 1910]
[V3A-FEAS] route_len=8 skeleton_len=18 fail_i=11
[V3A-FEAS] failed_skeleton_edge=C11->C16
[V3A-FEAS] covering_arc_pos=6 covering_arc_id=3123
[V3A-FEAS] current_full_route_cut_size=8
[V3A-FEAS] prefix_through_failure_size=7 prefix_arc_ids=[0, 3595, 3632, 3542, 2397, 3085, 3123]
[V3A-FEAS] front_prune_test start_pos=0 candidate_size=7 candidate_ok=False candidate_fail_i=11 candidate_skeleton_len=15 candidate_arc_ids=[0, 3595, 3632, 3542, 2397, 3085, 3123]
[V3A-FEAS] front_prune_test start_pos=1 candidate_size=6 candidate_ok=False candidate_fail_i=10 candidate_skeleton_len=14 candidate_arc_ids=[3595, 3632, 3542, 2397, 3085, 3123]
[V3A-FEAS] front_prune_test start_pos=2 candidate_size=5 candidate_ok=True candidate_fail_i=None candidate_skeleton_len=12 candidate_arc_ids=[3632, 3542, 2397, 3085, 3123]
[V3A-FEAS] front_prune_test start_pos=3 candidate_size=4 candidate_ok=True candidate_fail_i=None candidate_skeleton_len=10 candidate_arc_ids=[3542, 2397, 3085, 3123]
[V3A-FEAS] front_prune_test start_pos=4 candidate_size=3 candidate_ok=True candidate_fail_i=None candidate_skeleton_len=8 candidate_arc_ids=[2397, 3085, 3123]
[V3A-FEAS] front_prune_test start_pos=5 candidate_size=2 candidate_ok=True candidate_fail_i=None candidate_skeleton_len=6 candidate_arc_ids=[3085, 3123]
[V3A-FEAS] front_prune_test start_pos=6 candidate_size=1 candidate_ok=True candidate_fail_i=None candidate_skeleton_len=4 candidate_arc_ids=[3123]
[V3A-FEAS] smallest_observed_front_pruned_bad_size=6
[V3A-FEAS] smallest_observed_front_pruned_bad_arc_ids=[3595, 3632, 3542, 2397, 3085, 3123]
[V3A-FEAS] diagnostic only: active lazy cut remains unchanged in v3a
[V3A-FEAS] front_prune_tests_run=7
[V3A-FEAS] infeasible route detected
[V3A-FEAS] route_arc_ids=[0, 3595, 3632, 3542, 2395, 1844, 2591, 1996]
[V3A-FEAS] route_len=8 skeleton_len=18 fail_i=11
[V3A-FEAS] failed_skeleton_edge=C9->C16
[V3A-FEAS] covering_arc_pos=5 covering_arc_id=1844
[V3A-FEAS] current_full_route_cut_size=8
[V3A-FEAS] prefix_through_failure_size=6 prefix_arc_ids=[0, 3595, 3632, 3542, 2395, 1844]
[V3A-FEAS] front_prune_test start_pos=0 candidate_size=6 candidate_ok=False candidate_fail_i=11 candidate_skeleton_len=13 candidate_arc_ids=[0, 3595, 3632, 3542, 2395, 1844]
[V3A-FEAS] front_prune_test start_pos=1 candidate_size=5 candidate_ok=False candidate_fail_i=10 candidate_skeleton_len=12 candidate_arc_ids=[3595, 3632, 3542, 2395, 1844]
[V3A-FEAS] front_prune_test start_pos=2 candidate_size=4 candidate_ok=False candidate_fail_i=8 candidate_skeleton_len=10 candidate_arc_ids=[3632, 3542, 2395, 1844]
[V3A-FEAS] front_prune_test start_pos=3 candidate_size=3 candidate_ok=False candidate_fail_i=6 candidate_skeleton_len=8 candidate_arc_ids=[3542, 2395, 1844]
[V3A-FEAS] front_prune_test start_pos=4 candidate_size=2 candidate_ok=False candidate_fail_i=4 candidate_skeleton_len=6 candidate_arc_ids=[2395, 1844]
[V3A-FEAS] front_prune_test start_pos=5 candidate_size=1 candidate_ok=True candidate_fail_i=None candidate_skeleton_len=4 candidate_arc_ids=[1844]
[V3A-FEAS] smallest_observed_front_pruned_bad_size=2
[V3A-FEAS] smallest_observed_front_pruned_bad_arc_ids=[2395, 1844]
[V3A-FEAS] diagnostic only: active lazy cut remains unchanged in v3a
[V3A-FEAS] front_prune_tests_run=6
[V3A-FEAS] infeasible route detected
[V3A-FEAS] route_arc_ids=[6, 3542, 2391, 3595, 3633, 2443, 149]
[V3A-FEAS] route_len=7 skeleton_len=18 fail_i=8
[V3A-FEAS] failed_skeleton_edge=C3->C16
[V3A-FEAS] covering_arc_pos=4 covering_arc_id=3633
[V3A-FEAS] current_full_route_cut_size=7
[V3A-FEAS] prefix_through_failure_size=5 prefix_arc_ids=[6, 3542, 2391, 3595, 3633]
[V3A-FEAS] front_prune_test start_pos=0 candidate_size=5 candidate_ok=False candidate_fail_i=8 candidate_skeleton_len=10 candidate_arc_ids=[6, 3542, 2391, 3595, 3633]
[V3A-FEAS] front_prune_test start_pos=1 candidate_size=4 candidate_ok=False candidate_fail_i=7 candidate_skeleton_len=9 candidate_arc_ids=[3542, 2391, 3595, 3633]
[V3A-FEAS] front_prune_test start_pos=2 candidate_size=3 candidate_ok=False candidate_fail_i=5 candidate_skeleton_len=7 candidate_arc_ids=[2391, 3595, 3633]
[V3A-FEAS] front_prune_test start_pos=3 candidate_size=2 candidate_ok=False candidate_fail_i=3 candidate_skeleton_len=5 candidate_arc_ids=[3595, 3633]
[V3A-FEAS] front_prune_test start_pos=4 candidate_size=1 candidate_ok=True candidate_fail_i=None candidate_skeleton_len=3 candidate_arc_ids=[3633]
[V3A-FEAS] smallest_observed_front_pruned_bad_size=2
[V3A-FEAS] smallest_observed_front_pruned_bad_arc_ids=[3595, 3633]
[V3A-FEAS] diagnostic only: active lazy cut remains unchanged in v3a
[V3A-FEAS] front_prune_tests_run=5
[V3A-FEAS] infeasible route detected
[V3A-FEAS] route_arc_ids=[6, 3542, 2391, 3595, 3630, 3613, 1844, 1685]
[V3A-FEAS] route_len=8 skeleton_len=18 fail_i=13
[V3A-FEAS] failed_skeleton_edge=C9->C16
[V3A-FEAS] covering_arc_pos=6 covering_arc_id=1844
[V3A-FEAS] current_full_route_cut_size=8
[V3A-FEAS] prefix_through_failure_size=7 prefix_arc_ids=[6, 3542, 2391, 3595, 3630, 3613, 1844]
[V3A-FEAS] front_prune_test start_pos=0 candidate_size=7 candidate_ok=False candidate_fail_i=13 candidate_skeleton_len=15 candidate_arc_ids=[6, 3542, 2391, 3595, 3630, 3613, 1844]
[V3A-FEAS] front_prune_test start_pos=1 candidate_size=6 candidate_ok=False candidate_fail_i=12 candidate_skeleton_len=14 candidate_arc_ids=[3542, 2391, 3595, 3630, 3613, 1844]
[V3A-FEAS] front_prune_test start_pos=2 candidate_size=5 candidate_ok=False candidate_fail_i=10 candidate_skeleton_len=12 candidate_arc_ids=[2391, 3595, 3630, 3613, 1844]
[V3A-FEAS] front_prune_test start_pos=3 candidate_size=4 candidate_ok=False candidate_fail_i=8 candidate_skeleton_len=10 candidate_arc_ids=[3595, 3630, 3613, 1844]
[V3A-FEAS] front_prune_test start_pos=4 candidate_size=3 candidate_ok=False candidate_fail_i=6 candidate_skeleton_len=8 candidate_arc_ids=[3630, 3613, 1844]
[V3A-FEAS] front_prune_test start_pos=5 candidate_size=2 candidate_ok=False candidate_fail_i=4 candidate_skeleton_len=6 candidate_arc_ids=[3613, 1844]
[V3A-FEAS] front_prune_test start_pos=6 candidate_size=1 candidate_ok=True candidate_fail_i=None candidate_skeleton_len=4 candidate_arc_ids=[1844]
[V3A-FEAS] smallest_observed_front_pruned_bad_size=2
[V3A-FEAS] smallest_observed_front_pruned_bad_arc_ids=[3613, 1844]
[V3A-FEAS] diagnostic only: active lazy cut remains unchanged in v3a
[V3A-FEAS] front_prune_tests_run=7
[V3A-FEAS] infeasible route detected
[V3A-FEAS] route_arc_ids=[0, 3595, 3632, 3542, 2399, 3613, 3577, 1656]
[V3A-FEAS] route_len=8 skeleton_len=18 fail_i=13
[V3A-FEAS] failed_skeleton_edge=C10->C16
[V3A-FEAS] covering_arc_pos=7 covering_arc_id=1656
[V3A-FEAS] current_full_route_cut_size=8
[V3A-FEAS] prefix_through_failure_size=8 prefix_arc_ids=[0, 3595, 3632, 3542, 2399, 3613, 3577, 1656]
[V3A-FEAS] front_prune_test start_pos=0 candidate_size=8 candidate_ok=False candidate_fail_i=13 candidate_skeleton_len=18 candidate_arc_ids=[0, 3595, 3632, 3542, 2399, 3613, 3577, 1656]
[V3A-FEAS] front_prune_test start_pos=1 candidate_size=7 candidate_ok=False candidate_fail_i=12 candidate_skeleton_len=17 candidate_arc_ids=[3595, 3632, 3542, 2399, 3613, 3577, 1656]
[V3A-FEAS] front_prune_test start_pos=2 candidate_size=6 candidate_ok=False candidate_fail_i=10 candidate_skeleton_len=15 candidate_arc_ids=[3632, 3542, 2399, 3613, 3577, 1656]
[V3A-FEAS] front_prune_test start_pos=3 candidate_size=5 candidate_ok=False candidate_fail_i=8 candidate_skeleton_len=13 candidate_arc_ids=[3542, 2399, 3613, 3577, 1656]
[V3A-FEAS] front_prune_test start_pos=4 candidate_size=4 candidate_ok=False candidate_fail_i=6 candidate_skeleton_len=11 candidate_arc_ids=[2399, 3613, 3577, 1656]
[V3A-FEAS] front_prune_test start_pos=5 candidate_size=3 candidate_ok=False candidate_fail_i=4 candidate_skeleton_len=9 candidate_arc_ids=[3613, 3577, 1656]
[V3A-FEAS] front_prune_test start_pos=6 candidate_size=2 candidate_ok=True candidate_fail_i=None candidate_skeleton_len=7 candidate_arc_ids=[3577, 1656]
[V3A-FEAS] front_prune_test start_pos=7 candidate_size=1 candidate_ok=True candidate_fail_i=None candidate_skeleton_len=5 candidate_arc_ids=[1656]
[V3A-FEAS] smallest_observed_front_pruned_bad_size=3
[V3A-FEAS] smallest_observed_front_pruned_bad_arc_ids=[3613, 3577, 1656]
[V3A-FEAS] diagnostic only: active lazy cut remains unchanged in v3a
[V3A-FEAS] front_prune_tests_run=8
[V3A-FEAS] infeasible route detected
[V3A-FEAS] route_arc_ids=[0, 3595, 3632, 3542, 2399, 3611, 3306, 3431]
[V3A-FEAS] route_len=8 skeleton_len=18 fail_i=13
[V3A-FEAS] failed_skeleton_edge=C12->C16
[V3A-FEAS] covering_arc_pos=6 covering_arc_id=3306
[V3A-FEAS] current_full_route_cut_size=8
[V3A-FEAS] prefix_through_failure_size=7 prefix_arc_ids=[0, 3595, 3632, 3542, 2399, 3611, 3306]
[V3A-FEAS] front_prune_test start_pos=0 candidate_size=7 candidate_ok=False candidate_fail_i=13 candidate_skeleton_len=15 candidate_arc_ids=[0, 3595, 3632, 3542, 2399, 3611, 3306]
[V3A-FEAS] front_prune_test start_pos=1 candidate_size=6 candidate_ok=False candidate_fail_i=12 candidate_skeleton_len=14 candidate_arc_ids=[3595, 3632, 3542, 2399, 3611, 3306]
[V3A-FEAS] front_prune_test start_pos=2 candidate_size=5 candidate_ok=False candidate_fail_i=10 candidate_skeleton_len=12 candidate_arc_ids=[3632, 3542, 2399, 3611, 3306]
[V3A-FEAS] front_prune_test start_pos=3 candidate_size=4 candidate_ok=False candidate_fail_i=8 candidate_skeleton_len=10 candidate_arc_ids=[3542, 2399, 3611, 3306]
[V3A-FEAS] front_prune_test start_pos=4 candidate_size=3 candidate_ok=False candidate_fail_i=6 candidate_skeleton_len=8 candidate_arc_ids=[2399, 3611, 3306]
[V3A-FEAS] front_prune_test start_pos=5 candidate_size=2 candidate_ok=False candidate_fail_i=4 candidate_skeleton_len=6 candidate_arc_ids=[3611, 3306]
[V3A-FEAS] front_prune_test start_pos=6 candidate_size=1 candidate_ok=True candidate_fail_i=None candidate_skeleton_len=4 candidate_arc_ids=[3306]
[V3A-FEAS] smallest_observed_front_pruned_bad_size=2
[V3A-FEAS] smallest_observed_front_pruned_bad_arc_ids=[3611, 3306]
[V3A-FEAS] diagnostic only: active lazy cut remains unchanged in v3a
[V3A-FEAS] front_prune_tests_run=7
[V3A-FEAS] infeasible route detected
[V3A-FEAS] route_arc_ids=[0, 3595, 3632, 3543, 2397, 2577, 2458, 1910]
[V3A-FEAS] route_len=8 skeleton_len=18 fail_i=9
[V3A-FEAS] failed_skeleton_edge=C10->C16
[V3A-FEAS] covering_arc_pos=5 covering_arc_id=2577
[V3A-FEAS] current_full_route_cut_size=8
[V3A-FEAS] prefix_through_failure_size=6 prefix_arc_ids=[0, 3595, 3632, 3543, 2397, 2577]
[V3A-FEAS] front_prune_test start_pos=0 candidate_size=6 candidate_ok=False candidate_fail_i=9 candidate_skeleton_len=13 candidate_arc_ids=[0, 3595, 3632, 3543, 2397, 2577]
[V3A-FEAS] front_prune_test start_pos=1 candidate_size=5 candidate_ok=False candidate_fail_i=8 candidate_skeleton_len=12 candidate_arc_ids=[3595, 3632, 3543, 2397, 2577]
[V3A-FEAS] front_prune_test start_pos=2 candidate_size=4 candidate_ok=True candidate_fail_i=None candidate_skeleton_len=10 candidate_arc_ids=[3632, 3543, 2397, 2577]
[V3A-FEAS] front_prune_test start_pos=3 candidate_size=3 candidate_ok=True candidate_fail_i=None candidate_skeleton_len=8 candidate_arc_ids=[3543, 2397, 2577]
[V3A-FEAS] front_prune_test start_pos=4 candidate_size=2 candidate_ok=True candidate_fail_i=None candidate_skeleton_len=6 candidate_arc_ids=[2397, 2577]
[V3A-FEAS] front_prune_test start_pos=5 candidate_size=1 candidate_ok=True candidate_fail_i=None candidate_skeleton_len=4 candidate_arc_ids=[2577]
[V3A-FEAS] smallest_observed_front_pruned_bad_size=5
[V3A-FEAS] smallest_observed_front_pruned_bad_arc_ids=[3595, 3632, 3543, 2397, 2577]
[V3A-FEAS] diagnostic only: active lazy cut remains unchanged in v3a
[V3A-FEAS] front_prune_tests_run=6
[V3A-FEAS] infeasible route detected
[V3A-FEAS] route_arc_ids=[0, 3595, 3632, 3543, 2397, 3084, 3613, 3411]
[V3A-FEAS] route_len=8 skeleton_len=18 fail_i=13
[V3A-FEAS] failed_skeleton_edge=C7->C16
[V3A-FEAS] covering_arc_pos=7 covering_arc_id=3411
[V3A-FEAS] current_full_route_cut_size=8
[V3A-FEAS] prefix_through_failure_size=8 prefix_arc_ids=[0, 3595, 3632, 3543, 2397, 3084, 3613, 3411]
[V3A-FEAS] front_prune_test start_pos=0 candidate_size=8 candidate_ok=False candidate_fail_i=13 candidate_skeleton_len=18 candidate_arc_ids=[0, 3595, 3632, 3543, 2397, 3084, 3613, 3411]
[V3A-FEAS] front_prune_test start_pos=1 candidate_size=7 candidate_ok=False candidate_fail_i=12 candidate_skeleton_len=17 candidate_arc_ids=[3595, 3632, 3543, 2397, 3084, 3613, 3411]
[V3A-FEAS] front_prune_test start_pos=2 candidate_size=6 candidate_ok=False candidate_fail_i=10 candidate_skeleton_len=15 candidate_arc_ids=[3632, 3543, 2397, 3084, 3613, 3411]
[V3A-FEAS] front_prune_test start_pos=3 candidate_size=5 candidate_ok=False candidate_fail_i=8 candidate_skeleton_len=13 candidate_arc_ids=[3543, 2397, 3084, 3613, 3411]
[V3A-FEAS] front_prune_test start_pos=4 candidate_size=4 candidate_ok=False candidate_fail_i=6 candidate_skeleton_len=11 candidate_arc_ids=[2397, 3084, 3613, 3411]
[V3A-FEAS] front_prune_test start_pos=5 candidate_size=3 candidate_ok=False candidate_fail_i=4 candidate_skeleton_len=9 candidate_arc_ids=[3084, 3613, 3411]
[V3A-FEAS] front_prune_test start_pos=6 candidate_size=2 candidate_ok=False candidate_fail_i=2 candidate_skeleton_len=7 candidate_arc_ids=[3613, 3411]
[V3A-FEAS] front_prune_test start_pos=7 candidate_size=1 candidate_ok=True candidate_fail_i=None candidate_skeleton_len=5 candidate_arc_ids=[3411]
[V3A-FEAS] smallest_observed_front_pruned_bad_size=2
[V3A-FEAS] smallest_observed_front_pruned_bad_arc_ids=[3613, 3411]
[V3A-FEAS] diagnostic only: active lazy cut remains unchanged in v3a
[V3A-FEAS] front_prune_tests_run=8
[V3A-FEAS] infeasible route detected
[V3A-FEAS] route_arc_ids=[0, 3595, 3632, 3542, 2399, 3613, 3576, 1656]
[V3A-FEAS] route_len=8 skeleton_len=18 fail_i=13
[V3A-FEAS] failed_skeleton_edge=C10->C16
[V3A-FEAS] covering_arc_pos=7 covering_arc_id=1656
[V3A-FEAS] current_full_route_cut_size=8
[V3A-FEAS] prefix_through_failure_size=8 prefix_arc_ids=[0, 3595, 3632, 3542, 2399, 3613, 3576, 1656]
[V3A-FEAS] front_prune_test start_pos=0 candidate_size=8 candidate_ok=False candidate_fail_i=13 candidate_skeleton_len=18 candidate_arc_ids=[0, 3595, 3632, 3542, 2399, 3613, 3576, 1656]
[V3A-FEAS] front_prune_test start_pos=1 candidate_size=7 candidate_ok=False candidate_fail_i=12 candidate_skeleton_len=17 candidate_arc_ids=[3595, 3632, 3542, 2399, 3613, 3576, 1656]
[V3A-FEAS] front_prune_test start_pos=2 candidate_size=6 candidate_ok=False candidate_fail_i=10 candidate_skeleton_len=15 candidate_arc_ids=[3632, 3542, 2399, 3613, 3576, 1656]
[V3A-FEAS] front_prune_test start_pos=3 candidate_size=5 candidate_ok=False candidate_fail_i=8 candidate_skeleton_len=13 candidate_arc_ids=[3542, 2399, 3613, 3576, 1656]
[V3A-FEAS] front_prune_test start_pos=4 candidate_size=4 candidate_ok=False candidate_fail_i=6 candidate_skeleton_len=11 candidate_arc_ids=[2399, 3613, 3576, 1656]
[V3A-FEAS] front_prune_test start_pos=5 candidate_size=3 candidate_ok=False candidate_fail_i=4 candidate_skeleton_len=9 candidate_arc_ids=[3613, 3576, 1656]
[V3A-FEAS] front_prune_test start_pos=6 candidate_size=2 candidate_ok=True candidate_fail_i=None candidate_skeleton_len=7 candidate_arc_ids=[3576, 1656]
[V3A-FEAS] front_prune_test start_pos=7 candidate_size=1 candidate_ok=True candidate_fail_i=None candidate_skeleton_len=5 candidate_arc_ids=[1656]
[V3A-FEAS] smallest_observed_front_pruned_bad_size=3
[V3A-FEAS] smallest_observed_front_pruned_bad_arc_ids=[3613, 3576, 1656]
[V3A-FEAS] diagnostic only: active lazy cut remains unchanged in v3a
[V3A-FEAS] front_prune_tests_run=8
[V3A-FEAS] infeasible route detected
[V3A-FEAS] route_arc_ids=[0, 3595, 3632, 3542, 2397, 3086, 3613, 3585, 1715]
[V3A-FEAS] route_len=9 skeleton_len=18 fail_i=14
[V3A-FEAS] failed_skeleton_edge=C9->C16
[V3A-FEAS] covering_arc_pos=7 covering_arc_id=3585
[V3A-FEAS] current_full_route_cut_size=9
[V3A-FEAS] prefix_through_failure_size=8 prefix_arc_ids=[0, 3595, 3632, 3542, 2397, 3086, 3613, 3585]
[V3A-FEAS] front_prune_test start_pos=0 candidate_size=8 candidate_ok=False candidate_fail_i=14 candidate_skeleton_len=16 candidate_arc_ids=[0, 3595, 3632, 3542, 2397, 3086, 3613, 3585]
[V3A-FEAS] front_prune_test start_pos=1 candidate_size=7 candidate_ok=False candidate_fail_i=13 candidate_skeleton_len=15 candidate_arc_ids=[3595, 3632, 3542, 2397, 3086, 3613, 3585]
[V3A-FEAS] front_prune_test start_pos=2 candidate_size=6 candidate_ok=False candidate_fail_i=11 candidate_skeleton_len=13 candidate_arc_ids=[3632, 3542, 2397, 3086, 3613, 3585]
[V3A-FEAS] front_prune_test start_pos=3 candidate_size=5 candidate_ok=False candidate_fail_i=9 candidate_skeleton_len=11 candidate_arc_ids=[3542, 2397, 3086, 3613, 3585]
[V3A-FEAS] front_prune_test start_pos=4 candidate_size=4 candidate_ok=False candidate_fail_i=7 candidate_skeleton_len=9 candidate_arc_ids=[2397, 3086, 3613, 3585]
[V3A-FEAS] front_prune_test start_pos=5 candidate_size=3 candidate_ok=False candidate_fail_i=5 candidate_skeleton_len=7 candidate_arc_ids=[3086, 3613, 3585]
[V3A-FEAS] front_prune_test start_pos=6 candidate_size=2 candidate_ok=False candidate_fail_i=3 candidate_skeleton_len=5 candidate_arc_ids=[3613, 3585]
[V3A-FEAS] front_prune_test start_pos=7 candidate_size=1 candidate_ok=True candidate_fail_i=None candidate_skeleton_len=3 candidate_arc_ids=[3585]
[V3A-FEAS] smallest_observed_front_pruned_bad_size=2
[V3A-FEAS] smallest_observed_front_pruned_bad_arc_ids=[3613, 3585]
[V3A-FEAS] diagnostic only: active lazy cut remains unchanged in v3a
[V3A-FEAS] front_prune_tests_run=8
[V3A-FEAS] infeasible route detected
[V3A-FEAS] route_arc_ids=[6, 3542, 2391, 3595, 3633, 2444, 149]
[V3A-FEAS] route_len=7 skeleton_len=18 fail_i=8
[V3A-FEAS] failed_skeleton_edge=C3->C16
[V3A-FEAS] covering_arc_pos=4 covering_arc_id=3633
[V3A-FEAS] current_full_route_cut_size=7
[V3A-FEAS] prefix_through_failure_size=5 prefix_arc_ids=[6, 3542, 2391, 3595, 3633]
[V3A-FEAS] front_prune_test start_pos=0 candidate_size=5 candidate_ok=False candidate_fail_i=8 candidate_skeleton_len=10 candidate_arc_ids=[6, 3542, 2391, 3595, 3633]
[V3A-FEAS] front_prune_test start_pos=1 candidate_size=4 candidate_ok=False candidate_fail_i=7 candidate_skeleton_len=9 candidate_arc_ids=[3542, 2391, 3595, 3633]
[V3A-FEAS] front_prune_test start_pos=2 candidate_size=3 candidate_ok=False candidate_fail_i=5 candidate_skeleton_len=7 candidate_arc_ids=[2391, 3595, 3633]
[V3A-FEAS] front_prune_test start_pos=3 candidate_size=2 candidate_ok=False candidate_fail_i=3 candidate_skeleton_len=5 candidate_arc_ids=[3595, 3633]
[V3A-FEAS] front_prune_test start_pos=4 candidate_size=1 candidate_ok=True candidate_fail_i=None candidate_skeleton_len=3 candidate_arc_ids=[3633]
[V3A-FEAS] smallest_observed_front_pruned_bad_size=2
[V3A-FEAS] smallest_observed_front_pruned_bad_arc_ids=[3595, 3633]
[V3A-FEAS] diagnostic only: active lazy cut remains unchanged in v3a
[V3A-FEAS] front_prune_tests_run=5
[V3A-FEAS] infeasible route detected
[V3A-FEAS] route_arc_ids=[0, 3595, 3632, 3543, 2397, 1668, 3613, 3570]
[V3A-FEAS] route_len=8 skeleton_len=18 fail_i=9
[V3A-FEAS] failed_skeleton_edge=C10->C16
[V3A-FEAS] covering_arc_pos=5 covering_arc_id=1668
[V3A-FEAS] current_full_route_cut_size=8
[V3A-FEAS] prefix_through_failure_size=6 prefix_arc_ids=[0, 3595, 3632, 3543, 2397, 1668]
[V3A-FEAS] front_prune_test start_pos=0 candidate_size=6 candidate_ok=False candidate_fail_i=9 candidate_skeleton_len=14 candidate_arc_ids=[0, 3595, 3632, 3543, 2397, 1668]
[V3A-FEAS] front_prune_test start_pos=1 candidate_size=5 candidate_ok=False candidate_fail_i=8 candidate_skeleton_len=13 candidate_arc_ids=[3595, 3632, 3543, 2397, 1668]
[V3A-FEAS] front_prune_test start_pos=2 candidate_size=4 candidate_ok=True candidate_fail_i=None candidate_skeleton_len=11 candidate_arc_ids=[3632, 3543, 2397, 1668]
[V3A-FEAS] front_prune_test start_pos=3 candidate_size=3 candidate_ok=True candidate_fail_i=None candidate_skeleton_len=9 candidate_arc_ids=[3543, 2397, 1668]
[V3A-FEAS] front_prune_test start_pos=4 candidate_size=2 candidate_ok=True candidate_fail_i=None candidate_skeleton_len=7 candidate_arc_ids=[2397, 1668]
[V3A-FEAS] front_prune_test start_pos=5 candidate_size=1 candidate_ok=True candidate_fail_i=None candidate_skeleton_len=5 candidate_arc_ids=[1668]
[V3A-FEAS] smallest_observed_front_pruned_bad_size=5
[V3A-FEAS] smallest_observed_front_pruned_bad_arc_ids=[3595, 3632, 3543, 2397, 1668]
[V3A-FEAS] diagnostic only: active lazy cut remains unchanged in v3a
[V3A-FEAS] front_prune_tests_run=6
[V3A-FEAS] infeasible route detected
[V3A-FEAS] route_arc_ids=[0, 3595, 3632, 3542, 2403, 1720, 3613, 3577, 3073]
[V3A-FEAS] route_len=9 skeleton_len=18 fail_i=8
[V3A-FEAS] failed_skeleton_edge=C5->C16
[V3A-FEAS] covering_arc_pos=4 covering_arc_id=2403
[V3A-FEAS] current_full_route_cut_size=9
[V3A-FEAS] prefix_through_failure_size=5 prefix_arc_ids=[0, 3595, 3632, 3542, 2403]
[V3A-FEAS] front_prune_test start_pos=0 candidate_size=5 candidate_ok=False candidate_fail_i=8 candidate_skeleton_len=10 candidate_arc_ids=[0, 3595, 3632, 3542, 2403]
[V3A-FEAS] front_prune_test start_pos=1 candidate_size=4 candidate_ok=False candidate_fail_i=7 candidate_skeleton_len=9 candidate_arc_ids=[3595, 3632, 3542, 2403]
[V3A-FEAS] front_prune_test start_pos=2 candidate_size=3 candidate_ok=True candidate_fail_i=None candidate_skeleton_len=7 candidate_arc_ids=[3632, 3542, 2403]
[V3A-FEAS] front_prune_test start_pos=3 candidate_size=2 candidate_ok=True candidate_fail_i=None candidate_skeleton_len=5 candidate_arc_ids=[3542, 2403]
[V3A-FEAS] front_prune_test start_pos=4 candidate_size=1 candidate_ok=True candidate_fail_i=None candidate_skeleton_len=3 candidate_arc_ids=[2403]
[V3A-FEAS] smallest_observed_front_pruned_bad_size=4
[V3A-FEAS] smallest_observed_front_pruned_bad_arc_ids=[3595, 3632, 3542, 2403]
[V3A-FEAS] diagnostic only: active lazy cut remains unchanged in v3a
[V3A-FEAS] front_prune_tests_run=5
[V3A-FEAS] infeasible route detected
[V3A-FEAS] route_arc_ids=[0, 3595, 3632, 3542, 2403, 2443, 2758, 2058]
[V3A-FEAS] route_len=8 skeleton_len=18 fail_i=8
[V3A-FEAS] failed_skeleton_edge=C5->C16
[V3A-FEAS] covering_arc_pos=4 covering_arc_id=2403
[V3A-FEAS] current_full_route_cut_size=8
[V3A-FEAS] prefix_through_failure_size=5 prefix_arc_ids=[0, 3595, 3632, 3542, 2403]
[V3A-FEAS] front_prune_test start_pos=0 candidate_size=5 candidate_ok=False candidate_fail_i=8 candidate_skeleton_len=10 candidate_arc_ids=[0, 3595, 3632, 3542, 2403]
[V3A-FEAS] front_prune_test start_pos=1 candidate_size=4 candidate_ok=False candidate_fail_i=7 candidate_skeleton_len=9 candidate_arc_ids=[3595, 3632, 3542, 2403]
[V3A-FEAS] front_prune_test start_pos=2 candidate_size=3 candidate_ok=True candidate_fail_i=None candidate_skeleton_len=7 candidate_arc_ids=[3632, 3542, 2403]
[V3A-FEAS] front_prune_test start_pos=3 candidate_size=2 candidate_ok=True candidate_fail_i=None candidate_skeleton_len=5 candidate_arc_ids=[3542, 2403]
[V3A-FEAS] front_prune_test start_pos=4 candidate_size=1 candidate_ok=True candidate_fail_i=None candidate_skeleton_len=3 candidate_arc_ids=[2403]
[V3A-FEAS] smallest_observed_front_pruned_bad_size=4
[V3A-FEAS] smallest_observed_front_pruned_bad_arc_ids=[3595, 3632, 3542, 2403]
[V3A-FEAS] diagnostic only: active lazy cut remains unchanged in v3a
[V3A-FEAS] front_prune_tests_run=5
[V3A-FEAS] infeasible route detected
[V3A-FEAS] route_arc_ids=[0, 3595, 3632, 3543, 2395, 1845, 1693, 3604]
[V3A-FEAS] route_len=8 skeleton_len=18 fail_i=11
[V3A-FEAS] failed_skeleton_edge=C9->C16
[V3A-FEAS] covering_arc_pos=5 covering_arc_id=1845
[V3A-FEAS] current_full_route_cut_size=8
[V3A-FEAS] prefix_through_failure_size=6 prefix_arc_ids=[0, 3595, 3632, 3543, 2395, 1845]
[V3A-FEAS] front_prune_test start_pos=0 candidate_size=6 candidate_ok=False candidate_fail_i=11 candidate_skeleton_len=13 candidate_arc_ids=[0, 3595, 3632, 3543, 2395, 1845]
[V3A-FEAS] front_prune_test start_pos=1 candidate_size=5 candidate_ok=False candidate_fail_i=10 candidate_skeleton_len=12 candidate_arc_ids=[3595, 3632, 3543, 2395, 1845]
[V3A-FEAS] front_prune_test start_pos=2 candidate_size=4 candidate_ok=False candidate_fail_i=8 candidate_skeleton_len=10 candidate_arc_ids=[3632, 3543, 2395, 1845]
[V3A-FEAS] front_prune_test start_pos=3 candidate_size=3 candidate_ok=False candidate_fail_i=6 candidate_skeleton_len=8 candidate_arc_ids=[3543, 2395, 1845]
[V3A-FEAS] front_prune_test start_pos=4 candidate_size=2 candidate_ok=False candidate_fail_i=4 candidate_skeleton_len=6 candidate_arc_ids=[2395, 1845]
[V3A-FEAS] front_prune_test start_pos=5 candidate_size=1 candidate_ok=True candidate_fail_i=None candidate_skeleton_len=4 candidate_arc_ids=[1845]
[V3A-FEAS] smallest_observed_front_pruned_bad_size=2
[V3A-FEAS] smallest_observed_front_pruned_bad_arc_ids=[2395, 1845]
[V3A-FEAS] diagnostic only: active lazy cut remains unchanged in v3a
[V3A-FEAS] front_prune_tests_run=6
[V3A-FEAS] infeasible route detected
[V3A-FEAS] route_arc_ids=[0, 3595, 3632, 3542, 2403, 1720, 3613, 3576, 3073]
[V3A-FEAS] route_len=9 skeleton_len=18 fail_i=8
[V3A-FEAS] failed_skeleton_edge=C5->C16
[V3A-FEAS] covering_arc_pos=4 covering_arc_id=2403
[V3A-FEAS] current_full_route_cut_size=9
[V3A-FEAS] prefix_through_failure_size=5 prefix_arc_ids=[0, 3595, 3632, 3542, 2403]
[V3A-FEAS] front_prune_test start_pos=0 candidate_size=5 candidate_ok=False candidate_fail_i=8 candidate_skeleton_len=10 candidate_arc_ids=[0, 3595, 3632, 3542, 2403]
[V3A-FEAS] front_prune_test start_pos=1 candidate_size=4 candidate_ok=False candidate_fail_i=7 candidate_skeleton_len=9 candidate_arc_ids=[3595, 3632, 3542, 2403]
[V3A-FEAS] front_prune_test start_pos=2 candidate_size=3 candidate_ok=True candidate_fail_i=None candidate_skeleton_len=7 candidate_arc_ids=[3632, 3542, 2403]
[V3A-FEAS] front_prune_test start_pos=3 candidate_size=2 candidate_ok=True candidate_fail_i=None candidate_skeleton_len=5 candidate_arc_ids=[3542, 2403]
[V3A-FEAS] front_prune_test start_pos=4 candidate_size=1 candidate_ok=True candidate_fail_i=None candidate_skeleton_len=3 candidate_arc_ids=[2403]
[V3A-FEAS] smallest_observed_front_pruned_bad_size=4
[V3A-FEAS] smallest_observed_front_pruned_bad_arc_ids=[3595, 3632, 3542, 2403]
[V3A-FEAS] diagnostic only: active lazy cut remains unchanged in v3a
[V3A-FEAS] front_prune_tests_run=5
[V3A-FEAS] infeasible route detected
[V3A-FEAS] route_arc_ids=[0, 3595, 3632, 3542, 2399, 3613, 1837, 1715]
[V3A-FEAS] route_len=8 skeleton_len=18 fail_i=14
[V3A-FEAS] failed_skeleton_edge=C12->C16
[V3A-FEAS] covering_arc_pos=6 covering_arc_id=1837
[V3A-FEAS] current_full_route_cut_size=8
[V3A-FEAS] prefix_through_failure_size=7 prefix_arc_ids=[0, 3595, 3632, 3542, 2399, 3613, 1837]
[V3A-FEAS] front_prune_test start_pos=0 candidate_size=7 candidate_ok=False candidate_fail_i=14 candidate_skeleton_len=16 candidate_arc_ids=[0, 3595, 3632, 3542, 2399, 3613, 1837]
[V3A-FEAS] front_prune_test start_pos=1 candidate_size=6 candidate_ok=False candidate_fail_i=13 candidate_skeleton_len=15 candidate_arc_ids=[3595, 3632, 3542, 2399, 3613, 1837]
[V3A-FEAS] front_prune_test start_pos=2 candidate_size=5 candidate_ok=False candidate_fail_i=11 candidate_skeleton_len=13 candidate_arc_ids=[3632, 3542, 2399, 3613, 1837]
[V3A-FEAS] front_prune_test start_pos=3 candidate_size=4 candidate_ok=False candidate_fail_i=9 candidate_skeleton_len=11 candidate_arc_ids=[3542, 2399, 3613, 1837]
[V3A-FEAS] front_prune_test start_pos=4 candidate_size=3 candidate_ok=False candidate_fail_i=7 candidate_skeleton_len=9 candidate_arc_ids=[2399, 3613, 1837]
[V3A-FEAS] front_prune_test start_pos=5 candidate_size=2 candidate_ok=False candidate_fail_i=5 candidate_skeleton_len=7 candidate_arc_ids=[3613, 1837]
[V3A-FEAS] front_prune_test start_pos=6 candidate_size=1 candidate_ok=True candidate_fail_i=None candidate_skeleton_len=5 candidate_arc_ids=[1837]
[V3A-FEAS] smallest_observed_front_pruned_bad_size=2
[V3A-FEAS] smallest_observed_front_pruned_bad_arc_ids=[3613, 1837]
[V3A-FEAS] diagnostic only: active lazy cut remains unchanged in v3a
[V3A-FEAS] front_prune_tests_run=7
[V3A-FEAS] infeasible route detected
[V3A-FEAS] route_arc_ids=[0, 3595, 3632, 3542, 2397, 1670, 3613, 3570]
[V3A-FEAS] route_len=8 skeleton_len=18 fail_i=9
[V3A-FEAS] failed_skeleton_edge=C10->C16
[V3A-FEAS] covering_arc_pos=5 covering_arc_id=1670
[V3A-FEAS] current_full_route_cut_size=8
[V3A-FEAS] prefix_through_failure_size=6 prefix_arc_ids=[0, 3595, 3632, 3542, 2397, 1670]
[V3A-FEAS] front_prune_test start_pos=0 candidate_size=6 candidate_ok=False candidate_fail_i=9 candidate_skeleton_len=14 candidate_arc_ids=[0, 3595, 3632, 3542, 2397, 1670]
[V3A-FEAS] front_prune_test start_pos=1 candidate_size=5 candidate_ok=False candidate_fail_i=8 candidate_skeleton_len=13 candidate_arc_ids=[3595, 3632, 3542, 2397, 1670]
[V3A-FEAS] front_prune_test start_pos=2 candidate_size=4 candidate_ok=True candidate_fail_i=None candidate_skeleton_len=11 candidate_arc_ids=[3632, 3542, 2397, 1670]
[V3A-FEAS] front_prune_test start_pos=3 candidate_size=3 candidate_ok=True candidate_fail_i=None candidate_skeleton_len=9 candidate_arc_ids=[3542, 2397, 1670]
[V3A-FEAS] front_prune_test start_pos=4 candidate_size=2 candidate_ok=True candidate_fail_i=None candidate_skeleton_len=7 candidate_arc_ids=[2397, 1670]
[V3A-FEAS] front_prune_test start_pos=5 candidate_size=1 candidate_ok=True candidate_fail_i=None candidate_skeleton_len=5 candidate_arc_ids=[1670]
[V3A-FEAS] smallest_observed_front_pruned_bad_size=5
[V3A-FEAS] smallest_observed_front_pruned_bad_arc_ids=[3595, 3632, 3542, 2397, 1670]
[V3A-FEAS] diagnostic only: active lazy cut remains unchanged in v3a
[V3A-FEAS] front_prune_tests_run=6
[V3A-FEAS] infeasible route detected
[V3A-FEAS] route_arc_ids=[0, 3595, 3632, 3542, 2397, 3085, 3612, 3584, 1715]
[V3A-FEAS] route_len=9 skeleton_len=18 fail_i=14
[V3A-FEAS] failed_skeleton_edge=C9->C16
[V3A-FEAS] covering_arc_pos=7 covering_arc_id=3584
[V3A-FEAS] current_full_route_cut_size=9
[V3A-FEAS] prefix_through_failure_size=8 prefix_arc_ids=[0, 3595, 3632, 3542, 2397, 3085, 3612, 3584]
[V3A-FEAS] front_prune_test start_pos=0 candidate_size=8 candidate_ok=False candidate_fail_i=14 candidate_skeleton_len=16 candidate_arc_ids=[0, 3595, 3632, 3542, 2397, 3085, 3612, 3584]
[V3A-FEAS] front_prune_test start_pos=1 candidate_size=7 candidate_ok=False candidate_fail_i=13 candidate_skeleton_len=15 candidate_arc_ids=[3595, 3632, 3542, 2397, 3085, 3612, 3584]
[V3A-FEAS] front_prune_test start_pos=2 candidate_size=6 candidate_ok=False candidate_fail_i=11 candidate_skeleton_len=13 candidate_arc_ids=[3632, 3542, 2397, 3085, 3612, 3584]
[V3A-FEAS] front_prune_test start_pos=3 candidate_size=5 candidate_ok=False candidate_fail_i=9 candidate_skeleton_len=11 candidate_arc_ids=[3542, 2397, 3085, 3612, 3584]
[V3A-FEAS] front_prune_test start_pos=4 candidate_size=4 candidate_ok=False candidate_fail_i=7 candidate_skeleton_len=9 candidate_arc_ids=[2397, 3085, 3612, 3584]
[V3A-FEAS] front_prune_test start_pos=5 candidate_size=3 candidate_ok=False candidate_fail_i=5 candidate_skeleton_len=7 candidate_arc_ids=[3085, 3612, 3584]
[V3A-FEAS] front_prune_test start_pos=6 candidate_size=2 candidate_ok=False candidate_fail_i=3 candidate_skeleton_len=5 candidate_arc_ids=[3612, 3584]
[V3A-FEAS] front_prune_test start_pos=7 candidate_size=1 candidate_ok=True candidate_fail_i=None candidate_skeleton_len=3 candidate_arc_ids=[3584]
[V3A-FEAS] smallest_observed_front_pruned_bad_size=2
[V3A-FEAS] smallest_observed_front_pruned_bad_arc_ids=[3612, 3584]
[V3A-FEAS] diagnostic only: active lazy cut remains unchanged in v3a
[V3A-FEAS] front_prune_tests_run=8
[V3A-FEAS] infeasible route detected
[V3A-FEAS] route_arc_ids=[0, 3595, 3632, 3542, 2397, 3086, 3611, 3585, 1715]
[V3A-FEAS] route_len=9 skeleton_len=18 fail_i=14
[V3A-FEAS] failed_skeleton_edge=C9->C16
[V3A-FEAS] covering_arc_pos=7 covering_arc_id=3585
[V3A-FEAS] current_full_route_cut_size=9
[V3A-FEAS] prefix_through_failure_size=8 prefix_arc_ids=[0, 3595, 3632, 3542, 2397, 3086, 3611, 3585]
[V3A-FEAS] front_prune_test start_pos=0 candidate_size=8 candidate_ok=False candidate_fail_i=14 candidate_skeleton_len=16 candidate_arc_ids=[0, 3595, 3632, 3542, 2397, 3086, 3611, 3585]
[V3A-FEAS] front_prune_test start_pos=1 candidate_size=7 candidate_ok=False candidate_fail_i=13 candidate_skeleton_len=15 candidate_arc_ids=[3595, 3632, 3542, 2397, 3086, 3611, 3585]
[V3A-FEAS] front_prune_test start_pos=2 candidate_size=6 candidate_ok=False candidate_fail_i=11 candidate_skeleton_len=13 candidate_arc_ids=[3632, 3542, 2397, 3086, 3611, 3585]
[V3A-FEAS] front_prune_test start_pos=3 candidate_size=5 candidate_ok=False candidate_fail_i=9 candidate_skeleton_len=11 candidate_arc_ids=[3542, 2397, 3086, 3611, 3585]
[V3A-FEAS] front_prune_test start_pos=4 candidate_size=4 candidate_ok=False candidate_fail_i=7 candidate_skeleton_len=9 candidate_arc_ids=[2397, 3086, 3611, 3585]
[V3A-FEAS] front_prune_test start_pos=5 candidate_size=3 candidate_ok=False candidate_fail_i=5 candidate_skeleton_len=7 candidate_arc_ids=[3086, 3611, 3585]
[V3A-FEAS] front_prune_test start_pos=6 candidate_size=2 candidate_ok=False candidate_fail_i=3 candidate_skeleton_len=5 candidate_arc_ids=[3611, 3585]
[V3A-FEAS] front_prune_test start_pos=7 candidate_size=1 candidate_ok=True candidate_fail_i=None candidate_skeleton_len=3 candidate_arc_ids=[3585]
[V3A-FEAS] smallest_observed_front_pruned_bad_size=2
[V3A-FEAS] smallest_observed_front_pruned_bad_arc_ids=[3611, 3585]
[V3A-FEAS] diagnostic only: active lazy cut remains unchanged in v3a
[V3A-FEAS] front_prune_tests_run=8
[V3A-FEAS] infeasible route detected
[V3A-FEAS] route_arc_ids=[0, 3595, 3632, 3543, 2395, 1844, 1693, 3604]
[V3A-FEAS] route_len=8 skeleton_len=18 fail_i=11
[V3A-FEAS] failed_skeleton_edge=C9->C16
[V3A-FEAS] covering_arc_pos=5 covering_arc_id=1844
[V3A-FEAS] current_full_route_cut_size=8
[V3A-FEAS] prefix_through_failure_size=6 prefix_arc_ids=[0, 3595, 3632, 3543, 2395, 1844]
[V3A-FEAS] front_prune_test start_pos=0 candidate_size=6 candidate_ok=False candidate_fail_i=11 candidate_skeleton_len=13 candidate_arc_ids=[0, 3595, 3632, 3543, 2395, 1844]
[V3A-FEAS] front_prune_test start_pos=1 candidate_size=5 candidate_ok=False candidate_fail_i=10 candidate_skeleton_len=12 candidate_arc_ids=[3595, 3632, 3543, 2395, 1844]
[V3A-FEAS] front_prune_test start_pos=2 candidate_size=4 candidate_ok=False candidate_fail_i=8 candidate_skeleton_len=10 candidate_arc_ids=[3632, 3543, 2395, 1844]
[V3A-FEAS] front_prune_test start_pos=3 candidate_size=3 candidate_ok=False candidate_fail_i=6 candidate_skeleton_len=8 candidate_arc_ids=[3543, 2395, 1844]
[V3A-FEAS] front_prune_test start_pos=4 candidate_size=2 candidate_ok=False candidate_fail_i=4 candidate_skeleton_len=6 candidate_arc_ids=[2395, 1844]
[V3A-FEAS] front_prune_test start_pos=5 candidate_size=1 candidate_ok=True candidate_fail_i=None candidate_skeleton_len=4 candidate_arc_ids=[1844]
[V3A-FEAS] smallest_observed_front_pruned_bad_size=2
[V3A-FEAS] smallest_observed_front_pruned_bad_arc_ids=[2395, 1844]
[V3A-FEAS] diagnostic only: active lazy cut remains unchanged in v3a
[V3A-FEAS] front_prune_tests_run=6
[V3A-FEAS] infeasible route detected
[V3A-FEAS] route_arc_ids=[0, 3595, 3632, 3542, 2403, 2444, 2759, 2058]
[V3A-FEAS] route_len=8 skeleton_len=18 fail_i=8
[V3A-FEAS] failed_skeleton_edge=C5->C16
[V3A-FEAS] covering_arc_pos=4 covering_arc_id=2403
[V3A-FEAS] current_full_route_cut_size=8
[V3A-FEAS] prefix_through_failure_size=5 prefix_arc_ids=[0, 3595, 3632, 3542, 2403]
[V3A-FEAS] front_prune_test start_pos=0 candidate_size=5 candidate_ok=False candidate_fail_i=8 candidate_skeleton_len=10 candidate_arc_ids=[0, 3595, 3632, 3542, 2403]
[V3A-FEAS] front_prune_test start_pos=1 candidate_size=4 candidate_ok=False candidate_fail_i=7 candidate_skeleton_len=9 candidate_arc_ids=[3595, 3632, 3542, 2403]
[V3A-FEAS] front_prune_test start_pos=2 candidate_size=3 candidate_ok=True candidate_fail_i=None candidate_skeleton_len=7 candidate_arc_ids=[3632, 3542, 2403]
[V3A-FEAS] front_prune_test start_pos=3 candidate_size=2 candidate_ok=True candidate_fail_i=None candidate_skeleton_len=5 candidate_arc_ids=[3542, 2403]
[V3A-FEAS] front_prune_test start_pos=4 candidate_size=1 candidate_ok=True candidate_fail_i=None candidate_skeleton_len=3 candidate_arc_ids=[2403]
[V3A-FEAS] smallest_observed_front_pruned_bad_size=4
[V3A-FEAS] smallest_observed_front_pruned_bad_arc_ids=[3595, 3632, 3542, 2403]
[V3A-FEAS] diagnostic only: active lazy cut remains unchanged in v3a
[V3A-FEAS] front_prune_tests_run=5
[V3A-FEAS] infeasible route detected
[V3A-FEAS] route_arc_ids=[0, 3595, 3632, 3542, 2403, 2444, 2758, 2058]
[V3A-FEAS] route_len=8 skeleton_len=18 fail_i=8
[V3A-FEAS] failed_skeleton_edge=C5->C16
[V3A-FEAS] covering_arc_pos=4 covering_arc_id=2403
[V3A-FEAS] current_full_route_cut_size=8
[V3A-FEAS] prefix_through_failure_size=5 prefix_arc_ids=[0, 3595, 3632, 3542, 2403]
[V3A-FEAS] front_prune_test start_pos=0 candidate_size=5 candidate_ok=False candidate_fail_i=8 candidate_skeleton_len=10 candidate_arc_ids=[0, 3595, 3632, 3542, 2403]
[V3A-FEAS] front_prune_test start_pos=1 candidate_size=4 candidate_ok=False candidate_fail_i=7 candidate_skeleton_len=9 candidate_arc_ids=[3595, 3632, 3542, 2403]
[V3A-FEAS] front_prune_test start_pos=2 candidate_size=3 candidate_ok=True candidate_fail_i=None candidate_skeleton_len=7 candidate_arc_ids=[3632, 3542, 2403]
[V3A-FEAS] front_prune_test start_pos=3 candidate_size=2 candidate_ok=True candidate_fail_i=None candidate_skeleton_len=5 candidate_arc_ids=[3542, 2403]
[V3A-FEAS] front_prune_test start_pos=4 candidate_size=1 candidate_ok=True candidate_fail_i=None candidate_skeleton_len=3 candidate_arc_ids=[2403]
[V3A-FEAS] smallest_observed_front_pruned_bad_size=4
[V3A-FEAS] smallest_observed_front_pruned_bad_arc_ids=[3595, 3632, 3542, 2403]
[V3A-FEAS] diagnostic only: active lazy cut remains unchanged in v3a
[V3A-FEAS] front_prune_tests_run=5
[V3A-FEAS] infeasible route detected
[V3A-FEAS] route_arc_ids=[0, 3595, 3632, 3542, 2403, 2443, 2759, 2057]
[V3A-FEAS] route_len=8 skeleton_len=18 fail_i=8
[V3A-FEAS] failed_skeleton_edge=C5->C16
[V3A-FEAS] covering_arc_pos=4 covering_arc_id=2403
[V3A-FEAS] current_full_route_cut_size=8
[V3A-FEAS] prefix_through_failure_size=5 prefix_arc_ids=[0, 3595, 3632, 3542, 2403]
[V3A-FEAS] front_prune_test start_pos=0 candidate_size=5 candidate_ok=False candidate_fail_i=8 candidate_skeleton_len=10 candidate_arc_ids=[0, 3595, 3632, 3542, 2403]
[V3A-FEAS] front_prune_test start_pos=1 candidate_size=4 candidate_ok=False candidate_fail_i=7 candidate_skeleton_len=9 candidate_arc_ids=[3595, 3632, 3542, 2403]
[V3A-FEAS] front_prune_test start_pos=2 candidate_size=3 candidate_ok=True candidate_fail_i=None candidate_skeleton_len=7 candidate_arc_ids=[3632, 3542, 2403]
[V3A-FEAS] front_prune_test start_pos=3 candidate_size=2 candidate_ok=True candidate_fail_i=None candidate_skeleton_len=5 candidate_arc_ids=[3542, 2403]
[V3A-FEAS] front_prune_test start_pos=4 candidate_size=1 candidate_ok=True candidate_fail_i=None candidate_skeleton_len=3 candidate_arc_ids=[2403]
[V3A-FEAS] smallest_observed_front_pruned_bad_size=4
[V3A-FEAS] smallest_observed_front_pruned_bad_arc_ids=[3595, 3632, 3542, 2403]
[V3A-FEAS] diagnostic only: active lazy cut remains unchanged in v3a
[V3A-FEAS] front_prune_tests_run=5
[V3A-FEAS] infeasible route detected
[V3A-FEAS] route_arc_ids=[0, 3595, 3632, 3542, 2397, 2578, 2458, 1911]
[V3A-FEAS] route_len=8 skeleton_len=18 fail_i=9
[V3A-FEAS] failed_skeleton_edge=C10->C16
[V3A-FEAS] covering_arc_pos=5 covering_arc_id=2578
[V3A-FEAS] current_full_route_cut_size=8
[V3A-FEAS] prefix_through_failure_size=6 prefix_arc_ids=[0, 3595, 3632, 3542, 2397, 2578]
[V3A-FEAS] front_prune_test start_pos=0 candidate_size=6 candidate_ok=False candidate_fail_i=9 candidate_skeleton_len=13 candidate_arc_ids=[0, 3595, 3632, 3542, 2397, 2578]
[V3A-FEAS] front_prune_test start_pos=1 candidate_size=5 candidate_ok=False candidate_fail_i=8 candidate_skeleton_len=12 candidate_arc_ids=[3595, 3632, 3542, 2397, 2578]
[V3A-FEAS] front_prune_test start_pos=2 candidate_size=4 candidate_ok=True candidate_fail_i=None candidate_skeleton_len=10 candidate_arc_ids=[3632, 3542, 2397, 2578]
[V3A-FEAS] front_prune_test start_pos=3 candidate_size=3 candidate_ok=True candidate_fail_i=None candidate_skeleton_len=8 candidate_arc_ids=[3542, 2397, 2578]
[V3A-FEAS] front_prune_test start_pos=4 candidate_size=2 candidate_ok=True candidate_fail_i=None candidate_skeleton_len=6 candidate_arc_ids=[2397, 2578]
[V3A-FEAS] front_prune_test start_pos=5 candidate_size=1 candidate_ok=True candidate_fail_i=None candidate_skeleton_len=4 candidate_arc_ids=[2578]
[V3A-FEAS] smallest_observed_front_pruned_bad_size=5
[V3A-FEAS] smallest_observed_front_pruned_bad_arc_ids=[3595, 3632, 3542, 2397, 2578]
[V3A-FEAS] diagnostic only: active lazy cut remains unchanged in v3a
[V3A-FEAS] front_prune_tests_run=6
[V3A-FEAS] infeasible route detected
[V3A-FEAS] route_arc_ids=[0, 3595, 3632, 3542, 2397, 3086, 3611, 3584, 1715]
[V3A-FEAS] route_len=9 skeleton_len=18 fail_i=14
[V3A-FEAS] failed_skeleton_edge=C9->C16
[V3A-FEAS] covering_arc_pos=7 covering_arc_id=3584
[V3A-FEAS] current_full_route_cut_size=9
[V3A-FEAS] prefix_through_failure_size=8 prefix_arc_ids=[0, 3595, 3632, 3542, 2397, 3086, 3611, 3584]
[V3A-FEAS] front_prune_test start_pos=0 candidate_size=8 candidate_ok=False candidate_fail_i=14 candidate_skeleton_len=16 candidate_arc_ids=[0, 3595, 3632, 3542, 2397, 3086, 3611, 3584]
[V3A-FEAS] front_prune_test start_pos=1 candidate_size=7 candidate_ok=False candidate_fail_i=13 candidate_skeleton_len=15 candidate_arc_ids=[3595, 3632, 3542, 2397, 3086, 3611, 3584]
[V3A-FEAS] front_prune_test start_pos=2 candidate_size=6 candidate_ok=False candidate_fail_i=11 candidate_skeleton_len=13 candidate_arc_ids=[3632, 3542, 2397, 3086, 3611, 3584]
[V3A-FEAS] front_prune_test start_pos=3 candidate_size=5 candidate_ok=False candidate_fail_i=9 candidate_skeleton_len=11 candidate_arc_ids=[3542, 2397, 3086, 3611, 3584]
[V3A-FEAS] front_prune_test start_pos=4 candidate_size=4 candidate_ok=False candidate_fail_i=7 candidate_skeleton_len=9 candidate_arc_ids=[2397, 3086, 3611, 3584]
[V3A-FEAS] front_prune_test start_pos=5 candidate_size=3 candidate_ok=False candidate_fail_i=5 candidate_skeleton_len=7 candidate_arc_ids=[3086, 3611, 3584]
[V3A-FEAS] front_prune_test start_pos=6 candidate_size=2 candidate_ok=False candidate_fail_i=3 candidate_skeleton_len=5 candidate_arc_ids=[3611, 3584]
[V3A-FEAS] front_prune_test start_pos=7 candidate_size=1 candidate_ok=True candidate_fail_i=None candidate_skeleton_len=3 candidate_arc_ids=[3584]
[V3A-FEAS] smallest_observed_front_pruned_bad_size=2
[V3A-FEAS] smallest_observed_front_pruned_bad_arc_ids=[3611, 3584]
[V3A-FEAS] diagnostic only: active lazy cut remains unchanged in v3a
[V3A-FEAS] front_prune_tests_run=8
[V3A-FEAS] infeasible route detected
[V3A-FEAS] route_arc_ids=[0, 3595, 3632, 3542, 2397, 3085, 3122, 1910]
[V3A-FEAS] route_len=8 skeleton_len=18 fail_i=11
[V3A-FEAS] failed_skeleton_edge=C11->C16
[V3A-FEAS] covering_arc_pos=6 covering_arc_id=3122
[V3A-FEAS] current_full_route_cut_size=8
[V3A-FEAS] prefix_through_failure_size=7 prefix_arc_ids=[0, 3595, 3632, 3542, 2397, 3085, 3122]
[V3A-FEAS] front_prune_test start_pos=0 candidate_size=7 candidate_ok=False candidate_fail_i=11 candidate_skeleton_len=15 candidate_arc_ids=[0, 3595, 3632, 3542, 2397, 3085, 3122]
[V3A-FEAS] front_prune_test start_pos=1 candidate_size=6 candidate_ok=False candidate_fail_i=10 candidate_skeleton_len=14 candidate_arc_ids=[3595, 3632, 3542, 2397, 3085, 3122]
[V3A-FEAS] front_prune_test start_pos=2 candidate_size=5 candidate_ok=True candidate_fail_i=None candidate_skeleton_len=12 candidate_arc_ids=[3632, 3542, 2397, 3085, 3122]
[V3A-FEAS] front_prune_test start_pos=3 candidate_size=4 candidate_ok=True candidate_fail_i=None candidate_skeleton_len=10 candidate_arc_ids=[3542, 2397, 3085, 3122]
[V3A-FEAS] front_prune_test start_pos=4 candidate_size=3 candidate_ok=True candidate_fail_i=None candidate_skeleton_len=8 candidate_arc_ids=[2397, 3085, 3122]
[V3A-FEAS] front_prune_test start_pos=5 candidate_size=2 candidate_ok=True candidate_fail_i=None candidate_skeleton_len=6 candidate_arc_ids=[3085, 3122]
[V3A-FEAS] front_prune_test start_pos=6 candidate_size=1 candidate_ok=True candidate_fail_i=None candidate_skeleton_len=4 candidate_arc_ids=[3122]
[V3A-FEAS] smallest_observed_front_pruned_bad_size=6
[V3A-FEAS] smallest_observed_front_pruned_bad_arc_ids=[3595, 3632, 3542, 2397, 3085, 3122]
[V3A-FEAS] diagnostic only: active lazy cut remains unchanged in v3a
[V3A-FEAS] front_prune_tests_run=7
[V3A-FEAS] infeasible route detected
[V3A-FEAS] route_arc_ids=[0, 3595, 3632, 3542, 2403, 2443, 2758, 2057]
[V3A-FEAS] route_len=8 skeleton_len=18 fail_i=8
[V3A-FEAS] failed_skeleton_edge=C5->C16
[V3A-FEAS] covering_arc_pos=4 covering_arc_id=2403
[V3A-FEAS] current_full_route_cut_size=8
[V3A-FEAS] prefix_through_failure_size=5 prefix_arc_ids=[0, 3595, 3632, 3542, 2403]
[V3A-FEAS] front_prune_test start_pos=0 candidate_size=5 candidate_ok=False candidate_fail_i=8 candidate_skeleton_len=10 candidate_arc_ids=[0, 3595, 3632, 3542, 2403]
[V3A-FEAS] front_prune_test start_pos=1 candidate_size=4 candidate_ok=False candidate_fail_i=7 candidate_skeleton_len=9 candidate_arc_ids=[3595, 3632, 3542, 2403]
[V3A-FEAS] front_prune_test start_pos=2 candidate_size=3 candidate_ok=True candidate_fail_i=None candidate_skeleton_len=7 candidate_arc_ids=[3632, 3542, 2403]
[V3A-FEAS] front_prune_test start_pos=3 candidate_size=2 candidate_ok=True candidate_fail_i=None candidate_skeleton_len=5 candidate_arc_ids=[3542, 2403]
[V3A-FEAS] front_prune_test start_pos=4 candidate_size=1 candidate_ok=True candidate_fail_i=None candidate_skeleton_len=3 candidate_arc_ids=[2403]
[V3A-FEAS] smallest_observed_front_pruned_bad_size=4
[V3A-FEAS] smallest_observed_front_pruned_bad_arc_ids=[3595, 3632, 3542, 2403]
[V3A-FEAS] diagnostic only: active lazy cut remains unchanged in v3a
[V3A-FEAS] front_prune_tests_run=5
[V3A-FEAS] infeasible route detected
[V3A-FEAS] route_arc_ids=[0, 3595, 3632, 3542, 2403, 1720, 3611, 1829]
[V3A-FEAS] route_len=8 skeleton_len=18 fail_i=8
[V3A-FEAS] failed_skeleton_edge=C5->C16
[V3A-FEAS] covering_arc_pos=4 covering_arc_id=2403
[V3A-FEAS] current_full_route_cut_size=8
[V3A-FEAS] prefix_through_failure_size=5 prefix_arc_ids=[0, 3595, 3632, 3542, 2403]
[V3A-FEAS] front_prune_test start_pos=0 candidate_size=5 candidate_ok=False candidate_fail_i=8 candidate_skeleton_len=10 candidate_arc_ids=[0, 3595, 3632, 3542, 2403]
[V3A-FEAS] front_prune_test start_pos=1 candidate_size=4 candidate_ok=False candidate_fail_i=7 candidate_skeleton_len=9 candidate_arc_ids=[3595, 3632, 3542, 2403]
[V3A-FEAS] front_prune_test start_pos=2 candidate_size=3 candidate_ok=True candidate_fail_i=None candidate_skeleton_len=7 candidate_arc_ids=[3632, 3542, 2403]
[V3A-FEAS] front_prune_test start_pos=3 candidate_size=2 candidate_ok=True candidate_fail_i=None candidate_skeleton_len=5 candidate_arc_ids=[3542, 2403]
[V3A-FEAS] front_prune_test start_pos=4 candidate_size=1 candidate_ok=True candidate_fail_i=None candidate_skeleton_len=3 candidate_arc_ids=[2403]
[V3A-FEAS] smallest_observed_front_pruned_bad_size=4
[V3A-FEAS] smallest_observed_front_pruned_bad_arc_ids=[3595, 3632, 3542, 2403]
[V3A-FEAS] diagnostic only: active lazy cut remains unchanged in v3a
[V3A-FEAS] front_prune_tests_run=5
[V3A-FEAS] infeasible route detected
[V3A-FEAS] route_arc_ids=[0, 3595, 3632, 3542, 2403, 2443, 153]
[V3A-FEAS] route_len=7 skeleton_len=18 fail_i=8
[V3A-FEAS] failed_skeleton_edge=C5->C16
[V3A-FEAS] covering_arc_pos=4 covering_arc_id=2403
[V3A-FEAS] current_full_route_cut_size=7
[V3A-FEAS] prefix_through_failure_size=5 prefix_arc_ids=[0, 3595, 3632, 3542, 2403]
[V3A-FEAS] front_prune_test start_pos=0 candidate_size=5 candidate_ok=False candidate_fail_i=8 candidate_skeleton_len=10 candidate_arc_ids=[0, 3595, 3632, 3542, 2403]
[V3A-FEAS] front_prune_test start_pos=1 candidate_size=4 candidate_ok=False candidate_fail_i=7 candidate_skeleton_len=9 candidate_arc_ids=[3595, 3632, 3542, 2403]
[V3A-FEAS] front_prune_test start_pos=2 candidate_size=3 candidate_ok=True candidate_fail_i=None candidate_skeleton_len=7 candidate_arc_ids=[3632, 3542, 2403]
[V3A-FEAS] front_prune_test start_pos=3 candidate_size=2 candidate_ok=True candidate_fail_i=None candidate_skeleton_len=5 candidate_arc_ids=[3542, 2403]
[V3A-FEAS] front_prune_test start_pos=4 candidate_size=1 candidate_ok=True candidate_fail_i=None candidate_skeleton_len=3 candidate_arc_ids=[2403]
[V3A-FEAS] smallest_observed_front_pruned_bad_size=4
[V3A-FEAS] smallest_observed_front_pruned_bad_arc_ids=[3595, 3632, 3542, 2403]
[V3A-FEAS] diagnostic only: active lazy cut remains unchanged in v3a
[V3A-FEAS] front_prune_tests_run=5
[V3A-FEAS] infeasible route detected
[V3A-FEAS] route_arc_ids=[0, 3595, 3632, 3543, 2397, 2576, 2458, 1911]
[V3A-FEAS] route_len=8 skeleton_len=18 fail_i=9
[V3A-FEAS] failed_skeleton_edge=C10->C16
[V3A-FEAS] covering_arc_pos=5 covering_arc_id=2576
[V3A-FEAS] current_full_route_cut_size=8
[V3A-FEAS] prefix_through_failure_size=6 prefix_arc_ids=[0, 3595, 3632, 3543, 2397, 2576]
[V3A-FEAS] front_prune_test start_pos=0 candidate_size=6 candidate_ok=False candidate_fail_i=9 candidate_skeleton_len=13 candidate_arc_ids=[0, 3595, 3632, 3543, 2397, 2576]
[V3A-FEAS] front_prune_test start_pos=1 candidate_size=5 candidate_ok=False candidate_fail_i=8 candidate_skeleton_len=12 candidate_arc_ids=[3595, 3632, 3543, 2397, 2576]
[V3A-FEAS] front_prune_test start_pos=2 candidate_size=4 candidate_ok=True candidate_fail_i=None candidate_skeleton_len=10 candidate_arc_ids=[3632, 3543, 2397, 2576]
[V3A-FEAS] front_prune_test start_pos=3 candidate_size=3 candidate_ok=True candidate_fail_i=None candidate_skeleton_len=8 candidate_arc_ids=[3543, 2397, 2576]
[V3A-FEAS] front_prune_test start_pos=4 candidate_size=2 candidate_ok=True candidate_fail_i=None candidate_skeleton_len=6 candidate_arc_ids=[2397, 2576]
[V3A-FEAS] front_prune_test start_pos=5 candidate_size=1 candidate_ok=True candidate_fail_i=None candidate_skeleton_len=4 candidate_arc_ids=[2576]
[V3A-FEAS] smallest_observed_front_pruned_bad_size=5
[V3A-FEAS] smallest_observed_front_pruned_bad_arc_ids=[3595, 3632, 3543, 2397, 2576]
[V3A-FEAS] diagnostic only: active lazy cut remains unchanged in v3a
[V3A-FEAS] front_prune_tests_run=6
[V3A-FEAS] infeasible route detected
[V3A-FEAS] route_arc_ids=[0, 3595, 3632, 3543, 2397, 2576, 2459, 1910]
[V3A-FEAS] route_len=8 skeleton_len=18 fail_i=9
[V3A-FEAS] failed_skeleton_edge=C10->C16
[V3A-FEAS] covering_arc_pos=5 covering_arc_id=2576
[V3A-FEAS] current_full_route_cut_size=8
[V3A-FEAS] prefix_through_failure_size=6 prefix_arc_ids=[0, 3595, 3632, 3543, 2397, 2576]
[V3A-FEAS] front_prune_test start_pos=0 candidate_size=6 candidate_ok=False candidate_fail_i=9 candidate_skeleton_len=13 candidate_arc_ids=[0, 3595, 3632, 3543, 2397, 2576]
[V3A-FEAS] front_prune_test start_pos=1 candidate_size=5 candidate_ok=False candidate_fail_i=8 candidate_skeleton_len=12 candidate_arc_ids=[3595, 3632, 3543, 2397, 2576]
[V3A-FEAS] front_prune_test start_pos=2 candidate_size=4 candidate_ok=True candidate_fail_i=None candidate_skeleton_len=10 candidate_arc_ids=[3632, 3543, 2397, 2576]
[V3A-FEAS] front_prune_test start_pos=3 candidate_size=3 candidate_ok=True candidate_fail_i=None candidate_skeleton_len=8 candidate_arc_ids=[3543, 2397, 2576]
[V3A-FEAS] front_prune_test start_pos=4 candidate_size=2 candidate_ok=True candidate_fail_i=None candidate_skeleton_len=6 candidate_arc_ids=[2397, 2576]
[V3A-FEAS] front_prune_test start_pos=5 candidate_size=1 candidate_ok=True candidate_fail_i=None candidate_skeleton_len=4 candidate_arc_ids=[2576]
[V3A-FEAS] smallest_observed_front_pruned_bad_size=5
[V3A-FEAS] smallest_observed_front_pruned_bad_arc_ids=[3595, 3632, 3543, 2397, 2576]
[V3A-FEAS] diagnostic only: active lazy cut remains unchanged in v3a
[V3A-FEAS] front_prune_tests_run=6
[V3A-FEAS] infeasible route detected
[V3A-FEAS] route_arc_ids=[0, 3595, 3632, 3542, 2403, 2443, 154]
[V3A-FEAS] route_len=7 skeleton_len=18 fail_i=8
[V3A-FEAS] failed_skeleton_edge=C5->C16
[V3A-FEAS] covering_arc_pos=4 covering_arc_id=2403
[V3A-FEAS] current_full_route_cut_size=7
[V3A-FEAS] prefix_through_failure_size=5 prefix_arc_ids=[0, 3595, 3632, 3542, 2403]
[V3A-FEAS] front_prune_test start_pos=0 candidate_size=5 candidate_ok=False candidate_fail_i=8 candidate_skeleton_len=10 candidate_arc_ids=[0, 3595, 3632, 3542, 2403]
[V3A-FEAS] front_prune_test start_pos=1 candidate_size=4 candidate_ok=False candidate_fail_i=7 candidate_skeleton_len=9 candidate_arc_ids=[3595, 3632, 3542, 2403]
[V3A-FEAS] front_prune_test start_pos=2 candidate_size=3 candidate_ok=True candidate_fail_i=None candidate_skeleton_len=7 candidate_arc_ids=[3632, 3542, 2403]
[V3A-FEAS] front_prune_test start_pos=3 candidate_size=2 candidate_ok=True candidate_fail_i=None candidate_skeleton_len=5 candidate_arc_ids=[3542, 2403]
[V3A-FEAS] front_prune_test start_pos=4 candidate_size=1 candidate_ok=True candidate_fail_i=None candidate_skeleton_len=3 candidate_arc_ids=[2403]
[V3A-FEAS] smallest_observed_front_pruned_bad_size=4
[V3A-FEAS] smallest_observed_front_pruned_bad_arc_ids=[3595, 3632, 3542, 2403]
[V3A-FEAS] diagnostic only: active lazy cut remains unchanged in v3a
[V3A-FEAS] front_prune_tests_run=5
[V3A-FEAS] infeasible route detected
[V3A-FEAS] route_arc_ids=[0, 3595, 3632, 3543, 2397, 2576, 2458, 1910]
[V3A-FEAS] route_len=8 skeleton_len=18 fail_i=9
[V3A-FEAS] failed_skeleton_edge=C10->C16
[V3A-FEAS] covering_arc_pos=5 covering_arc_id=2576
[V3A-FEAS] current_full_route_cut_size=8
[V3A-FEAS] prefix_through_failure_size=6 prefix_arc_ids=[0, 3595, 3632, 3543, 2397, 2576]
[V3A-FEAS] front_prune_test start_pos=0 candidate_size=6 candidate_ok=False candidate_fail_i=9 candidate_skeleton_len=13 candidate_arc_ids=[0, 3595, 3632, 3543, 2397, 2576]
[V3A-FEAS] front_prune_test start_pos=1 candidate_size=5 candidate_ok=False candidate_fail_i=8 candidate_skeleton_len=12 candidate_arc_ids=[3595, 3632, 3543, 2397, 2576]
[V3A-FEAS] front_prune_test start_pos=2 candidate_size=4 candidate_ok=True candidate_fail_i=None candidate_skeleton_len=10 candidate_arc_ids=[3632, 3543, 2397, 2576]
[V3A-FEAS] front_prune_test start_pos=3 candidate_size=3 candidate_ok=True candidate_fail_i=None candidate_skeleton_len=8 candidate_arc_ids=[3543, 2397, 2576]
[V3A-FEAS] front_prune_test start_pos=4 candidate_size=2 candidate_ok=True candidate_fail_i=None candidate_skeleton_len=6 candidate_arc_ids=[2397, 2576]
[V3A-FEAS] front_prune_test start_pos=5 candidate_size=1 candidate_ok=True candidate_fail_i=None candidate_skeleton_len=4 candidate_arc_ids=[2576]
[V3A-FEAS] smallest_observed_front_pruned_bad_size=5
[V3A-FEAS] smallest_observed_front_pruned_bad_arc_ids=[3595, 3632, 3543, 2397, 2576]
[V3A-FEAS] diagnostic only: active lazy cut remains unchanged in v3a
[V3A-FEAS] front_prune_tests_run=6
[V3A-FEAS] infeasible route detected
[V3A-FEAS] route_arc_ids=[0, 3595, 3632, 3542, 2403, 2444, 153]
[V3A-FEAS] route_len=7 skeleton_len=18 fail_i=8
[V3A-FEAS] failed_skeleton_edge=C5->C16
[V3A-FEAS] covering_arc_pos=4 covering_arc_id=2403
[V3A-FEAS] current_full_route_cut_size=7
[V3A-FEAS] prefix_through_failure_size=5 prefix_arc_ids=[0, 3595, 3632, 3542, 2403]
[V3A-FEAS] front_prune_test start_pos=0 candidate_size=5 candidate_ok=False candidate_fail_i=8 candidate_skeleton_len=10 candidate_arc_ids=[0, 3595, 3632, 3542, 2403]
[V3A-FEAS] front_prune_test start_pos=1 candidate_size=4 candidate_ok=False candidate_fail_i=7 candidate_skeleton_len=9 candidate_arc_ids=[3595, 3632, 3542, 2403]
[V3A-FEAS] front_prune_test start_pos=2 candidate_size=3 candidate_ok=True candidate_fail_i=None candidate_skeleton_len=7 candidate_arc_ids=[3632, 3542, 2403]
[V3A-FEAS] front_prune_test start_pos=3 candidate_size=2 candidate_ok=True candidate_fail_i=None candidate_skeleton_len=5 candidate_arc_ids=[3542, 2403]
[V3A-FEAS] front_prune_test start_pos=4 candidate_size=1 candidate_ok=True candidate_fail_i=None candidate_skeleton_len=3 candidate_arc_ids=[2403]
[V3A-FEAS] smallest_observed_front_pruned_bad_size=4
[V3A-FEAS] smallest_observed_front_pruned_bad_arc_ids=[3595, 3632, 3542, 2403]
[V3A-FEAS] diagnostic only: active lazy cut remains unchanged in v3a
[V3A-FEAS] front_prune_tests_run=5
[V3A-FEAS] infeasible route detected
[V3A-FEAS] route_arc_ids=[0, 3595, 3632, 3543, 2397, 3085, 3613, 3584, 1715]
[V3A-FEAS] route_len=9 skeleton_len=18 fail_i=14
[V3A-FEAS] failed_skeleton_edge=C9->C16
[V3A-FEAS] covering_arc_pos=7 covering_arc_id=3584
[V3A-FEAS] current_full_route_cut_size=9
[V3A-FEAS] prefix_through_failure_size=8 prefix_arc_ids=[0, 3595, 3632, 3543, 2397, 3085, 3613, 3584]
[V3A-FEAS] front_prune_test start_pos=0 candidate_size=8 candidate_ok=False candidate_fail_i=14 candidate_skeleton_len=16 candidate_arc_ids=[0, 3595, 3632, 3543, 2397, 3085, 3613, 3584]
[V3A-FEAS] front_prune_test start_pos=1 candidate_size=7 candidate_ok=False candidate_fail_i=13 candidate_skeleton_len=15 candidate_arc_ids=[3595, 3632, 3543, 2397, 3085, 3613, 3584]
[V3A-FEAS] front_prune_test start_pos=2 candidate_size=6 candidate_ok=False candidate_fail_i=11 candidate_skeleton_len=13 candidate_arc_ids=[3632, 3543, 2397, 3085, 3613, 3584]
[V3A-FEAS] front_prune_test start_pos=3 candidate_size=5 candidate_ok=False candidate_fail_i=9 candidate_skeleton_len=11 candidate_arc_ids=[3543, 2397, 3085, 3613, 3584]
[V3A-FEAS] front_prune_test start_pos=4 candidate_size=4 candidate_ok=False candidate_fail_i=7 candidate_skeleton_len=9 candidate_arc_ids=[2397, 3085, 3613, 3584]
[V3A-FEAS] front_prune_test start_pos=5 candidate_size=3 candidate_ok=False candidate_fail_i=5 candidate_skeleton_len=7 candidate_arc_ids=[3085, 3613, 3584]
[V3A-FEAS] front_prune_test start_pos=6 candidate_size=2 candidate_ok=False candidate_fail_i=3 candidate_skeleton_len=5 candidate_arc_ids=[3613, 3584]
[V3A-FEAS] front_prune_test start_pos=7 candidate_size=1 candidate_ok=True candidate_fail_i=None candidate_skeleton_len=3 candidate_arc_ids=[3584]
[V3A-FEAS] smallest_observed_front_pruned_bad_size=2
[V3A-FEAS] smallest_observed_front_pruned_bad_arc_ids=[3613, 3584]
[V3A-FEAS] diagnostic only: active lazy cut remains unchanged in v3a
[V3A-FEAS] front_prune_tests_run=8
[V3A-FEAS] infeasible route detected
[V3A-FEAS] route_arc_ids=[0, 3595, 3632, 3542, 2397, 3093, 1720, 3611, 3570]
[V3A-FEAS] route_len=9 skeleton_len=18 fail_i=10
[V3A-FEAS] failed_skeleton_edge=C12->C16
[V3A-FEAS] covering_arc_pos=5 covering_arc_id=3093
[V3A-FEAS] current_full_route_cut_size=9
[V3A-FEAS] prefix_through_failure_size=6 prefix_arc_ids=[0, 3595, 3632, 3542, 2397, 3093]
[V3A-FEAS] front_prune_test start_pos=0 candidate_size=6 candidate_ok=False candidate_fail_i=10 candidate_skeleton_len=12 candidate_arc_ids=[0, 3595, 3632, 3542, 2397, 3093]
[V3A-FEAS] front_prune_test start_pos=1 candidate_size=5 candidate_ok=False candidate_fail_i=9 candidate_skeleton_len=11 candidate_arc_ids=[3595, 3632, 3542, 2397, 3093]
[V3A-FEAS] front_prune_test start_pos=2 candidate_size=4 candidate_ok=True candidate_fail_i=None candidate_skeleton_len=9 candidate_arc_ids=[3632, 3542, 2397, 3093]
[V3A-FEAS] front_prune_test start_pos=3 candidate_size=3 candidate_ok=True candidate_fail_i=None candidate_skeleton_len=7 candidate_arc_ids=[3542, 2397, 3093]
[V3A-FEAS] front_prune_test start_pos=4 candidate_size=2 candidate_ok=True candidate_fail_i=None candidate_skeleton_len=5 candidate_arc_ids=[2397, 3093]
[V3A-FEAS] front_prune_test start_pos=5 candidate_size=1 candidate_ok=True candidate_fail_i=None candidate_skeleton_len=3 candidate_arc_ids=[3093]
[V3A-FEAS] smallest_observed_front_pruned_bad_size=5
[V3A-FEAS] smallest_observed_front_pruned_bad_arc_ids=[3595, 3632, 3542, 2397, 3093]
[V3A-FEAS] diagnostic only: active lazy cut remains unchanged in v3a
[V3A-FEAS] front_prune_tests_run=6
[V3A-FEAS] infeasible route detected
[V3A-FEAS] route_arc_ids=[0, 3595, 3632, 3543, 2397, 3084, 2251, 3570]
[V3A-FEAS] route_len=8 skeleton_len=18 fail_i=11
[V3A-FEAS] failed_skeleton_edge=C11->C16
[V3A-FEAS] covering_arc_pos=6 covering_arc_id=2251
[V3A-FEAS] current_full_route_cut_size=8
[V3A-FEAS] prefix_through_failure_size=7 prefix_arc_ids=[0, 3595, 3632, 3543, 2397, 3084, 2251]
[V3A-FEAS] front_prune_test start_pos=0 candidate_size=7 candidate_ok=False candidate_fail_i=11 candidate_skeleton_len=16 candidate_arc_ids=[0, 3595, 3632, 3543, 2397, 3084, 2251]
[V3A-FEAS] front_prune_test start_pos=1 candidate_size=6 candidate_ok=False candidate_fail_i=10 candidate_skeleton_len=15 candidate_arc_ids=[3595, 3632, 3543, 2397, 3084, 2251]
[V3A-FEAS] front_prune_test start_pos=2 candidate_size=5 candidate_ok=True candidate_fail_i=None candidate_skeleton_len=13 candidate_arc_ids=[3632, 3543, 2397, 3084, 2251]
[V3A-FEAS] front_prune_test start_pos=3 candidate_size=4 candidate_ok=True candidate_fail_i=None candidate_skeleton_len=11 candidate_arc_ids=[3543, 2397, 3084, 2251]
[V3A-FEAS] front_prune_test start_pos=4 candidate_size=3 candidate_ok=True candidate_fail_i=None candidate_skeleton_len=9 candidate_arc_ids=[2397, 3084, 2251]
[V3A-FEAS] front_prune_test start_pos=5 candidate_size=2 candidate_ok=True candidate_fail_i=None candidate_skeleton_len=7 candidate_arc_ids=[3084, 2251]
[V3A-FEAS] front_prune_test start_pos=6 candidate_size=1 candidate_ok=True candidate_fail_i=None candidate_skeleton_len=5 candidate_arc_ids=[2251]
[V3A-FEAS] smallest_observed_front_pruned_bad_size=6
[V3A-FEAS] smallest_observed_front_pruned_bad_arc_ids=[3595, 3632, 3543, 2397, 3084, 2251]
[V3A-FEAS] diagnostic only: active lazy cut remains unchanged in v3a
[V3A-FEAS] front_prune_tests_run=7
[V3A-FEAS] infeasible route detected
[V3A-FEAS] route_arc_ids=[0, 3595, 3632, 3543, 2397, 2577, 2004, 3570]
[V3A-FEAS] route_len=8 skeleton_len=18 fail_i=9
[V3A-FEAS] failed_skeleton_edge=C10->C16
[V3A-FEAS] covering_arc_pos=5 covering_arc_id=2577
[V3A-FEAS] current_full_route_cut_size=8
[V3A-FEAS] prefix_through_failure_size=6 prefix_arc_ids=[0, 3595, 3632, 3543, 2397, 2577]
[V3A-FEAS] front_prune_test start_pos=0 candidate_size=6 candidate_ok=False candidate_fail_i=9 candidate_skeleton_len=13 candidate_arc_ids=[0, 3595, 3632, 3543, 2397, 2577]
[V3A-FEAS] front_prune_test start_pos=1 candidate_size=5 candidate_ok=False candidate_fail_i=8 candidate_skeleton_len=12 candidate_arc_ids=[3595, 3632, 3543, 2397, 2577]
[V3A-FEAS] front_prune_test start_pos=2 candidate_size=4 candidate_ok=True candidate_fail_i=None candidate_skeleton_len=10 candidate_arc_ids=[3632, 3543, 2397, 2577]
[V3A-FEAS] front_prune_test start_pos=3 candidate_size=3 candidate_ok=True candidate_fail_i=None candidate_skeleton_len=8 candidate_arc_ids=[3543, 2397, 2577]
[V3A-FEAS] front_prune_test start_pos=4 candidate_size=2 candidate_ok=True candidate_fail_i=None candidate_skeleton_len=6 candidate_arc_ids=[2397, 2577]
[V3A-FEAS] front_prune_test start_pos=5 candidate_size=1 candidate_ok=True candidate_fail_i=None candidate_skeleton_len=4 candidate_arc_ids=[2577]
[V3A-FEAS] smallest_observed_front_pruned_bad_size=5
[V3A-FEAS] smallest_observed_front_pruned_bad_arc_ids=[3595, 3632, 3543, 2397, 2577]
[V3A-FEAS] diagnostic only: active lazy cut remains unchanged in v3a
[V3A-FEAS] front_prune_tests_run=6
[V3A-FEAS] infeasible route detected
[V3A-FEAS] route_arc_ids=[0, 3595, 3632, 3542, 2403, 2444, 154]
[V3A-FEAS] route_len=7 skeleton_len=18 fail_i=8
[V3A-FEAS] failed_skeleton_edge=C5->C16
[V3A-FEAS] covering_arc_pos=4 covering_arc_id=2403
[V3A-FEAS] current_full_route_cut_size=7
[V3A-FEAS] prefix_through_failure_size=5 prefix_arc_ids=[0, 3595, 3632, 3542, 2403]
[V3A-FEAS] front_prune_test start_pos=0 candidate_size=5 candidate_ok=False candidate_fail_i=8 candidate_skeleton_len=10 candidate_arc_ids=[0, 3595, 3632, 3542, 2403]
[V3A-FEAS] front_prune_test start_pos=1 candidate_size=4 candidate_ok=False candidate_fail_i=7 candidate_skeleton_len=9 candidate_arc_ids=[3595, 3632, 3542, 2403]
[V3A-FEAS] front_prune_test start_pos=2 candidate_size=3 candidate_ok=True candidate_fail_i=None candidate_skeleton_len=7 candidate_arc_ids=[3632, 3542, 2403]
[V3A-FEAS] front_prune_test start_pos=3 candidate_size=2 candidate_ok=True candidate_fail_i=None candidate_skeleton_len=5 candidate_arc_ids=[3542, 2403]
[V3A-FEAS] front_prune_test start_pos=4 candidate_size=1 candidate_ok=True candidate_fail_i=None candidate_skeleton_len=3 candidate_arc_ids=[2403]
[V3A-FEAS] smallest_observed_front_pruned_bad_size=4
[V3A-FEAS] smallest_observed_front_pruned_bad_arc_ids=[3595, 3632, 3542, 2403]
[V3A-FEAS] diagnostic only: active lazy cut remains unchanged in v3a
[V3A-FEAS] front_prune_tests_run=5
[V3A-FEAS] infeasible route detected
[V3A-FEAS] route_arc_ids=[6, 3542, 2391, 3595, 3630, 3123, 150]
[V3A-FEAS] route_len=7 skeleton_len=18 fail_i=9
[V3A-FEAS] failed_skeleton_edge=C11->C16
[V3A-FEAS] covering_arc_pos=5 covering_arc_id=3123
[V3A-FEAS] current_full_route_cut_size=7
[V3A-FEAS] prefix_through_failure_size=6 prefix_arc_ids=[6, 3542, 2391, 3595, 3630, 3123]
[V3A-FEAS] front_prune_test start_pos=0 candidate_size=6 candidate_ok=False candidate_fail_i=9 candidate_skeleton_len=13 candidate_arc_ids=[6, 3542, 2391, 3595, 3630, 3123]
[V3A-FEAS] front_prune_test start_pos=1 candidate_size=5 candidate_ok=False candidate_fail_i=8 candidate_skeleton_len=12 candidate_arc_ids=[3542, 2391, 3595, 3630, 3123]
[V3A-FEAS] front_prune_test start_pos=2 candidate_size=4 candidate_ok=False candidate_fail_i=6 candidate_skeleton_len=10 candidate_arc_ids=[2391, 3595, 3630, 3123]
[V3A-FEAS] front_prune_test start_pos=3 candidate_size=3 candidate_ok=False candidate_fail_i=4 candidate_skeleton_len=8 candidate_arc_ids=[3595, 3630, 3123]
[V3A-FEAS] front_prune_test start_pos=4 candidate_size=2 candidate_ok=True candidate_fail_i=None candidate_skeleton_len=6 candidate_arc_ids=[3630, 3123]
[V3A-FEAS] front_prune_test start_pos=5 candidate_size=1 candidate_ok=True candidate_fail_i=None candidate_skeleton_len=4 candidate_arc_ids=[3123]
[V3A-FEAS] smallest_observed_front_pruned_bad_size=3
[V3A-FEAS] smallest_observed_front_pruned_bad_arc_ids=[3595, 3630, 3123]
[V3A-FEAS] diagnostic only: active lazy cut remains unchanged in v3a
[V3A-FEAS] front_prune_tests_run=6
[V3A-FEAS] infeasible route detected
[V3A-FEAS] route_arc_ids=[6, 3542, 2391, 3595, 3630, 2251, 1828]
[V3A-FEAS] route_len=7 skeleton_len=18 fail_i=9
[V3A-FEAS] failed_skeleton_edge=C11->C16
[V3A-FEAS] covering_arc_pos=5 covering_arc_id=2251
[V3A-FEAS] current_full_route_cut_size=7
[V3A-FEAS] prefix_through_failure_size=6 prefix_arc_ids=[6, 3542, 2391, 3595, 3630, 2251]
[V3A-FEAS] front_prune_test start_pos=0 candidate_size=6 candidate_ok=False candidate_fail_i=9 candidate_skeleton_len=14 candidate_arc_ids=[6, 3542, 2391, 3595, 3630, 2251]
[V3A-FEAS] front_prune_test start_pos=1 candidate_size=5 candidate_ok=False candidate_fail_i=8 candidate_skeleton_len=13 candidate_arc_ids=[3542, 2391, 3595, 3630, 2251]
[V3A-FEAS] front_prune_test start_pos=2 candidate_size=4 candidate_ok=False candidate_fail_i=6 candidate_skeleton_len=11 candidate_arc_ids=[2391, 3595, 3630, 2251]
[V3A-FEAS] front_prune_test start_pos=3 candidate_size=3 candidate_ok=False candidate_fail_i=4 candidate_skeleton_len=9 candidate_arc_ids=[3595, 3630, 2251]
[V3A-FEAS] front_prune_test start_pos=4 candidate_size=2 candidate_ok=True candidate_fail_i=None candidate_skeleton_len=7 candidate_arc_ids=[3630, 2251]
[V3A-FEAS] front_prune_test start_pos=5 candidate_size=1 candidate_ok=True candidate_fail_i=None candidate_skeleton_len=5 candidate_arc_ids=[2251]
[V3A-FEAS] smallest_observed_front_pruned_bad_size=3
[V3A-FEAS] smallest_observed_front_pruned_bad_arc_ids=[3595, 3630, 2251]
[V3A-FEAS] diagnostic only: active lazy cut remains unchanged in v3a
[V3A-FEAS] front_prune_tests_run=6
[V3A-FEAS] infeasible route detected
[V3A-FEAS] route_arc_ids=[0, 3595, 3632, 3543, 2397, 2577, 2003, 3570]
[V3A-FEAS] route_len=8 skeleton_len=18 fail_i=9
[V3A-FEAS] failed_skeleton_edge=C10->C16
[V3A-FEAS] covering_arc_pos=5 covering_arc_id=2577
[V3A-FEAS] current_full_route_cut_size=8
[V3A-FEAS] prefix_through_failure_size=6 prefix_arc_ids=[0, 3595, 3632, 3543, 2397, 2577]
[V3A-FEAS] front_prune_test start_pos=0 candidate_size=6 candidate_ok=False candidate_fail_i=9 candidate_skeleton_len=13 candidate_arc_ids=[0, 3595, 3632, 3543, 2397, 2577]
[V3A-FEAS] front_prune_test start_pos=1 candidate_size=5 candidate_ok=False candidate_fail_i=8 candidate_skeleton_len=12 candidate_arc_ids=[3595, 3632, 3543, 2397, 2577]
[V3A-FEAS] front_prune_test start_pos=2 candidate_size=4 candidate_ok=True candidate_fail_i=None candidate_skeleton_len=10 candidate_arc_ids=[3632, 3543, 2397, 2577]
[V3A-FEAS] front_prune_test start_pos=3 candidate_size=3 candidate_ok=True candidate_fail_i=None candidate_skeleton_len=8 candidate_arc_ids=[3543, 2397, 2577]
[V3A-FEAS] front_prune_test start_pos=4 candidate_size=2 candidate_ok=True candidate_fail_i=None candidate_skeleton_len=6 candidate_arc_ids=[2397, 2577]
[V3A-FEAS] front_prune_test start_pos=5 candidate_size=1 candidate_ok=True candidate_fail_i=None candidate_skeleton_len=4 candidate_arc_ids=[2577]
[V3A-FEAS] smallest_observed_front_pruned_bad_size=5
[V3A-FEAS] smallest_observed_front_pruned_bad_arc_ids=[3595, 3632, 3543, 2397, 2577]
[V3A-FEAS] diagnostic only: active lazy cut remains unchanged in v3a
[V3A-FEAS] front_prune_tests_run=6
[V3A-FEAS] infeasible route detected
[V3A-FEAS] route_arc_ids=[0, 3595, 3632, 3542, 2397, 3094, 1720, 3611, 3571]
[V3A-FEAS] route_len=9 skeleton_len=18 fail_i=10
[V3A-FEAS] failed_skeleton_edge=C12->C16
[V3A-FEAS] covering_arc_pos=5 covering_arc_id=3094
[V3A-FEAS] current_full_route_cut_size=9
[V3A-FEAS] prefix_through_failure_size=6 prefix_arc_ids=[0, 3595, 3632, 3542, 2397, 3094]
[V3A-FEAS] front_prune_test start_pos=0 candidate_size=6 candidate_ok=False candidate_fail_i=10 candidate_skeleton_len=12 candidate_arc_ids=[0, 3595, 3632, 3542, 2397, 3094]
[V3A-FEAS] front_prune_test start_pos=1 candidate_size=5 candidate_ok=False candidate_fail_i=9 candidate_skeleton_len=11 candidate_arc_ids=[3595, 3632, 3542, 2397, 3094]
[V3A-FEAS] front_prune_test start_pos=2 candidate_size=4 candidate_ok=True candidate_fail_i=None candidate_skeleton_len=9 candidate_arc_ids=[3632, 3542, 2397, 3094]
[V3A-FEAS] front_prune_test start_pos=3 candidate_size=3 candidate_ok=True candidate_fail_i=None candidate_skeleton_len=7 candidate_arc_ids=[3542, 2397, 3094]
[V3A-FEAS] front_prune_test start_pos=4 candidate_size=2 candidate_ok=True candidate_fail_i=None candidate_skeleton_len=5 candidate_arc_ids=[2397, 3094]
[V3A-FEAS] front_prune_test start_pos=5 candidate_size=1 candidate_ok=True candidate_fail_i=None candidate_skeleton_len=3 candidate_arc_ids=[3094]
[V3A-FEAS] smallest_observed_front_pruned_bad_size=5
[V3A-FEAS] smallest_observed_front_pruned_bad_arc_ids=[3595, 3632, 3542, 2397, 3094]
[V3A-FEAS] diagnostic only: active lazy cut remains unchanged in v3a
[V3A-FEAS] front_prune_tests_run=6
[V3A-FEAS] infeasible route detected
[V3A-FEAS] route_arc_ids=[0, 3595, 3632, 3542, 2399, 3124, 149]
[V3A-FEAS] route_len=7 skeleton_len=18 fail_i=9
[V3A-FEAS] failed_skeleton_edge=C11->C16
[V3A-FEAS] covering_arc_pos=5 covering_arc_id=3124
[V3A-FEAS] current_full_route_cut_size=7
[V3A-FEAS] prefix_through_failure_size=6 prefix_arc_ids=[0, 3595, 3632, 3542, 2399, 3124]
[V3A-FEAS] front_prune_test start_pos=0 candidate_size=6 candidate_ok=False candidate_fail_i=9 candidate_skeleton_len=13 candidate_arc_ids=[0, 3595, 3632, 3542, 2399, 3124]
[V3A-FEAS] front_prune_test start_pos=1 candidate_size=5 candidate_ok=False candidate_fail_i=8 candidate_skeleton_len=12 candidate_arc_ids=[3595, 3632, 3542, 2399, 3124]
[V3A-FEAS] front_prune_test start_pos=2 candidate_size=4 candidate_ok=True candidate_fail_i=None candidate_skeleton_len=10 candidate_arc_ids=[3632, 3542, 2399, 3124]
[V3A-FEAS] front_prune_test start_pos=3 candidate_size=3 candidate_ok=True candidate_fail_i=None candidate_skeleton_len=8 candidate_arc_ids=[3542, 2399, 3124]
[V3A-FEAS] front_prune_test start_pos=4 candidate_size=2 candidate_ok=True candidate_fail_i=None candidate_skeleton_len=6 candidate_arc_ids=[2399, 3124]
[V3A-FEAS] front_prune_test start_pos=5 candidate_size=1 candidate_ok=True candidate_fail_i=None candidate_skeleton_len=4 candidate_arc_ids=[3124]
[V3A-FEAS] smallest_observed_front_pruned_bad_size=5
[V3A-FEAS] smallest_observed_front_pruned_bad_arc_ids=[3595, 3632, 3542, 2399, 3124]
[V3A-FEAS] diagnostic only: active lazy cut remains unchanged in v3a
[V3A-FEAS] front_prune_tests_run=6
[V3A-FEAS] infeasible route detected
[V3A-FEAS] route_arc_ids=[6, 3542, 2391, 3595, 3628, 1845, 1693, 3604]
[V3A-FEAS] route_len=8 skeleton_len=18 fail_i=11
[V3A-FEAS] failed_skeleton_edge=C9->C16
[V3A-FEAS] covering_arc_pos=5 covering_arc_id=1845
[V3A-FEAS] current_full_route_cut_size=8
[V3A-FEAS] prefix_through_failure_size=6 prefix_arc_ids=[6, 3542, 2391, 3595, 3628, 1845]
[V3A-FEAS] front_prune_test start_pos=0 candidate_size=6 candidate_ok=False candidate_fail_i=11 candidate_skeleton_len=13 candidate_arc_ids=[6, 3542, 2391, 3595, 3628, 1845]
[V3A-FEAS] front_prune_test start_pos=1 candidate_size=5 candidate_ok=False candidate_fail_i=10 candidate_skeleton_len=12 candidate_arc_ids=[3542, 2391, 3595, 3628, 1845]
[V3A-FEAS] front_prune_test start_pos=2 candidate_size=4 candidate_ok=False candidate_fail_i=8 candidate_skeleton_len=10 candidate_arc_ids=[2391, 3595, 3628, 1845]
[V3A-FEAS] front_prune_test start_pos=3 candidate_size=3 candidate_ok=False candidate_fail_i=6 candidate_skeleton_len=8 candidate_arc_ids=[3595, 3628, 1845]
[V3A-FEAS] front_prune_test start_pos=4 candidate_size=2 candidate_ok=False candidate_fail_i=4 candidate_skeleton_len=6 candidate_arc_ids=[3628, 1845]
[V3A-FEAS] front_prune_test start_pos=5 candidate_size=1 candidate_ok=True candidate_fail_i=None candidate_skeleton_len=4 candidate_arc_ids=[1845]
[V3A-FEAS] smallest_observed_front_pruned_bad_size=2
[V3A-FEAS] smallest_observed_front_pruned_bad_arc_ids=[3628, 1845]
[V3A-FEAS] diagnostic only: active lazy cut remains unchanged in v3a
[V3A-FEAS] front_prune_tests_run=6
[V3A-FEAS] infeasible route detected
[V3A-FEAS] route_arc_ids=[0, 3595, 3632, 3542, 2397, 3086, 3613, 3584, 1715]
[V3A-FEAS] route_len=9 skeleton_len=18 fail_i=14
[V3A-FEAS] failed_skeleton_edge=C9->C16
[V3A-FEAS] covering_arc_pos=7 covering_arc_id=3584
[V3A-FEAS] current_full_route_cut_size=9
[V3A-FEAS] prefix_through_failure_size=8 prefix_arc_ids=[0, 3595, 3632, 3542, 2397, 3086, 3613, 3584]
[V3A-FEAS] front_prune_test start_pos=0 candidate_size=8 candidate_ok=False candidate_fail_i=14 candidate_skeleton_len=16 candidate_arc_ids=[0, 3595, 3632, 3542, 2397, 3086, 3613, 3584]
[V3A-FEAS] front_prune_test start_pos=1 candidate_size=7 candidate_ok=False candidate_fail_i=13 candidate_skeleton_len=15 candidate_arc_ids=[3595, 3632, 3542, 2397, 3086, 3613, 3584]
[V3A-FEAS] front_prune_test start_pos=2 candidate_size=6 candidate_ok=False candidate_fail_i=11 candidate_skeleton_len=13 candidate_arc_ids=[3632, 3542, 2397, 3086, 3613, 3584]
[V3A-FEAS] front_prune_test start_pos=3 candidate_size=5 candidate_ok=False candidate_fail_i=9 candidate_skeleton_len=11 candidate_arc_ids=[3542, 2397, 3086, 3613, 3584]
[V3A-FEAS] front_prune_test start_pos=4 candidate_size=4 candidate_ok=False candidate_fail_i=7 candidate_skeleton_len=9 candidate_arc_ids=[2397, 3086, 3613, 3584]
[V3A-FEAS] front_prune_test start_pos=5 candidate_size=3 candidate_ok=False candidate_fail_i=5 candidate_skeleton_len=7 candidate_arc_ids=[3086, 3613, 3584]
[V3A-FEAS] front_prune_test start_pos=6 candidate_size=2 candidate_ok=False candidate_fail_i=3 candidate_skeleton_len=5 candidate_arc_ids=[3613, 3584]
[V3A-FEAS] front_prune_test start_pos=7 candidate_size=1 candidate_ok=True candidate_fail_i=None candidate_skeleton_len=3 candidate_arc_ids=[3584]
[V3A-FEAS] smallest_observed_front_pruned_bad_size=2
[V3A-FEAS] smallest_observed_front_pruned_bad_arc_ids=[3613, 3584]
[V3A-FEAS] diagnostic only: active lazy cut remains unchanged in v3a
[V3A-FEAS] front_prune_tests_run=8
[V3A-FEAS] infeasible route detected
[V3A-FEAS] route_arc_ids=[4, 3612, 1845, 1698, 3542, 2391, 3595, 3626]
[V3A-FEAS] route_len=8 skeleton_len=18 fail_i=5
[V3A-FEAS] failed_skeleton_edge=C9->C16
[V3A-FEAS] covering_arc_pos=2 covering_arc_id=1845
[V3A-FEAS] current_full_route_cut_size=8
[V3A-FEAS] prefix_through_failure_size=3 prefix_arc_ids=[4, 3612, 1845]
[V3A-FEAS] front_prune_test start_pos=0 candidate_size=3 candidate_ok=False candidate_fail_i=5 candidate_skeleton_len=7 candidate_arc_ids=[4, 3612, 1845]
[V3A-FEAS] front_prune_test start_pos=1 candidate_size=2 candidate_ok=False candidate_fail_i=4 candidate_skeleton_len=6 candidate_arc_ids=[3612, 1845]
[V3A-FEAS] front_prune_test start_pos=2 candidate_size=1 candidate_ok=True candidate_fail_i=None candidate_skeleton_len=4 candidate_arc_ids=[1845]
[V3A-FEAS] smallest_observed_front_pruned_bad_size=2
[V3A-FEAS] smallest_observed_front_pruned_bad_arc_ids=[3612, 1845]
[V3A-FEAS] diagnostic only: active lazy cut remains unchanged in v3a
[V3A-FEAS] front_prune_tests_run=3
[V3A-FEAS] infeasible route detected
[V3A-FEAS] route_arc_ids=[4, 3612, 1845, 1688, 3595, 3632, 3542, 2389]
[V3A-FEAS] route_len=8 skeleton_len=18 fail_i=5
[V3A-FEAS] failed_skeleton_edge=C9->C16
[V3A-FEAS] covering_arc_pos=2 covering_arc_id=1845
[V3A-FEAS] current_full_route_cut_size=8
[V3A-FEAS] prefix_through_failure_size=3 prefix_arc_ids=[4, 3612, 1845]
[V3A-FEAS] front_prune_test start_pos=0 candidate_size=3 candidate_ok=False candidate_fail_i=5 candidate_skeleton_len=7 candidate_arc_ids=[4, 3612, 1845]
[V3A-FEAS] front_prune_test start_pos=1 candidate_size=2 candidate_ok=False candidate_fail_i=4 candidate_skeleton_len=6 candidate_arc_ids=[3612, 1845]
[V3A-FEAS] front_prune_test start_pos=2 candidate_size=1 candidate_ok=True candidate_fail_i=None candidate_skeleton_len=4 candidate_arc_ids=[1845]
[V3A-FEAS] smallest_observed_front_pruned_bad_size=2
[V3A-FEAS] smallest_observed_front_pruned_bad_arc_ids=[3612, 1845]
[V3A-FEAS] diagnostic only: active lazy cut remains unchanged in v3a
[V3A-FEAS] front_prune_tests_run=3
[V3A-FEAS] infeasible route detected
[V3A-FEAS] route_arc_ids=[0, 3595, 3632, 3542, 2399, 2251, 3577, 3072]
[V3A-FEAS] route_len=8 skeleton_len=18 fail_i=9
[V3A-FEAS] failed_skeleton_edge=C11->C16
[V3A-FEAS] covering_arc_pos=5 covering_arc_id=2251
[V3A-FEAS] current_full_route_cut_size=8
[V3A-FEAS] prefix_through_failure_size=6 prefix_arc_ids=[0, 3595, 3632, 3542, 2399, 2251]
[V3A-FEAS] front_prune_test start_pos=0 candidate_size=6 candidate_ok=False candidate_fail_i=9 candidate_skeleton_len=14 candidate_arc_ids=[0, 3595, 3632, 3542, 2399, 2251]
[V3A-FEAS] front_prune_test start_pos=1 candidate_size=5 candidate_ok=False candidate_fail_i=8 candidate_skeleton_len=13 candidate_arc_ids=[3595, 3632, 3542, 2399, 2251]
[V3A-FEAS] front_prune_test start_pos=2 candidate_size=4 candidate_ok=True candidate_fail_i=None candidate_skeleton_len=11 candidate_arc_ids=[3632, 3542, 2399, 2251]
[V3A-FEAS] front_prune_test start_pos=3 candidate_size=3 candidate_ok=True candidate_fail_i=None candidate_skeleton_len=9 candidate_arc_ids=[3542, 2399, 2251]
[V3A-FEAS] front_prune_test start_pos=4 candidate_size=2 candidate_ok=True candidate_fail_i=None candidate_skeleton_len=7 candidate_arc_ids=[2399, 2251]
[V3A-FEAS] front_prune_test start_pos=5 candidate_size=1 candidate_ok=True candidate_fail_i=None candidate_skeleton_len=5 candidate_arc_ids=[2251]
[V3A-FEAS] smallest_observed_front_pruned_bad_size=5
[V3A-FEAS] smallest_observed_front_pruned_bad_arc_ids=[3595, 3632, 3542, 2399, 2251]
[V3A-FEAS] diagnostic only: active lazy cut remains unchanged in v3a
[V3A-FEAS] front_prune_tests_run=6
[V3A-FEAS] infeasible route detected
[V3A-FEAS] route_arc_ids=[6, 3542, 2391, 3595, 3628, 1844, 1693, 3604]
[V3A-FEAS] route_len=8 skeleton_len=18 fail_i=11
[V3A-FEAS] failed_skeleton_edge=C9->C16
[V3A-FEAS] covering_arc_pos=5 covering_arc_id=1844
[V3A-FEAS] current_full_route_cut_size=8
[V3A-FEAS] prefix_through_failure_size=6 prefix_arc_ids=[6, 3542, 2391, 3595, 3628, 1844]
[V3A-FEAS] front_prune_test start_pos=0 candidate_size=6 candidate_ok=False candidate_fail_i=11 candidate_skeleton_len=13 candidate_arc_ids=[6, 3542, 2391, 3595, 3628, 1844]
[V3A-FEAS] front_prune_test start_pos=1 candidate_size=5 candidate_ok=False candidate_fail_i=10 candidate_skeleton_len=12 candidate_arc_ids=[3542, 2391, 3595, 3628, 1844]
[V3A-FEAS] front_prune_test start_pos=2 candidate_size=4 candidate_ok=False candidate_fail_i=8 candidate_skeleton_len=10 candidate_arc_ids=[2391, 3595, 3628, 1844]
[V3A-FEAS] front_prune_test start_pos=3 candidate_size=3 candidate_ok=False candidate_fail_i=6 candidate_skeleton_len=8 candidate_arc_ids=[3595, 3628, 1844]
[V3A-FEAS] front_prune_test start_pos=4 candidate_size=2 candidate_ok=False candidate_fail_i=4 candidate_skeleton_len=6 candidate_arc_ids=[3628, 1844]
[V3A-FEAS] front_prune_test start_pos=5 candidate_size=1 candidate_ok=True candidate_fail_i=None candidate_skeleton_len=4 candidate_arc_ids=[1844]
[V3A-FEAS] smallest_observed_front_pruned_bad_size=2
[V3A-FEAS] smallest_observed_front_pruned_bad_arc_ids=[3628, 1844]
[V3A-FEAS] diagnostic only: active lazy cut remains unchanged in v3a
[V3A-FEAS] front_prune_tests_run=6
[V3A-FEAS] infeasible route detected
[V3A-FEAS] route_arc_ids=[0, 3595, 3632, 3542, 2397, 2578, 2458, 1910]
[V3A-FEAS] route_len=8 skeleton_len=18 fail_i=9
[V3A-FEAS] failed_skeleton_edge=C10->C16
[V3A-FEAS] covering_arc_pos=5 covering_arc_id=2578
[V3A-FEAS] current_full_route_cut_size=8
[V3A-FEAS] prefix_through_failure_size=6 prefix_arc_ids=[0, 3595, 3632, 3542, 2397, 2578]
[V3A-FEAS] front_prune_test start_pos=0 candidate_size=6 candidate_ok=False candidate_fail_i=9 candidate_skeleton_len=13 candidate_arc_ids=[0, 3595, 3632, 3542, 2397, 2578]
[V3A-FEAS] front_prune_test start_pos=1 candidate_size=5 candidate_ok=False candidate_fail_i=8 candidate_skeleton_len=12 candidate_arc_ids=[3595, 3632, 3542, 2397, 2578]
[V3A-FEAS] front_prune_test start_pos=2 candidate_size=4 candidate_ok=True candidate_fail_i=None candidate_skeleton_len=10 candidate_arc_ids=[3632, 3542, 2397, 2578]
[V3A-FEAS] front_prune_test start_pos=3 candidate_size=3 candidate_ok=True candidate_fail_i=None candidate_skeleton_len=8 candidate_arc_ids=[3542, 2397, 2578]
[V3A-FEAS] front_prune_test start_pos=4 candidate_size=2 candidate_ok=True candidate_fail_i=None candidate_skeleton_len=6 candidate_arc_ids=[2397, 2578]
[V3A-FEAS] front_prune_test start_pos=5 candidate_size=1 candidate_ok=True candidate_fail_i=None candidate_skeleton_len=4 candidate_arc_ids=[2578]
[V3A-FEAS] smallest_observed_front_pruned_bad_size=5
[V3A-FEAS] smallest_observed_front_pruned_bad_arc_ids=[3595, 3632, 3542, 2397, 2578]
[V3A-FEAS] diagnostic only: active lazy cut remains unchanged in v3a
[V3A-FEAS] front_prune_tests_run=6
[V3A-FEAS] infeasible route detected
[V3A-FEAS] route_arc_ids=[6, 3542, 2391, 3595, 3633, 1986, 1828]
[V3A-FEAS] route_len=7 skeleton_len=18 fail_i=8
[V3A-FEAS] failed_skeleton_edge=C3->C16
[V3A-FEAS] covering_arc_pos=4 covering_arc_id=3633
[V3A-FEAS] current_full_route_cut_size=7
[V3A-FEAS] prefix_through_failure_size=5 prefix_arc_ids=[6, 3542, 2391, 3595, 3633]
[V3A-FEAS] front_prune_test start_pos=0 candidate_size=5 candidate_ok=False candidate_fail_i=8 candidate_skeleton_len=10 candidate_arc_ids=[6, 3542, 2391, 3595, 3633]
[V3A-FEAS] front_prune_test start_pos=1 candidate_size=4 candidate_ok=False candidate_fail_i=7 candidate_skeleton_len=9 candidate_arc_ids=[3542, 2391, 3595, 3633]
[V3A-FEAS] front_prune_test start_pos=2 candidate_size=3 candidate_ok=False candidate_fail_i=5 candidate_skeleton_len=7 candidate_arc_ids=[2391, 3595, 3633]
[V3A-FEAS] front_prune_test start_pos=3 candidate_size=2 candidate_ok=False candidate_fail_i=3 candidate_skeleton_len=5 candidate_arc_ids=[3595, 3633]
[V3A-FEAS] front_prune_test start_pos=4 candidate_size=1 candidate_ok=True candidate_fail_i=None candidate_skeleton_len=3 candidate_arc_ids=[3633]
[V3A-FEAS] smallest_observed_front_pruned_bad_size=2
[V3A-FEAS] smallest_observed_front_pruned_bad_arc_ids=[3595, 3633]
[V3A-FEAS] diagnostic only: active lazy cut remains unchanged in v3a
[V3A-FEAS] front_prune_tests_run=5
[V3A-FEAS] infeasible route detected
[V3A-FEAS] route_arc_ids=[0, 3595, 3632, 3542, 2397, 3093, 1720, 3613, 3570]
[V3A-FEAS] route_len=9 skeleton_len=18 fail_i=10
[V3A-FEAS] failed_skeleton_edge=C12->C16
[V3A-FEAS] covering_arc_pos=5 covering_arc_id=3093
[V3A-FEAS] current_full_route_cut_size=9
[V3A-FEAS] prefix_through_failure_size=6 prefix_arc_ids=[0, 3595, 3632, 3542, 2397, 3093]
[V3A-FEAS] front_prune_test start_pos=0 candidate_size=6 candidate_ok=False candidate_fail_i=10 candidate_skeleton_len=12 candidate_arc_ids=[0, 3595, 3632, 3542, 2397, 3093]
[V3A-FEAS] front_prune_test start_pos=1 candidate_size=5 candidate_ok=False candidate_fail_i=9 candidate_skeleton_len=11 candidate_arc_ids=[3595, 3632, 3542, 2397, 3093]
[V3A-FEAS] front_prune_test start_pos=2 candidate_size=4 candidate_ok=True candidate_fail_i=None candidate_skeleton_len=9 candidate_arc_ids=[3632, 3542, 2397, 3093]
[V3A-FEAS] front_prune_test start_pos=3 candidate_size=3 candidate_ok=True candidate_fail_i=None candidate_skeleton_len=7 candidate_arc_ids=[3542, 2397, 3093]
[V3A-FEAS] front_prune_test start_pos=4 candidate_size=2 candidate_ok=True candidate_fail_i=None candidate_skeleton_len=5 candidate_arc_ids=[2397, 3093]
[V3A-FEAS] front_prune_test start_pos=5 candidate_size=1 candidate_ok=True candidate_fail_i=None candidate_skeleton_len=3 candidate_arc_ids=[3093]
[V3A-FEAS] smallest_observed_front_pruned_bad_size=5
[V3A-FEAS] smallest_observed_front_pruned_bad_arc_ids=[3595, 3632, 3542, 2397, 3093]
[V3A-FEAS] diagnostic only: active lazy cut remains unchanged in v3a
[V3A-FEAS] front_prune_tests_run=6
[V3A-FEAS] infeasible route detected
[V3A-FEAS] route_arc_ids=[0, 3595, 3632, 3542, 2403, 2444, 2759, 2057]
[V3A-FEAS] route_len=8 skeleton_len=18 fail_i=8
[V3A-FEAS] failed_skeleton_edge=C5->C16
[V3A-FEAS] covering_arc_pos=4 covering_arc_id=2403
[V3A-FEAS] current_full_route_cut_size=8
[V3A-FEAS] prefix_through_failure_size=5 prefix_arc_ids=[0, 3595, 3632, 3542, 2403]
[V3A-FEAS] front_prune_test start_pos=0 candidate_size=5 candidate_ok=False candidate_fail_i=8 candidate_skeleton_len=10 candidate_arc_ids=[0, 3595, 3632, 3542, 2403]
[V3A-FEAS] front_prune_test start_pos=1 candidate_size=4 candidate_ok=False candidate_fail_i=7 candidate_skeleton_len=9 candidate_arc_ids=[3595, 3632, 3542, 2403]
[V3A-FEAS] front_prune_test start_pos=2 candidate_size=3 candidate_ok=True candidate_fail_i=None candidate_skeleton_len=7 candidate_arc_ids=[3632, 3542, 2403]
[V3A-FEAS] front_prune_test start_pos=3 candidate_size=2 candidate_ok=True candidate_fail_i=None candidate_skeleton_len=5 candidate_arc_ids=[3542, 2403]
[V3A-FEAS] front_prune_test start_pos=4 candidate_size=1 candidate_ok=True candidate_fail_i=None candidate_skeleton_len=3 candidate_arc_ids=[2403]
[V3A-FEAS] smallest_observed_front_pruned_bad_size=4
[V3A-FEAS] smallest_observed_front_pruned_bad_arc_ids=[3595, 3632, 3542, 2403]
[V3A-FEAS] diagnostic only: active lazy cut remains unchanged in v3a
[V3A-FEAS] front_prune_tests_run=5
[V3A-FEAS] infeasible route detected
[V3A-FEAS] route_arc_ids=[0, 3595, 3632, 3543, 2397, 1669, 3612, 3570]
[V3A-FEAS] route_len=8 skeleton_len=18 fail_i=9
[V3A-FEAS] failed_skeleton_edge=C10->C16
[V3A-FEAS] covering_arc_pos=5 covering_arc_id=1669
[V3A-FEAS] current_full_route_cut_size=8
[V3A-FEAS] prefix_through_failure_size=6 prefix_arc_ids=[0, 3595, 3632, 3543, 2397, 1669]
[V3A-FEAS] front_prune_test start_pos=0 candidate_size=6 candidate_ok=False candidate_fail_i=9 candidate_skeleton_len=14 candidate_arc_ids=[0, 3595, 3632, 3543, 2397, 1669]
[V3A-FEAS] front_prune_test start_pos=1 candidate_size=5 candidate_ok=False candidate_fail_i=8 candidate_skeleton_len=13 candidate_arc_ids=[3595, 3632, 3543, 2397, 1669]
[V3A-FEAS] front_prune_test start_pos=2 candidate_size=4 candidate_ok=True candidate_fail_i=None candidate_skeleton_len=11 candidate_arc_ids=[3632, 3543, 2397, 1669]
[V3A-FEAS] front_prune_test start_pos=3 candidate_size=3 candidate_ok=True candidate_fail_i=None candidate_skeleton_len=9 candidate_arc_ids=[3543, 2397, 1669]
[V3A-FEAS] front_prune_test start_pos=4 candidate_size=2 candidate_ok=True candidate_fail_i=None candidate_skeleton_len=7 candidate_arc_ids=[2397, 1669]
[V3A-FEAS] front_prune_test start_pos=5 candidate_size=1 candidate_ok=True candidate_fail_i=None candidate_skeleton_len=5 candidate_arc_ids=[1669]
[V3A-FEAS] smallest_observed_front_pruned_bad_size=5
[V3A-FEAS] smallest_observed_front_pruned_bad_arc_ids=[3595, 3632, 3543, 2397, 1669]
[V3A-FEAS] diagnostic only: active lazy cut remains unchanged in v3a
[V3A-FEAS] front_prune_tests_run=6
[V3A-FEAS] infeasible route detected
[V3A-FEAS] route_arc_ids=[0, 3595, 3632, 3543, 2395, 1845, 2592, 1994]
[V3A-FEAS] route_len=8 skeleton_len=18 fail_i=11
[V3A-FEAS] failed_skeleton_edge=C9->C16
[V3A-FEAS] covering_arc_pos=5 covering_arc_id=1845
[V3A-FEAS] current_full_route_cut_size=8
[V3A-FEAS] prefix_through_failure_size=6 prefix_arc_ids=[0, 3595, 3632, 3543, 2395, 1845]
[V3A-FEAS] front_prune_test start_pos=0 candidate_size=6 candidate_ok=False candidate_fail_i=11 candidate_skeleton_len=13 candidate_arc_ids=[0, 3595, 3632, 3543, 2395, 1845]
[V3A-FEAS] front_prune_test start_pos=1 candidate_size=5 candidate_ok=False candidate_fail_i=10 candidate_skeleton_len=12 candidate_arc_ids=[3595, 3632, 3543, 2395, 1845]
[V3A-FEAS] front_prune_test start_pos=2 candidate_size=4 candidate_ok=False candidate_fail_i=8 candidate_skeleton_len=10 candidate_arc_ids=[3632, 3543, 2395, 1845]
[V3A-FEAS] front_prune_test start_pos=3 candidate_size=3 candidate_ok=False candidate_fail_i=6 candidate_skeleton_len=8 candidate_arc_ids=[3543, 2395, 1845]
[V3A-FEAS] front_prune_test start_pos=4 candidate_size=2 candidate_ok=False candidate_fail_i=4 candidate_skeleton_len=6 candidate_arc_ids=[2395, 1845]
[V3A-FEAS] front_prune_test start_pos=5 candidate_size=1 candidate_ok=True candidate_fail_i=None candidate_skeleton_len=4 candidate_arc_ids=[1845]
[V3A-FEAS] smallest_observed_front_pruned_bad_size=2
[V3A-FEAS] smallest_observed_front_pruned_bad_arc_ids=[2395, 1845]
[V3A-FEAS] diagnostic only: active lazy cut remains unchanged in v3a
[V3A-FEAS] front_prune_tests_run=6
[V3A-FEAS] infeasible route detected
[V3A-FEAS] route_arc_ids=[0, 3595, 3632, 3542, 2403, 2444, 2758, 2057]
[V3A-FEAS] route_len=8 skeleton_len=18 fail_i=8
[V3A-FEAS] failed_skeleton_edge=C5->C16
[V3A-FEAS] covering_arc_pos=4 covering_arc_id=2403
[V3A-FEAS] current_full_route_cut_size=8
[V3A-FEAS] prefix_through_failure_size=5 prefix_arc_ids=[0, 3595, 3632, 3542, 2403]
[V3A-FEAS] front_prune_test start_pos=0 candidate_size=5 candidate_ok=False candidate_fail_i=8 candidate_skeleton_len=10 candidate_arc_ids=[0, 3595, 3632, 3542, 2403]
[V3A-FEAS] front_prune_test start_pos=1 candidate_size=4 candidate_ok=False candidate_fail_i=7 candidate_skeleton_len=9 candidate_arc_ids=[3595, 3632, 3542, 2403]
[V3A-FEAS] front_prune_test start_pos=2 candidate_size=3 candidate_ok=True candidate_fail_i=None candidate_skeleton_len=7 candidate_arc_ids=[3632, 3542, 2403]
[V3A-FEAS] front_prune_test start_pos=3 candidate_size=2 candidate_ok=True candidate_fail_i=None candidate_skeleton_len=5 candidate_arc_ids=[3542, 2403]
[V3A-FEAS] front_prune_test start_pos=4 candidate_size=1 candidate_ok=True candidate_fail_i=None candidate_skeleton_len=3 candidate_arc_ids=[2403]
[V3A-FEAS] smallest_observed_front_pruned_bad_size=4
[V3A-FEAS] smallest_observed_front_pruned_bad_arc_ids=[3595, 3632, 3542, 2403]
[V3A-FEAS] diagnostic only: active lazy cut remains unchanged in v3a
[V3A-FEAS] front_prune_tests_run=5
[V3A-FEAS] infeasible route detected
[V3A-FEAS] route_arc_ids=[0, 3595, 3632, 3543, 2397, 3084, 2250, 3570]
[V3A-FEAS] route_len=8 skeleton_len=18 fail_i=11
[V3A-FEAS] failed_skeleton_edge=C11->C16
[V3A-FEAS] covering_arc_pos=6 covering_arc_id=2250
[V3A-FEAS] current_full_route_cut_size=8
[V3A-FEAS] prefix_through_failure_size=7 prefix_arc_ids=[0, 3595, 3632, 3543, 2397, 3084, 2250]
[V3A-FEAS] front_prune_test start_pos=0 candidate_size=7 candidate_ok=False candidate_fail_i=11 candidate_skeleton_len=16 candidate_arc_ids=[0, 3595, 3632, 3543, 2397, 3084, 2250]
[V3A-FEAS] front_prune_test start_pos=1 candidate_size=6 candidate_ok=False candidate_fail_i=10 candidate_skeleton_len=15 candidate_arc_ids=[3595, 3632, 3543, 2397, 3084, 2250]
[V3A-FEAS] front_prune_test start_pos=2 candidate_size=5 candidate_ok=True candidate_fail_i=None candidate_skeleton_len=13 candidate_arc_ids=[3632, 3543, 2397, 3084, 2250]
[V3A-FEAS] front_prune_test start_pos=3 candidate_size=4 candidate_ok=True candidate_fail_i=None candidate_skeleton_len=11 candidate_arc_ids=[3543, 2397, 3084, 2250]
[V3A-FEAS] front_prune_test start_pos=4 candidate_size=3 candidate_ok=True candidate_fail_i=None candidate_skeleton_len=9 candidate_arc_ids=[2397, 3084, 2250]
[V3A-FEAS] front_prune_test start_pos=5 candidate_size=2 candidate_ok=True candidate_fail_i=None candidate_skeleton_len=7 candidate_arc_ids=[3084, 2250]
[V3A-FEAS] front_prune_test start_pos=6 candidate_size=1 candidate_ok=True candidate_fail_i=None candidate_skeleton_len=5 candidate_arc_ids=[2250]
[V3A-FEAS] smallest_observed_front_pruned_bad_size=6
[V3A-FEAS] smallest_observed_front_pruned_bad_arc_ids=[3595, 3632, 3543, 2397, 3084, 2250]
[V3A-FEAS] diagnostic only: active lazy cut remains unchanged in v3a
[V3A-FEAS] front_prune_tests_run=7
[V3A-FEAS] infeasible route detected
[V3A-FEAS] route_arc_ids=[6, 3542, 2391, 3595, 3629, 1669, 3611, 3570]
[V3A-FEAS] route_len=8 skeleton_len=18 fail_i=9
[V3A-FEAS] failed_skeleton_edge=C10->C16
[V3A-FEAS] covering_arc_pos=5 covering_arc_id=1669
[V3A-FEAS] current_full_route_cut_size=8
[V3A-FEAS] prefix_through_failure_size=6 prefix_arc_ids=[6, 3542, 2391, 3595, 3629, 1669]
[V3A-FEAS] front_prune_test start_pos=0 candidate_size=6 candidate_ok=False candidate_fail_i=9 candidate_skeleton_len=14 candidate_arc_ids=[6, 3542, 2391, 3595, 3629, 1669]
[V3A-FEAS] front_prune_test start_pos=1 candidate_size=5 candidate_ok=False candidate_fail_i=8 candidate_skeleton_len=13 candidate_arc_ids=[3542, 2391, 3595, 3629, 1669]
[V3A-FEAS] front_prune_test start_pos=2 candidate_size=4 candidate_ok=False candidate_fail_i=6 candidate_skeleton_len=11 candidate_arc_ids=[2391, 3595, 3629, 1669]
[V3A-FEAS] front_prune_test start_pos=3 candidate_size=3 candidate_ok=False candidate_fail_i=4 candidate_skeleton_len=9 candidate_arc_ids=[3595, 3629, 1669]
[V3A-FEAS] front_prune_test start_pos=4 candidate_size=2 candidate_ok=True candidate_fail_i=None candidate_skeleton_len=7 candidate_arc_ids=[3629, 1669]
[V3A-FEAS] front_prune_test start_pos=5 candidate_size=1 candidate_ok=True candidate_fail_i=None candidate_skeleton_len=5 candidate_arc_ids=[1669]
[V3A-FEAS] smallest_observed_front_pruned_bad_size=3
[V3A-FEAS] smallest_observed_front_pruned_bad_arc_ids=[3595, 3629, 1669]
[V3A-FEAS] diagnostic only: active lazy cut remains unchanged in v3a
[V3A-FEAS] front_prune_tests_run=6
[V3A-FEAS] infeasible route detected
[V3A-FEAS] route_arc_ids=[0, 3595, 3632, 3543, 2397, 2577, 2005, 3570]
[V3A-FEAS] route_len=8 skeleton_len=18 fail_i=9
[V3A-FEAS] failed_skeleton_edge=C10->C16
[V3A-FEAS] covering_arc_pos=5 covering_arc_id=2577
[V3A-FEAS] current_full_route_cut_size=8
[V3A-FEAS] prefix_through_failure_size=6 prefix_arc_ids=[0, 3595, 3632, 3543, 2397, 2577]
[V3A-FEAS] front_prune_test start_pos=0 candidate_size=6 candidate_ok=False candidate_fail_i=9 candidate_skeleton_len=13 candidate_arc_ids=[0, 3595, 3632, 3543, 2397, 2577]
[V3A-FEAS] front_prune_test start_pos=1 candidate_size=5 candidate_ok=False candidate_fail_i=8 candidate_skeleton_len=12 candidate_arc_ids=[3595, 3632, 3543, 2397, 2577]
[V3A-FEAS] front_prune_test start_pos=2 candidate_size=4 candidate_ok=True candidate_fail_i=None candidate_skeleton_len=10 candidate_arc_ids=[3632, 3543, 2397, 2577]
[V3A-FEAS] front_prune_test start_pos=3 candidate_size=3 candidate_ok=True candidate_fail_i=None candidate_skeleton_len=8 candidate_arc_ids=[3543, 2397, 2577]
[V3A-FEAS] front_prune_test start_pos=4 candidate_size=2 candidate_ok=True candidate_fail_i=None candidate_skeleton_len=6 candidate_arc_ids=[2397, 2577]
[V3A-FEAS] front_prune_test start_pos=5 candidate_size=1 candidate_ok=True candidate_fail_i=None candidate_skeleton_len=4 candidate_arc_ids=[2577]
[V3A-FEAS] smallest_observed_front_pruned_bad_size=5
[V3A-FEAS] smallest_observed_front_pruned_bad_arc_ids=[3595, 3632, 3543, 2397, 2577]
[V3A-FEAS] diagnostic only: active lazy cut remains unchanged in v3a
[V3A-FEAS] front_prune_tests_run=6
[V3A-FEAS] infeasible route detected
[V3A-FEAS] route_arc_ids=[0, 3595, 3632, 3543, 2395, 1844, 2592, 1994]
[V3A-FEAS] route_len=8 skeleton_len=18 fail_i=11
[V3A-FEAS] failed_skeleton_edge=C9->C16
[V3A-FEAS] covering_arc_pos=5 covering_arc_id=1844
[V3A-FEAS] current_full_route_cut_size=8
[V3A-FEAS] prefix_through_failure_size=6 prefix_arc_ids=[0, 3595, 3632, 3543, 2395, 1844]
[V3A-FEAS] front_prune_test start_pos=0 candidate_size=6 candidate_ok=False candidate_fail_i=11 candidate_skeleton_len=13 candidate_arc_ids=[0, 3595, 3632, 3543, 2395, 1844]
[V3A-FEAS] front_prune_test start_pos=1 candidate_size=5 candidate_ok=False candidate_fail_i=10 candidate_skeleton_len=12 candidate_arc_ids=[3595, 3632, 3543, 2395, 1844]
[V3A-FEAS] front_prune_test start_pos=2 candidate_size=4 candidate_ok=False candidate_fail_i=8 candidate_skeleton_len=10 candidate_arc_ids=[3632, 3543, 2395, 1844]
[V3A-FEAS] front_prune_test start_pos=3 candidate_size=3 candidate_ok=False candidate_fail_i=6 candidate_skeleton_len=8 candidate_arc_ids=[3543, 2395, 1844]
[V3A-FEAS] front_prune_test start_pos=4 candidate_size=2 candidate_ok=False candidate_fail_i=4 candidate_skeleton_len=6 candidate_arc_ids=[2395, 1844]
[V3A-FEAS] front_prune_test start_pos=5 candidate_size=1 candidate_ok=True candidate_fail_i=None candidate_skeleton_len=4 candidate_arc_ids=[1844]
[V3A-FEAS] smallest_observed_front_pruned_bad_size=2
[V3A-FEAS] smallest_observed_front_pruned_bad_arc_ids=[2395, 1844]
[V3A-FEAS] diagnostic only: active lazy cut remains unchanged in v3a
[V3A-FEAS] front_prune_tests_run=6
[V3A-FEAS] infeasible route detected
[V3A-FEAS] route_arc_ids=[6, 3542, 2391, 3595, 3630, 3123, 149]
[V3A-FEAS] route_len=7 skeleton_len=18 fail_i=9
[V3A-FEAS] failed_skeleton_edge=C11->C16
[V3A-FEAS] covering_arc_pos=5 covering_arc_id=3123
[V3A-FEAS] current_full_route_cut_size=7
[V3A-FEAS] prefix_through_failure_size=6 prefix_arc_ids=[6, 3542, 2391, 3595, 3630, 3123]
[V3A-FEAS] front_prune_test start_pos=0 candidate_size=6 candidate_ok=False candidate_fail_i=9 candidate_skeleton_len=13 candidate_arc_ids=[6, 3542, 2391, 3595, 3630, 3123]
[V3A-FEAS] front_prune_test start_pos=1 candidate_size=5 candidate_ok=False candidate_fail_i=8 candidate_skeleton_len=12 candidate_arc_ids=[3542, 2391, 3595, 3630, 3123]
[V3A-FEAS] front_prune_test start_pos=2 candidate_size=4 candidate_ok=False candidate_fail_i=6 candidate_skeleton_len=10 candidate_arc_ids=[2391, 3595, 3630, 3123]
[V3A-FEAS] front_prune_test start_pos=3 candidate_size=3 candidate_ok=False candidate_fail_i=4 candidate_skeleton_len=8 candidate_arc_ids=[3595, 3630, 3123]
[V3A-FEAS] front_prune_test start_pos=4 candidate_size=2 candidate_ok=True candidate_fail_i=None candidate_skeleton_len=6 candidate_arc_ids=[3630, 3123]
[V3A-FEAS] front_prune_test start_pos=5 candidate_size=1 candidate_ok=True candidate_fail_i=None candidate_skeleton_len=4 candidate_arc_ids=[3123]
[V3A-FEAS] smallest_observed_front_pruned_bad_size=3
[V3A-FEAS] smallest_observed_front_pruned_bad_arc_ids=[3595, 3630, 3123]
[V3A-FEAS] diagnostic only: active lazy cut remains unchanged in v3a
[V3A-FEAS] front_prune_tests_run=6
[V3A-FEAS] infeasible route detected
[V3A-FEAS] route_arc_ids=[0, 3595, 3632, 3542, 2395, 3578, 3614, 1657]
[V3A-FEAS] route_len=8 skeleton_len=18 fail_i=13
[V3A-FEAS] failed_skeleton_edge=C10->C16
[V3A-FEAS] covering_arc_pos=7 covering_arc_id=1657
[V3A-FEAS] current_full_route_cut_size=8
[V3A-FEAS] prefix_through_failure_size=8 prefix_arc_ids=[0, 3595, 3632, 3542, 2395, 3578, 3614, 1657]
[V3A-FEAS] front_prune_test start_pos=0 candidate_size=8 candidate_ok=False candidate_fail_i=13 candidate_skeleton_len=18 candidate_arc_ids=[0, 3595, 3632, 3542, 2395, 3578, 3614, 1657]
[V3A-FEAS] front_prune_test start_pos=1 candidate_size=7 candidate_ok=False candidate_fail_i=12 candidate_skeleton_len=17 candidate_arc_ids=[3595, 3632, 3542, 2395, 3578, 3614, 1657]
[V3A-FEAS] front_prune_test start_pos=2 candidate_size=6 candidate_ok=False candidate_fail_i=10 candidate_skeleton_len=15 candidate_arc_ids=[3632, 3542, 2395, 3578, 3614, 1657]
[V3A-FEAS] front_prune_test start_pos=3 candidate_size=5 candidate_ok=False candidate_fail_i=8 candidate_skeleton_len=13 candidate_arc_ids=[3542, 2395, 3578, 3614, 1657]
[V3A-FEAS] front_prune_test start_pos=4 candidate_size=4 candidate_ok=False candidate_fail_i=6 candidate_skeleton_len=11 candidate_arc_ids=[2395, 3578, 3614, 1657]
[V3A-FEAS] front_prune_test start_pos=5 candidate_size=3 candidate_ok=False candidate_fail_i=4 candidate_skeleton_len=9 candidate_arc_ids=[3578, 3614, 1657]
[V3A-FEAS] front_prune_test start_pos=6 candidate_size=2 candidate_ok=False candidate_fail_i=2 candidate_skeleton_len=7 candidate_arc_ids=[3614, 1657]
[V3A-FEAS] front_prune_test start_pos=7 candidate_size=1 candidate_ok=True candidate_fail_i=None candidate_skeleton_len=5 candidate_arc_ids=[1657]
[V3A-FEAS] smallest_observed_front_pruned_bad_size=2
[V3A-FEAS] smallest_observed_front_pruned_bad_arc_ids=[3614, 1657]
[V3A-FEAS] diagnostic only: active lazy cut remains unchanged in v3a
[V3A-FEAS] front_prune_tests_run=8
[V3A-FEAS] infeasible route detected
[V3A-FEAS] route_arc_ids=[0, 3595, 3632, 3542, 2397, 3094, 1720, 3611, 3570]
[V3A-FEAS] route_len=9 skeleton_len=18 fail_i=10
[V3A-FEAS] failed_skeleton_edge=C12->C16
[V3A-FEAS] covering_arc_pos=5 covering_arc_id=3094
[V3A-FEAS] current_full_route_cut_size=9
[V3A-FEAS] prefix_through_failure_size=6 prefix_arc_ids=[0, 3595, 3632, 3542, 2397, 3094]
[V3A-FEAS] front_prune_test start_pos=0 candidate_size=6 candidate_ok=False candidate_fail_i=10 candidate_skeleton_len=12 candidate_arc_ids=[0, 3595, 3632, 3542, 2397, 3094]
[V3A-FEAS] front_prune_test start_pos=1 candidate_size=5 candidate_ok=False candidate_fail_i=9 candidate_skeleton_len=11 candidate_arc_ids=[3595, 3632, 3542, 2397, 3094]
[V3A-FEAS] front_prune_test start_pos=2 candidate_size=4 candidate_ok=True candidate_fail_i=None candidate_skeleton_len=9 candidate_arc_ids=[3632, 3542, 2397, 3094]
[V3A-FEAS] front_prune_test start_pos=3 candidate_size=3 candidate_ok=True candidate_fail_i=None candidate_skeleton_len=7 candidate_arc_ids=[3542, 2397, 3094]
[V3A-FEAS] front_prune_test start_pos=4 candidate_size=2 candidate_ok=True candidate_fail_i=None candidate_skeleton_len=5 candidate_arc_ids=[2397, 3094]
[V3A-FEAS] front_prune_test start_pos=5 candidate_size=1 candidate_ok=True candidate_fail_i=None candidate_skeleton_len=3 candidate_arc_ids=[3094]
[V3A-FEAS] smallest_observed_front_pruned_bad_size=5
[V3A-FEAS] smallest_observed_front_pruned_bad_arc_ids=[3595, 3632, 3542, 2397, 3094]
[V3A-FEAS] diagnostic only: active lazy cut remains unchanged in v3a
[V3A-FEAS] front_prune_tests_run=6
[V3A-FEAS] infeasible route detected
[V3A-FEAS] route_arc_ids=[0, 3595, 3632, 3543, 2397, 3085, 2251, 3570]
[V3A-FEAS] route_len=8 skeleton_len=18 fail_i=11
[V3A-FEAS] failed_skeleton_edge=C11->C16
[V3A-FEAS] covering_arc_pos=6 covering_arc_id=2251
[V3A-FEAS] current_full_route_cut_size=8
[V3A-FEAS] prefix_through_failure_size=7 prefix_arc_ids=[0, 3595, 3632, 3543, 2397, 3085, 2251]
[V3A-FEAS] front_prune_test start_pos=0 candidate_size=7 candidate_ok=False candidate_fail_i=11 candidate_skeleton_len=16 candidate_arc_ids=[0, 3595, 3632, 3543, 2397, 3085, 2251]
[V3A-FEAS] front_prune_test start_pos=1 candidate_size=6 candidate_ok=False candidate_fail_i=10 candidate_skeleton_len=15 candidate_arc_ids=[3595, 3632, 3543, 2397, 3085, 2251]
[V3A-FEAS] front_prune_test start_pos=2 candidate_size=5 candidate_ok=True candidate_fail_i=None candidate_skeleton_len=13 candidate_arc_ids=[3632, 3543, 2397, 3085, 2251]
[V3A-FEAS] front_prune_test start_pos=3 candidate_size=4 candidate_ok=True candidate_fail_i=None candidate_skeleton_len=11 candidate_arc_ids=[3543, 2397, 3085, 2251]
[V3A-FEAS] front_prune_test start_pos=4 candidate_size=3 candidate_ok=True candidate_fail_i=None candidate_skeleton_len=9 candidate_arc_ids=[2397, 3085, 2251]
[V3A-FEAS] front_prune_test start_pos=5 candidate_size=2 candidate_ok=True candidate_fail_i=None candidate_skeleton_len=7 candidate_arc_ids=[3085, 2251]
[V3A-FEAS] front_prune_test start_pos=6 candidate_size=1 candidate_ok=True candidate_fail_i=None candidate_skeleton_len=5 candidate_arc_ids=[2251]
[V3A-FEAS] smallest_observed_front_pruned_bad_size=6
[V3A-FEAS] smallest_observed_front_pruned_bad_arc_ids=[3595, 3632, 3543, 2397, 3085, 2251]
[V3A-FEAS] diagnostic only: active lazy cut remains unchanged in v3a
[V3A-FEAS] front_prune_tests_run=7
[V3A-FEAS] infeasible route detected
[V3A-FEAS] route_arc_ids=[0, 3595, 3632, 3542, 2399, 2251, 3576, 3072]
[V3A-FEAS] route_len=8 skeleton_len=18 fail_i=9
[V3A-FEAS] failed_skeleton_edge=C11->C16
[V3A-FEAS] covering_arc_pos=5 covering_arc_id=2251
[V3A-FEAS] current_full_route_cut_size=8
[V3A-FEAS] prefix_through_failure_size=6 prefix_arc_ids=[0, 3595, 3632, 3542, 2399, 2251]
[V3A-FEAS] front_prune_test start_pos=0 candidate_size=6 candidate_ok=False candidate_fail_i=9 candidate_skeleton_len=14 candidate_arc_ids=[0, 3595, 3632, 3542, 2399, 2251]
[V3A-FEAS] front_prune_test start_pos=1 candidate_size=5 candidate_ok=False candidate_fail_i=8 candidate_skeleton_len=13 candidate_arc_ids=[3595, 3632, 3542, 2399, 2251]
[V3A-FEAS] front_prune_test start_pos=2 candidate_size=4 candidate_ok=True candidate_fail_i=None candidate_skeleton_len=11 candidate_arc_ids=[3632, 3542, 2399, 2251]
[V3A-FEAS] front_prune_test start_pos=3 candidate_size=3 candidate_ok=True candidate_fail_i=None candidate_skeleton_len=9 candidate_arc_ids=[3542, 2399, 2251]
[V3A-FEAS] front_prune_test start_pos=4 candidate_size=2 candidate_ok=True candidate_fail_i=None candidate_skeleton_len=7 candidate_arc_ids=[2399, 2251]
[V3A-FEAS] front_prune_test start_pos=5 candidate_size=1 candidate_ok=True candidate_fail_i=None candidate_skeleton_len=5 candidate_arc_ids=[2251]
[V3A-FEAS] smallest_observed_front_pruned_bad_size=5
[V3A-FEAS] smallest_observed_front_pruned_bad_arc_ids=[3595, 3632, 3542, 2399, 2251]
[V3A-FEAS] diagnostic only: active lazy cut remains unchanged in v3a
[V3A-FEAS] front_prune_tests_run=6
[V3A-FEAS] infeasible route detected
[V3A-FEAS] route_arc_ids=[0, 3595, 3632, 3542, 2399, 3123, 2758, 2058]
[V3A-FEAS] route_len=8 skeleton_len=18 fail_i=9
[V3A-FEAS] failed_skeleton_edge=C11->C16
[V3A-FEAS] covering_arc_pos=5 covering_arc_id=3123
[V3A-FEAS] current_full_route_cut_size=8
[V3A-FEAS] prefix_through_failure_size=6 prefix_arc_ids=[0, 3595, 3632, 3542, 2399, 3123]
[V3A-FEAS] front_prune_test start_pos=0 candidate_size=6 candidate_ok=False candidate_fail_i=9 candidate_skeleton_len=13 candidate_arc_ids=[0, 3595, 3632, 3542, 2399, 3123]
[V3A-FEAS] front_prune_test start_pos=1 candidate_size=5 candidate_ok=False candidate_fail_i=8 candidate_skeleton_len=12 candidate_arc_ids=[3595, 3632, 3542, 2399, 3123]
[V3A-FEAS] front_prune_test start_pos=2 candidate_size=4 candidate_ok=True candidate_fail_i=None candidate_skeleton_len=10 candidate_arc_ids=[3632, 3542, 2399, 3123]
[V3A-FEAS] front_prune_test start_pos=3 candidate_size=3 candidate_ok=True candidate_fail_i=None candidate_skeleton_len=8 candidate_arc_ids=[3542, 2399, 3123]
[V3A-FEAS] front_prune_test start_pos=4 candidate_size=2 candidate_ok=True candidate_fail_i=None candidate_skeleton_len=6 candidate_arc_ids=[2399, 3123]
[V3A-FEAS] front_prune_test start_pos=5 candidate_size=1 candidate_ok=True candidate_fail_i=None candidate_skeleton_len=4 candidate_arc_ids=[3123]
[V3A-FEAS] smallest_observed_front_pruned_bad_size=5
[V3A-FEAS] smallest_observed_front_pruned_bad_arc_ids=[3595, 3632, 3542, 2399, 3123]
[V3A-FEAS] diagnostic only: active lazy cut remains unchanged in v3a
[V3A-FEAS] front_prune_tests_run=6
{
  "base_paths": 54183,
  "callback_core_source_sha256": null,
  "extended_dedup": 6549,
  "extended_meta": 6549,
  "extended_raw": 6549,
  "extended_undominated": 3634,
  "force_exact_k": true,
  "fragment_core_source_sha256": "268a9af84b26b04b5669f5fecb58aa08ba01e1cdc8f7d58739ff37f28593f15e",
  "instance": "instances\\c103C16.txt",
  "k_max": 1,
  "master_core_source_sha256": "268a9af84b26b04b5669f5fecb58aa08ba01e1cdc8f7d58739ff37f28593f15e",
  "max_base_path_len": 18,
  "objective": 342.9712204540126,
  "package": "evrp_fragments_consolidated_v1e_remove_legacy_runtime",
  "restricted_dedup": 100667,
  "restricted_meta": 100667,
  "restricted_raw": 470908,
  "restricted_undominated": 1589,
  "selected_arc_count": 8,
  "selected_arc_ids": [
    7,
    1720,
    1830,
    2389,
    3542,
    3595,
    3611,
    3632
  ],
  "status": 2,
  "theta": 5.277358743667758,
  "use_callback": true
}

